driver_id,name,email,phone,registration_date,vehicle_type,license_plate,city,rating,is_active
DRV000001,Brittany Patterson,brittany13@yahoo.com,+1-408-342-2679,2026-02-05,Van,XCK1488,Mission District,3.72,True
DRV000002,Martha Dotson,martha.d@yahoo.com,+1-831-425-8359,2026-04-20,Luxury,VAU7924,Castro,4.27,True
DRV000003,Sharon Underwood,sharon.underwood@outlook.com,+1-510-567-6635,2025-06-13,Sedan,USN7201,Mission District,4.4,True
DRV000004,Bruce Horne,bruce.h@yahoo.com,+1-510-246-4733,2026-01-19,Sedan,ZWW7227,Pacific Heights,3.85,True
DRV000005,Janet Hunt,janet57@yahoo.com,+1-925-918-2169,2026-01-11,Economy,ESE7216,Pacific Heights,4.8,False
DRV000006,Brittany Barron,brittany38@gmail.com,+1-408-232-6168,2025-11-13,Sedan,2FYW422,Marina,4.29,True
DRV000007,Diane Acevedo,dianeacevedo@hotmail.com,+1-650-452-9830,2026-04-07,SUV,7XKF241,Chinatown,4.8,True
DRV000008,Ashley Gomez,ashleygomez@aol.com,+1-650-896-7916,2025-12-09,Sedan,KPM5119,Chinatown,4.36,False
DRV000009,John Graham,john.g@hotmail.com,+1-707-314-5808,2026-04-22,Sedan,8ASS612,San Jose,4.3,True
DRV000010,Margaret Waller,margaret.w@icloud.com,+1-408-356-7126,2026-03-02,SUV,OUN1009,Financial District,4.5,True
DRV000011,Robert Patterson,robert56@yahoo.com,+1-415-446-2290,2025-08-07,Sedan,8VZN228,SOMA,4.1,True
DRV000012,Austin Palmer,austin.p@icloud.com,+1-831-416-9835,2026-02-10,Sedan,RSK7118,North Beach,3.9,False
DRV000013,Evelyn Cole,evelyncole@gmail.com,+1-707-221-4770,2026-02-22,Sedan,ASB2104,Mountain View,3.85,True
DRV000014,Frank Howard,frankhoward@hotmail.com,+1-209-419-9834,2026-04-08,Economy,8GMK196,Mission District,3.63,True
DRV000015,Alexander Keith,akeith@aol.com,+1-415-889-2612,2025-12-18,SUV,6UCE649,North Beach,4.43,True
DRV000016,George Waters,georgewaters@gmail.com,+1-209-763-2604,2025-02-26,Sedan,9VZY969,Marina,4.68,True
DRV000017,Walter Orr,worr@gmail.com,+1-650-588-1035,2026-02-28,Sedan,GUL7930,Berkeley,4.33,False
DRV000018,Carl Osborn,carlosborn@yahoo.com,+1-925-422-1958,2025-03-25,SUV,OTB8811,Chinatown,4.29,False
DRV000019,Sara Shaw,sara.s@gmail.com,+1-650-270-2113,2025-06-28,Luxury,GDX5033,Financial District,4.39,True
DRV000020,Joe Bennett,joe.b@icloud.com,+1-707-467-4346,2026-04-08,Sedan,IGD5915,North Beach,4.05,True
DRV000021,Bobby Kim,bkim@icloud.com,+1-510-275-9808,2026-02-08,Van,5DJB350,Castro,3.72,True
DRV000022,Nathan Bauer,nathan.b@aol.com,+1-415-883-5905,2025-11-12,SUV,CWG2753,Berkeley,4.1,True
DRV000023,Anna Schwartz,annaschwartz@aol.com,+1-707-408-5325,2024-03-28,Sedan,GXB7939,Palo Alto,4.2,True
DRV000024,James Wilkins,james26@yahoo.com,+1-209-764-8007,2026-02-07,SUV,CYR3442,Chinatown,3.38,True
DRV000025,Jack Dudley,jackdudley@outlook.com,+1-650-242-6050,2026-02-20,Sedan,1XFG205,Castro,4.51,True
DRV000026,Jose Hebert,josehebert@yahoo.com,+1-650-622-1406,2025-12-22,Sedan,6UKR852,San Jose,3.73,True
DRV000027,Kenneth Vasquez,kenneth.vasquez@outlook.com,+1-408-404-8541,2024-12-20,Sedan,4FRK385,Palo Alto,4.26,True
DRV000028,Cynthia Waters,cynthia.w@outlook.com,+1-707-228-2889,2026-03-08,Economy,GPZ1626,Mission District,3.7,True
DRV000029,Raymond Patrick,raymond.p@icloud.com,+1-510-594-4114,2026-04-13,Luxury,7AYN836,Berkeley,3.98,True
DRV000030,Ronald Vazquez,ronald.vazquez@aol.com,+1-707-838-6143,2025-09-09,Luxury,DXN7691,Castro,4.18,True
DRV000031,Emma Weeks,emmaweeks@outlook.com,+1-831-893-3851,2026-03-30,Luxury,HOA5700,Marina,4.62,True
DRV000032,Dylan Richmond,dylan93@outlook.com,+1-209-652-4501,2025-12-08,Economy,UYT2389,Pacific Heights,3.58,True
DRV000033,Gabriel Shepard,gabriel.shepard@yahoo.com,+1-925-430-4262,2026-02-19,Economy,1GMW174,North Beach,4.3,True
DRV000034,Rose Woodward,rwoodward@outlook.com,+1-831-449-3417,2026-04-13,Sedan,ATU2746,San Jose,4.48,True
DRV000035,Amanda Gentry,amanda.gentry@icloud.com,+1-408-324-8478,2025-03-26,SUV,8RZP873,Mountain View,3.56,True
DRV000036,Vincent Hurst,vincent.h@outlook.com,+1-650-961-8777,2026-03-22,Economy,4VHU596,Oakland,3.73,True
DRV000037,Nathan Brooks,nathanbrooks@hotmail.com,+1-707-527-9849,2025-02-11,Sedan,3GSS165,Haight-Ashbury,4.41,True
DRV000038,Sean Callahan,sean.callahan@yahoo.com,+1-831-598-1320,2026-02-27,Sedan,TJA6763,Pacific Heights,3.73,True
DRV000039,Victoria Landry,victoria.l@yahoo.com,+1-209-424-5471,2024-12-21,Economy,1KRU841,SOMA,3.98,False
DRV000040,Steven Cardenas,steven.cardenas@outlook.com,+1-415-285-8022,2026-04-03,SUV,8EGI565,Castro,4.11,True
DRV000041,Maria Simon,maria63@gmail.com,+1-209-219-9837,2026-02-09,Sedan,6FBY141,San Jose,4.17,True
DRV000042,Amy Hart,amy.h@yahoo.com,+1-408-329-8758,2025-12-23,SUV,OFS7043,SOMA,3.89,True
DRV000043,Angela Graham,angela30@gmail.com,+1-415-519-7149,2025-03-29,Sedan,4BRQ204,Berkeley,4.22,True
DRV000044,Alexis Crosby,alexis.c@gmail.com,+1-707-745-8018,2026-01-08,SUV,BQA7882,Palo Alto,4.87,True
DRV000045,Douglas Sawyer,dsawyer@aol.com,+1-650-645-3885,2025-06-23,Sedan,ZHV9817,San Jose,4.7,True
DRV000046,Christina Haley,christina44@yahoo.com,+1-510-485-8385,2025-11-06,Sedan,8ORI606,Palo Alto,4.56,True
DRV000047,Walter Ray,walter55@hotmail.com,+1-925-810-5526,2025-09-09,Van,NEG7658,North Beach,3.53,True
DRV000048,Kathleen Wilkinson,kwilkinson@outlook.com,+1-415-295-5820,2026-01-16,Sedan,4HPM643,Castro,4.0,True
DRV000049,Philip Estes,philip52@aol.com,+1-209-477-6023,2026-03-31,Sedan,2SIT880,Berkeley,4.44,True
DRV000050,Sharon Preston,sharon.p@icloud.com,+1-925-302-4180,2024-10-20,Economy,6EAN380,Downtown SF,4.27,False
DRV000051,Julia Buchanan,juliabuchanan@aol.com,+1-209-305-1200,2026-02-10,Economy,MLE1841,Pacific Heights,4.03,False
DRV000052,Jeremy Hamilton,jhamilton@outlook.com,+1-510-790-1878,2025-12-30,SUV,5CGO526,Financial District,4.72,True
DRV000053,Joe Guerrero,jguerrero@outlook.com,+1-209-504-8025,2025-10-31,Sedan,1PTY312,Oakland,4.87,True
DRV000054,Jane Bennett,janebennett@yahoo.com,+1-510-360-1043,2025-10-19,Sedan,8HGS819,Palo Alto,4.56,True
DRV000055,Alexis Nunez,alexis.n@aol.com,+1-408-635-2880,2024-12-09,SUV,QXV2169,Downtown SF,4.84,True
DRV000056,Brandon Russo,brandon82@outlook.com,+1-510-679-5982,2024-12-06,Sedan,YNM2317,Financial District,4.58,True
DRV000057,Douglas Roberson,douglas87@gmail.com,+1-510-434-1339,2025-05-30,Sedan,RHB3870,North Beach,3.68,True
DRV000058,Joan Simon,joan.s@outlook.com,+1-209-293-8700,2025-11-03,Luxury,6ICE521,Berkeley,4.18,True
DRV000059,Jane Fischer,jane.fischer@outlook.com,+1-510-522-5135,2025-08-24,Economy,7WVA990,Chinatown,4.23,True
DRV000060,Susan Payne,susan76@icloud.com,+1-209-840-8242,2026-02-14,Luxury,FOY8178,Mountain View,3.67,True
DRV000061,Ashley Young,ashley.y@yahoo.com,+1-650-518-1224,2026-04-11,Luxury,CZX8560,Mission District,4.5,True
DRV000062,Michelle Conway,michelle.c@aol.com,+1-925-625-8905,2026-02-01,Sedan,GOJ9327,Berkeley,4.4,False
DRV000063,Sarah Greer,sarah63@icloud.com,+1-925-202-5634,2025-11-02,SUV,VPR3434,North Beach,4.62,True
DRV000064,Raymond Singleton,raymond.s@outlook.com,+1-209-529-4090,2025-07-22,Economy,GJW7730,Downtown SF,4.64,True
DRV000065,Cheryl Kirby,cherylkirby@outlook.com,+1-415-329-9229,2026-01-16,Luxury,ICV2633,Chinatown,4.25,False
DRV000066,Patricia Chen,patriciachen@gmail.com,+1-209-471-6546,2025-11-08,Sedan,KCI9742,Haight-Ashbury,4.54,False
DRV000067,Bruce Stephenson,bruce.stephenson@icloud.com,+1-510-440-5708,2025-09-22,Sedan,TLC2646,North Beach,4.64,True
DRV000068,Scott Young,scott15@gmail.com,+1-925-567-7141,2024-03-23,Economy,4NOU274,SOMA,4.22,True
DRV000069,Maria Shepard,mariashepard@outlook.com,+1-650-437-8555,2026-01-21,Luxury,LRX8622,Mountain View,4.67,True
DRV000070,Marie Shaw,mshaw@hotmail.com,+1-925-854-7951,2026-04-20,Sedan,LHZ8916,Mission District,4.66,True
DRV000071,Lawrence Gates,lawrence83@aol.com,+1-925-222-7484,2024-09-18,Sedan,1XTV393,San Jose,4.56,True
DRV000072,Marilyn Marquez,marilynmarquez@icloud.com,+1-925-894-3240,2026-04-28,Van,XQI8222,Downtown SF,4.33,True
DRV000073,Deborah Ford,deborah21@hotmail.com,+1-831-379-4289,2024-08-11,SUV,9WJN379,Palo Alto,4.17,True
DRV000074,Andrea Roy,andrea.roy@outlook.com,+1-510-344-4696,2025-11-23,Luxury,SZZ6992,Mission District,4.8,True
DRV000075,Patricia Gibbs,patricia.gibbs@outlook.com,+1-707-888-5295,2026-01-08,Sedan,VYC4830,North Beach,4.02,True
DRV000076,Grace Casey,gracecasey@aol.com,+1-510-850-8606,2025-09-27,SUV,HKD1609,Pacific Heights,4.65,False
DRV000077,Sandra Jenkins,sandra.j@yahoo.com,+1-831-664-7078,2025-02-19,Economy,TYK3531,Mountain View,2.85,True
DRV000078,Betty Rojas,brojas@hotmail.com,+1-415-906-7070,2026-04-22,Sedan,8YWC802,Castro,4.64,True
DRV000079,Diana Gates,dgates@hotmail.com,+1-408-325-8450,2025-11-19,Sedan,4QPA905,Castro,3.63,True
DRV000080,Steven Mcconnell,steven.mcconnell@icloud.com,+1-408-800-4538,2026-04-20,Luxury,GUU1046,Pacific Heights,4.27,False
DRV000081,Donna Murray,donna79@yahoo.com,+1-510-876-1422,2025-05-24,Sedan,6UGI278,Pacific Heights,4.09,True
DRV000082,Amy Whitehead,amy.whitehead@aol.com,+1-510-687-8344,2026-03-15,Economy,NCN1710,Berkeley,3.06,False
DRV000083,Willie Ayers,wayers@aol.com,+1-415-262-8847,2025-12-19,Economy,LCS8267,Mission District,4.47,False
DRV000084,Samuel Meadows,samuel.meadows@yahoo.com,+1-925-839-9984,2025-04-19,SUV,JPH9282,Financial District,3.8,True
DRV000085,Olivia Graham,olivia.g@aol.com,+1-408-640-8398,2026-04-04,Sedan,KVK2557,Castro,4.9,True
DRV000086,Alan Pope,alanpope@aol.com,+1-209-268-2494,2025-03-04,Sedan,CCT3131,Chinatown,4.51,True
DRV000087,Grace Blevins,grace.blevins@outlook.com,+1-707-881-7929,2025-05-09,Luxury,SZP6761,Mission District,3.83,True
DRV000088,Jason Gordon,jgordon@yahoo.com,+1-510-558-7022,2025-12-29,Sedan,5OUV885,Palo Alto,3.52,True
DRV000089,Juan Acevedo,juan.acevedo@icloud.com,+1-925-229-3955,2026-04-06,Sedan,5XJE246,Financial District,4.69,True
DRV000090,Sarah Vargas,sarah.vargas@gmail.com,+1-408-585-7878,2025-03-18,SUV,3JSU681,Financial District,3.74,True
DRV000091,Susan Mendez,susan.m@gmail.com,+1-510-478-8259,2026-03-28,Sedan,MLH9394,Mission District,4.67,True
DRV000092,Mark Houston,mark.h@outlook.com,+1-925-246-4612,2025-12-25,Economy,1AHF240,San Jose,4.0,True
DRV000093,Katherine West,kwest@aol.com,+1-831-379-3116,2026-04-19,Sedan,4NVU173,Haight-Ashbury,4.08,False
DRV000094,David Booth,dbooth@gmail.com,+1-707-789-8033,2026-02-06,SUV,SKC1341,Castro,3.02,True
DRV000095,Joe Blankenship,joe98@gmail.com,+1-831-308-4986,2026-04-24,Sedan,7NKI447,Marina,4.27,True
DRV000096,Carol Watson,carol.watson@icloud.com,+1-408-994-6724,2026-04-10,SUV,3GDF716,SOMA,3.7,True
DRV000097,Abigail Richardson,arichardson@outlook.com,+1-209-897-6295,2026-04-27,Sedan,QDB8245,Oakland,4.62,True
DRV000098,Stephen Buckley,stephen17@icloud.com,+1-510-517-8565,2025-11-19,Economy,1JHQ975,Mission District,3.54,True
DRV000099,Martha Charles,martha.c@icloud.com,+1-415-660-4084,2025-11-22,Economy,8NYL930,Mountain View,4.13,False
DRV000100,Eugene Ruiz,eugeneruiz@gmail.com,+1-408-924-8172,2025-10-26,SUV,NPJ5634,Haight-Ashbury,3.55,True
DRV000101,Gregory Moon,gregory16@gmail.com,+1-707-296-7333,2026-03-11,Sedan,3IPD458,Pacific Heights,4.55,False
DRV000102,Ralph Delacruz,ralphdelacruz@icloud.com,+1-510-517-7171,2026-04-15,SUV,IDS9624,Mission District,4.36,True
DRV000103,Adam Ellison,adam.ellison@hotmail.com,+1-925-384-4509,2024-08-10,Luxury,8EZE402,Palo Alto,3.74,False
DRV000104,Martha Durham,martha.durham@aol.com,+1-707-984-3147,2025-01-08,SUV,EES3712,Berkeley,3.45,True
DRV000105,Joyce Dickerson,joycedickerson@outlook.com,+1-925-970-8355,2026-02-19,SUV,4IVM955,Marina,3.79,True
DRV000106,Lawrence Cline,lawrence69@outlook.com,+1-831-365-4271,2026-02-28,SUV,DGQ7081,Chinatown,4.73,False
DRV000107,Eugene Villarreal,eugene25@gmail.com,+1-650-479-8361,2026-02-16,Sedan,DLY4637,Palo Alto,4.65,True
DRV000108,Rachel Robinson,rachel.robinson@outlook.com,+1-707-441-7326,2025-08-16,SUV,JAY6493,San Jose,4.04,True
DRV000109,Elizabeth Pratt,elizabethpratt@aol.com,+1-209-659-1086,2025-06-15,Van,AFD9647,Haight-Ashbury,4.59,True
DRV000110,Pamela Lynch,pamela.lynch@gmail.com,+1-408-629-8489,2026-04-18,Economy,8PAN347,Berkeley,4.4,True
DRV000111,Kelly Johnson,kelly88@yahoo.com,+1-831-391-2402,2026-03-21,Sedan,JYO9316,Chinatown,4.53,True
DRV000112,Ethan Campbell,ecampbell@hotmail.com,+1-925-965-1266,2026-02-09,Luxury,2ITQ890,Financial District,4.62,True
DRV000113,Christine Marshall,christine15@icloud.com,+1-707-858-3868,2026-01-09,Sedan,RZM3986,San Jose,3.45,True
DRV000114,Kimberly Blackwell,kimberly14@yahoo.com,+1-415-404-1686,2026-02-02,SUV,5NZO359,Downtown SF,3.97,True
DRV000115,Edward Klein,edward.klein@aol.com,+1-707-479-3039,2025-11-04,Sedan,LKL7334,Castro,4.52,False
DRV000116,Jacqueline Mcclure,jacqueline.m@hotmail.com,+1-510-944-7955,2025-03-23,Economy,3OIC776,Pacific Heights,4.56,True
DRV000117,Bryan Shields,bshields@hotmail.com,+1-209-243-6776,2026-04-24,SUV,LQU1939,Mission District,4.24,True
DRV000118,Julie Vazquez,julievazquez@gmail.com,+1-650-822-8179,2026-04-09,Economy,2GQJ680,Downtown SF,4.64,True
DRV000119,Kathryn Dorsey,kathryn57@outlook.com,+1-510-787-3255,2026-03-15,Economy,KQG2858,Downtown SF,3.86,True
DRV000120,Jacqueline Gentry,jacqueline.g@gmail.com,+1-925-993-5264,2026-03-09,Sedan,FPS9047,Marina,2.82,True
DRV000121,Christopher Robles,crobles@gmail.com,+1-707-883-6692,2026-04-01,SUV,OHH3580,Berkeley,4.6,True
DRV000122,Olivia Salas,olivia32@icloud.com,+1-408-324-4292,2025-01-01,SUV,GMJ7044,North Beach,4.29,True
DRV000123,Julia Stevens,julia.stevens@gmail.com,+1-925-607-8842,2025-11-27,SUV,TVB6194,Oakland,4.69,True
DRV000124,Megan Mccall,meganmccall@icloud.com,+1-650-986-3114,2026-01-13,Sedan,1VNH265,Castro,3.76,False
DRV000125,Laura Nash,laura76@gmail.com,+1-925-401-5496,2026-04-20,Sedan,5PCQ706,Financial District,4.77,True
DRV000126,Willie Whitney,willie87@icloud.com,+1-415-229-2330,2026-02-13,Sedan,5QTK754,Downtown SF,3.32,True
DRV000127,Bruce Everett,bruce47@outlook.com,+1-408-901-7653,2026-04-03,Sedan,2REK575,Marina,3.39,True
DRV000128,Andrew Sparks,andrew50@outlook.com,+1-650-978-7070,2025-11-25,SUV,CGD8366,Marina,2.9,True
DRV000129,Richard Zimmerman,richard.z@outlook.com,+1-408-363-6364,2025-08-24,Sedan,SEE9433,North Beach,4.53,True
DRV000130,Brandon Mcclure,brandon.mcclure@outlook.com,+1-209-446-4524,2026-01-06,SUV,BHP8710,Pacific Heights,4.29,True
DRV000131,Margaret Hartman,margaret27@aol.com,+1-707-982-7606,2026-01-16,SUV,7BOJ395,Mission District,4.64,True
DRV000132,Evelyn Estes,evelyn.e@aol.com,+1-510-331-2584,2024-11-21,Sedan,6OJD716,Chinatown,4.67,True
DRV000133,David Carter,davidcarter@aol.com,+1-707-685-9508,2026-03-31,Economy,9DYI502,Financial District,4.32,True
DRV000134,Scott Valentine,scott.v@icloud.com,+1-209-925-5911,2026-04-11,Economy,1JRZ697,Pacific Heights,4.61,True
DRV000135,Emily Terrell,emily.t@outlook.com,+1-925-871-4728,2026-03-11,Economy,PEQ7229,SOMA,4.55,True
DRV000136,Gary Wright,gary.wright@yahoo.com,+1-415-651-6139,2026-03-20,Sedan,7RKU582,Palo Alto,4.37,False
DRV000137,Russell Rogers,russell.r@yahoo.com,+1-707-878-8837,2025-03-25,Economy,IEX6608,Chinatown,4.35,True
DRV000138,Cynthia Acevedo,cynthia98@icloud.com,+1-209-396-5038,2026-03-05,SUV,5FZH395,Berkeley,4.86,True
DRV000139,Randy Glass,rglass@hotmail.com,+1-925-494-2996,2024-11-13,Economy,OXK6654,San Jose,4.57,True
DRV000140,Justin Rivera,justin.rivera@hotmail.com,+1-209-871-5201,2025-07-15,SUV,FVH5450,SOMA,4.37,True
DRV000141,Amy Brennan,amybrennan@gmail.com,+1-408-853-4814,2026-03-08,Sedan,7IMR240,Downtown SF,3.78,False
DRV000142,Kenneth Dyer,kdyer@outlook.com,+1-408-974-5706,2026-03-04,Sedan,1XCO647,Berkeley,4.27,True
DRV000143,Elizabeth Mills,elizabethmills@gmail.com,+1-831-707-4052,2025-12-06,Economy,ZYW1151,Pacific Heights,3.89,True
DRV000144,Margaret Bryan,mbryan@aol.com,+1-209-337-9261,2025-10-16,Sedan,4VIT763,Pacific Heights,4.91,True
DRV000145,Patricia Hogan,patricia.h@aol.com,+1-408-379-7643,2026-04-22,Sedan,NCR4027,SOMA,3.83,True
DRV000146,Amy Miller,amiller@yahoo.com,+1-209-971-5374,2026-02-01,Sedan,HSA6890,Berkeley,4.57,True
DRV000147,Alan Moreno,alan69@yahoo.com,+1-831-902-9233,2026-01-04,Economy,XUR5833,Castro,4.73,True
DRV000148,Jeffrey Marshall,jeffreymarshall@outlook.com,+1-707-625-9998,2026-03-07,SUV,TUV5054,Oakland,3.25,False
DRV000149,Charles Hull,charles.h@aol.com,+1-707-279-2838,2025-08-08,Sedan,9XFN268,Castro,4.28,False
DRV000150,Joan Griffin,joangriffin@aol.com,+1-209-293-9361,2026-01-18,Sedan,1LNL159,Chinatown,4.36,True
DRV000151,Brandon Harris,brandon60@gmail.com,+1-408-792-2196,2025-11-21,Sedan,6SOB170,Mountain View,4.49,True
DRV000152,Pamela Grimes,pamelagrimes@aol.com,+1-831-583-7266,2025-12-11,Luxury,7JRR652,SOMA,4.17,True
DRV000153,Rachel Moreno,rachel.m@outlook.com,+1-650-945-4648,2025-05-25,Sedan,TZM9920,Haight-Ashbury,4.32,True
DRV000154,Ryan Baldwin,ryan68@yahoo.com,+1-925-393-2848,2025-11-30,Luxury,7PYX346,Marina,4.72,True
DRV000155,Jordan Torres,jordan.t@aol.com,+1-415-450-1724,2024-08-01,Luxury,4OTU243,Chinatown,4.46,False
DRV000156,Cynthia Woodward,cynthia.w@icloud.com,+1-707-442-5944,2025-06-17,Sedan,ZNK5508,Downtown SF,4.48,True
DRV000157,Beverly Mills,bmills@icloud.com,+1-209-248-6642,2025-09-28,Sedan,RUI7821,Haight-Ashbury,4.31,True
DRV000158,Dennis Soto,dsoto@yahoo.com,+1-408-507-3365,2025-07-23,Sedan,XOZ9683,SOMA,4.05,True
DRV000159,Angela Cunningham,angela.cunningham@outlook.com,+1-707-294-9775,2026-04-26,Luxury,EGR1647,Palo Alto,4.42,True
DRV000160,Johnny Mejia,johnny.m@yahoo.com,+1-209-413-6455,2025-07-16,Van,1FET864,San Jose,4.64,True
DRV000161,Gary Roach,groach@yahoo.com,+1-707-994-5637,2025-11-04,Luxury,9QIJ609,North Beach,4.66,True
DRV000162,Vincent Hardin,vincenthardin@hotmail.com,+1-707-623-1749,2025-09-02,Sedan,FDG7841,Pacific Heights,4.86,True
DRV000163,Frank Estrada,frank.e@yahoo.com,+1-209-763-6530,2026-03-14,Sedan,8ZQM272,Berkeley,4.08,True
DRV000164,Carol Kennedy,ckennedy@yahoo.com,+1-415-736-1554,2025-10-08,Sedan,BVB1104,Haight-Ashbury,3.87,True
DRV000165,Rose Ortega,roseortega@gmail.com,+1-408-717-8471,2026-01-07,SUV,8RAN521,Downtown SF,4.16,True
DRV000166,Vincent Alvarado,vincent78@gmail.com,+1-831-383-2753,2025-12-22,Sedan,NGQ5135,Palo Alto,4.61,True
DRV000167,Diane Chavez,dchavez@outlook.com,+1-408-913-4700,2026-02-12,Sedan,2QWT195,Haight-Ashbury,3.38,True
DRV000168,Julia Wilkinson,julia.wilkinson@aol.com,+1-650-284-9189,2026-03-31,Economy,QIZ2562,Mountain View,4.04,True
DRV000169,David Estrada,david.e@outlook.com,+1-925-247-2218,2025-11-25,Sedan,HOR3938,Mountain View,4.23,False
DRV000170,Robert Carroll,robertcarroll@aol.com,+1-831-278-5903,2024-10-17,Luxury,4OWR653,Castro,3.85,True
DRV000171,Amy Kennedy,amy.kennedy@icloud.com,+1-707-254-2600,2026-01-26,Sedan,2ITY506,San Jose,4.6,True
DRV000172,Gabriel Colon,gcolon@yahoo.com,+1-707-766-7150,2026-03-17,Economy,7CQU830,Mission District,4.57,True
DRV000173,Michelle Molina,michellemolina@aol.com,+1-831-524-6909,2025-11-20,Economy,1YLT204,SOMA,4.23,True
DRV000174,Douglas Hess,douglas.h@icloud.com,+1-831-305-1430,2025-04-16,Economy,9CPI494,Downtown SF,4.3,True
DRV000175,Heather Ruiz,heatherruiz@icloud.com,+1-650-901-7237,2025-10-07,SUV,5HMB545,Pacific Heights,4.45,True
DRV000176,Andrea Watson,andrea56@yahoo.com,+1-209-808-4203,2025-08-29,Sedan,3HYI735,Haight-Ashbury,4.3,True
DRV000177,Frank Eaton,featon@aol.com,+1-650-507-6253,2026-03-01,SUV,SME7524,Castro,4.85,True
DRV000178,Marie Tillman,marie.t@yahoo.com,+1-707-585-5592,2025-12-12,Economy,KCO9939,SOMA,4.33,True
DRV000179,Austin Robinson,austinrobinson@outlook.com,+1-925-909-2133,2026-02-14,SUV,UKM5961,Marina,4.67,True
DRV000180,Michelle Keith,michelle.keith@outlook.com,+1-209-796-7566,2025-09-21,Sedan,YWK1602,San Jose,3.75,False
DRV000181,Olivia Bartlett,olivia.bartlett@gmail.com,+1-408-873-6816,2025-04-26,Van,1OQQ870,Castro,4.2,False
DRV000182,Douglas Gonzales,douglas.gonzales@hotmail.com,+1-408-722-9499,2026-04-26,Sedan,RFJ8586,San Jose,3.62,True
DRV000183,Roy Roth,roy29@gmail.com,+1-209-307-5840,2026-01-14,Sedan,2DYD419,Castro,4.79,True
DRV000184,Timothy Ayers,timothy71@outlook.com,+1-510-648-8412,2025-07-19,Economy,5BSA451,Oakland,3.41,True
DRV000185,Kevin Newton,kevinnewton@icloud.com,+1-650-538-7985,2026-03-04,Van,GKE8080,Haight-Ashbury,3.8,True
DRV000186,Amber Peters,amber.p@outlook.com,+1-831-204-4519,2025-10-29,Sedan,2PUN474,Castro,4.29,True
DRV000187,Sandra Estrada,sestrada@icloud.com,+1-707-811-7367,2026-03-14,Sedan,PJV3826,Palo Alto,4.77,True
DRV000188,Scott Jacobson,scott.jacobson@aol.com,+1-650-520-2931,2026-01-05,Van,2ESN528,Financial District,4.41,True
DRV000189,Jerry Keith,jkeith@aol.com,+1-650-768-3733,2025-05-30,Economy,3EVQ986,Castro,4.29,False
DRV000190,Walter Fernandez,wfernandez@icloud.com,+1-209-618-9056,2026-01-02,Sedan,8MCA879,Marina,4.65,True
DRV000191,Stephen Sandoval,stephen78@yahoo.com,+1-209-779-9115,2025-12-30,Sedan,CCU7010,Chinatown,4.29,True
DRV000192,David Cline,davidcline@outlook.com,+1-510-953-5055,2026-01-11,Sedan,1LJV549,Palo Alto,4.36,False
DRV000193,Ethan Harper,ethan.h@aol.com,+1-707-927-8015,2026-02-27,Economy,3UVU683,Castro,4.18,True
DRV000194,Jordan Landry,jordan31@aol.com,+1-925-496-5380,2024-03-14,Sedan,NXV3221,San Jose,3.51,False
DRV000195,Jessica Padilla,jessicapadilla@aol.com,+1-650-455-3396,2026-04-29,Sedan,VTR9019,SOMA,4.53,True
DRV000196,Jonathan Donaldson,jdonaldson@outlook.com,+1-510-848-2525,2026-04-16,Sedan,5SWL599,Castro,3.13,True
DRV000197,Ethan Ross,ethan68@gmail.com,+1-831-423-8039,2026-03-21,Sedan,MIH9967,Financial District,3.78,True
DRV000198,Walter Allison,walter.allison@gmail.com,+1-510-841-8529,2024-12-21,Sedan,3LAY307,Berkeley,4.17,False
DRV000199,Albert Frank,albert30@gmail.com,+1-707-456-2350,2025-07-13,Sedan,3BQS873,Marina,3.75,True
DRV000200,Lisa Jimenez,lisajimenez@outlook.com,+1-510-335-4705,2025-10-27,SUV,LAI2975,Palo Alto,4.58,True
DRV000201,Kimberly Merritt,kimberlymerritt@outlook.com,+1-510-948-2678,2026-03-17,Van,6WDU871,Palo Alto,3.9,True
DRV000202,Kathryn Henry,kathryn.h@icloud.com,+1-415-824-3688,2025-12-27,SUV,4QDK803,North Beach,4.13,False
DRV000203,Daniel Sullivan,daniel.sullivan@icloud.com,+1-831-559-8035,2025-10-07,Sedan,3GQG715,Financial District,4.42,True
DRV000204,Larry Robinson,larry94@yahoo.com,+1-408-965-7418,2025-09-09,Economy,1UUG495,Mission District,4.63,True
DRV000205,Brittany Maddox,brittany.m@gmail.com,+1-707-524-3162,2025-05-02,SUV,7JRT888,Mission District,4.68,True
DRV000206,Sarah Thomas,sarahthomas@gmail.com,+1-415-607-9300,2025-03-11,SUV,9TLK755,Chinatown,4.86,True
DRV000207,Michelle Simon,michelle20@gmail.com,+1-408-359-9788,2025-11-06,SUV,2ILY344,Downtown SF,3.92,True
DRV000208,Christina Reynolds,christina.r@icloud.com,+1-415-516-3877,2026-03-26,Sedan,3SEY635,Chinatown,3.69,False
DRV000209,Vincent Mccarthy,vincent31@yahoo.com,+1-925-950-2934,2026-01-14,SUV,AUH2046,Pacific Heights,4.9,True
DRV000210,Theresa Donaldson,tdonaldson@outlook.com,+1-707-256-9185,2024-08-11,Sedan,EEU2889,Marina,3.23,False
DRV000211,James Mitchell,jamesmitchell@gmail.com,+1-209-572-7274,2024-08-08,SUV,EYA7870,Marina,4.76,True
DRV000212,Henry Figueroa,henry.figueroa@icloud.com,+1-707-322-9225,2026-01-19,Sedan,BFN1752,Haight-Ashbury,4.23,True
DRV000213,Megan Mcbride,megan49@gmail.com,+1-209-208-7044,2026-04-24,Economy,5TGJ605,San Jose,3.12,False
DRV000214,Deborah Bradshaw,deborahbradshaw@gmail.com,+1-831-224-4817,2025-11-23,Luxury,QSA6488,Downtown SF,4.32,True
DRV000215,Dennis Drake,dennisdrake@icloud.com,+1-408-629-9061,2025-12-15,Luxury,ZDH1719,Mountain View,4.45,True
DRV000216,Teresa Baxter,teresa99@outlook.com,+1-510-794-2565,2026-04-23,Sedan,QKP2020,Haight-Ashbury,4.32,True
DRV000217,Kimberly Harper,kimberly47@hotmail.com,+1-831-917-6345,2025-12-31,Economy,5GYD888,Financial District,4.78,True
DRV000218,Margaret Holmes,mholmes@hotmail.com,+1-831-323-9780,2024-08-08,Sedan,4LMW192,SOMA,3.09,False
DRV000219,Nicole Mays,nicolemays@hotmail.com,+1-650-293-5066,2025-09-30,Economy,KBH3848,Downtown SF,4.15,False
DRV000220,Evelyn Bean,evelynbean@gmail.com,+1-209-304-3290,2025-04-30,SUV,1VZD943,Haight-Ashbury,4.0,True
DRV000221,Rose Strickland,rose.s@icloud.com,+1-925-276-1357,2026-01-30,Economy,FQV2506,Mountain View,4.63,True
DRV000222,Frank Bryant,fbryant@gmail.com,+1-650-787-8096,2024-06-19,SUV,KAR3831,Castro,4.16,True
DRV000223,Melissa Alvarado,malvarado@yahoo.com,+1-415-828-5026,2025-04-16,SUV,MWM2437,Pacific Heights,4.82,True
DRV000224,Victoria Hart,victoria.h@yahoo.com,+1-415-591-6883,2025-07-17,SUV,8IOI376,SOMA,4.19,True
DRV000225,Jordan Pena,jordan13@gmail.com,+1-209-742-6856,2026-02-19,Sedan,ZZC4951,Pacific Heights,4.77,True
DRV000226,Louis Reyes,louis.r@outlook.com,+1-707-377-3885,2026-03-13,Sedan,6USX128,Berkeley,4.19,True
DRV000227,Judy Kerr,judy.k@yahoo.com,+1-209-755-6063,2026-02-04,Luxury,1CGF639,North Beach,2.12,True
DRV000228,Amber Knight,amber26@aol.com,+1-650-531-1975,2026-02-03,Sedan,3UWW174,Castro,3.4,True
DRV000229,Jane Shaffer,jane.shaffer@hotmail.com,+1-925-530-3235,2025-07-03,Economy,TLQ8982,Oakland,4.32,True
DRV000230,Tiffany Blevins,tiffany.b@hotmail.com,+1-408-881-3872,2026-04-19,Luxury,5DSY686,Haight-Ashbury,4.25,False
DRV000231,Cynthia Ashley,cynthiaashley@icloud.com,+1-707-826-4619,2026-03-01,Sedan,CMI2274,Marina,3.65,True
DRV000232,Samantha Black,samantha.black@aol.com,+1-707-657-1186,2025-09-16,Sedan,4SJU837,Downtown SF,4.16,True
DRV000233,Nathan Glenn,nglenn@outlook.com,+1-831-559-9946,2026-03-25,SUV,8UPT330,SOMA,3.97,True
DRV000234,William Copeland,william12@hotmail.com,+1-510-275-6600,2024-09-14,SUV,7EBY195,Castro,3.67,True
DRV000235,Amber Hobbs,ahobbs@aol.com,+1-650-821-8113,2024-11-02,SUV,2IZK667,Berkeley,4.28,False
DRV000236,Sean Tyler,sean94@hotmail.com,+1-408-298-1813,2025-11-12,SUV,9VDJ537,Mission District,4.35,True
DRV000237,Jane Waller,jwaller@yahoo.com,+1-510-226-4390,2025-06-23,SUV,5ZMD903,Haight-Ashbury,3.97,True
DRV000238,Jane Tyler,jane.t@outlook.com,+1-650-579-7249,2025-11-22,Sedan,8BLG957,Pacific Heights,4.24,True
DRV000239,Joshua Huynh,joshua.huynh@aol.com,+1-707-754-7782,2026-04-26,SUV,POV9561,Haight-Ashbury,3.49,False
DRV000240,Alexis Henson,alexishenson@outlook.com,+1-925-280-7468,2025-11-19,SUV,SNX3415,Mission District,3.16,False
DRV000241,Zachary Fox,zacharyfox@yahoo.com,+1-650-243-7936,2025-09-30,Van,7FVD709,Pacific Heights,3.65,True
DRV000242,Russell Peterson,rpeterson@icloud.com,+1-831-765-6343,2026-04-14,Luxury,NXA9561,San Jose,4.61,True
DRV000243,Henry Crawford,henry.c@icloud.com,+1-510-308-2654,2026-04-18,SUV,WWW5327,Haight-Ashbury,4.84,True
DRV000244,Lawrence Faulkner,lawrence.faulkner@yahoo.com,+1-925-612-3356,2025-12-14,Sedan,RKK6431,Berkeley,4.82,True
DRV000245,Philip Henson,philip44@gmail.com,+1-707-510-6094,2025-12-05,Economy,8WRZ333,SOMA,4.15,True
DRV000246,Philip Harrell,philip51@aol.com,+1-831-819-2462,2026-03-27,Economy,4XKM628,Palo Alto,4.8,True
DRV000247,Joseph Boyer,joseph.boyer@hotmail.com,+1-831-338-9589,2025-08-19,Sedan,AFV1944,Marina,4.24,True
DRV000248,Richard Ayala,richard35@hotmail.com,+1-209-717-7503,2026-01-29,Sedan,DAJ8308,SOMA,4.45,False
DRV000249,Cheryl Brennan,cheryl80@hotmail.com,+1-650-464-2480,2026-04-14,Economy,7BWU319,Palo Alto,4.38,True
DRV000250,Laura Hudson,lhudson@icloud.com,+1-415-999-1145,2026-04-24,Sedan,3QPA358,Financial District,4.69,True
DRV000251,Brandon Acevedo,bacevedo@outlook.com,+1-707-670-5128,2025-12-06,Sedan,5RVK204,Downtown SF,4.89,True
DRV000252,Jane Randall,jane.r@icloud.com,+1-925-505-2771,2025-02-01,SUV,6ZQW367,Oakland,4.35,True
DRV000253,Albert Mccormick,albertmccormick@icloud.com,+1-408-258-7620,2025-05-01,Economy,RSR5843,Pacific Heights,3.57,False
DRV000254,Julie Bruce,julie.b@aol.com,+1-408-551-4643,2026-03-27,Economy,QMY6873,Chinatown,4.3,True
DRV000255,Carol Lamb,carollamb@hotmail.com,+1-510-682-3096,2026-04-05,Luxury,SOX6499,Oakland,3.88,True
DRV000256,Alexander Carpenter,acarpenter@hotmail.com,+1-707-466-5817,2026-03-27,SUV,2MWP735,Mission District,4.18,True
DRV000257,Deborah Roth,droth@icloud.com,+1-925-623-1885,2026-04-26,Sedan,DZI8496,SOMA,4.05,True
DRV000258,Kimberly Daniels,kdaniels@hotmail.com,+1-650-520-1950,2026-02-22,SUV,5FUO262,North Beach,4.13,True
DRV000259,Marie Castillo,marie.c@outlook.com,+1-831-613-8029,2025-11-08,Economy,JAF7112,Downtown SF,4.17,False
DRV000260,Ashley Chang,ashley.chang@aol.com,+1-415-841-5076,2026-03-12,Sedan,6ICN413,SOMA,4.49,True
DRV000261,Barbara Mccormick,bmccormick@aol.com,+1-707-644-3192,2026-04-19,SUV,8JEY931,Haight-Ashbury,4.0,True
DRV000262,Laura Ford,laura.ford@icloud.com,+1-650-326-7006,2025-11-05,SUV,UJQ9761,Financial District,4.85,True
DRV000263,Richard Osborn,richard.osborn@gmail.com,+1-510-626-8279,2026-01-24,Economy,9GSF802,Oakland,4.49,True
DRV000264,Victoria Osborn,victoria.o@hotmail.com,+1-650-628-2718,2026-03-07,Economy,QHU9154,Marina,4.46,True
DRV000265,Marie Sandoval,mariesandoval@hotmail.com,+1-831-502-3627,2026-03-12,Van,8XRM340,Downtown SF,4.33,True
DRV000266,Daniel Jordan,djordan@yahoo.com,+1-510-998-9383,2025-12-09,SUV,2XQL403,Pacific Heights,4.41,True
DRV000267,Betty Warren,betty15@hotmail.com,+1-707-636-2898,2026-02-19,Economy,1ADQ436,Castro,4.69,False
DRV000268,Danielle Stokes,danielle21@hotmail.com,+1-650-316-7566,2025-07-28,Luxury,8HKW919,Haight-Ashbury,4.24,True
DRV000269,Kevin Alexander,kevin.alexander@yahoo.com,+1-510-626-8908,2026-01-17,Sedan,REJ6875,Financial District,3.54,True
DRV000270,Alexis Murray,amurray@gmail.com,+1-831-651-1753,2025-03-21,SUV,6AWN861,Financial District,4.13,True
DRV000271,Laura Huynh,laura.h@icloud.com,+1-510-643-5072,2025-09-02,SUV,7DVX727,Downtown SF,4.29,True
DRV000272,Kenneth Nixon,knixon@yahoo.com,+1-510-969-9055,2026-04-28,Van,6ZBF758,Haight-Ashbury,4.79,True
DRV000273,Jacob Chavez,jchavez@icloud.com,+1-209-290-9166,2025-08-05,Economy,2ZTA513,Haight-Ashbury,3.35,True
DRV000274,Austin Smith,austin.s@icloud.com,+1-925-720-4389,2026-04-27,Sedan,LIV4652,Palo Alto,3.99,True
DRV000275,Grace Shepard,gshepard@aol.com,+1-707-933-8414,2026-02-03,Sedan,4AJQ919,Pacific Heights,3.35,True
DRV000276,Virginia Gonzales,virginiagonzales@outlook.com,+1-650-934-7704,2025-12-15,Sedan,4EYK568,Palo Alto,4.62,True
DRV000277,Kimberly Mckenzie,kmckenzie@gmail.com,+1-510-990-8381,2025-11-16,SUV,9DMN149,Chinatown,4.24,False
DRV000278,Madison Hobbs,madisonhobbs@aol.com,+1-650-948-3103,2026-02-15,Luxury,6NKZ809,San Jose,4.78,True
DRV000279,Diane Allison,dallison@yahoo.com,+1-650-622-9393,2025-11-11,Luxury,9WSY747,Marina,3.84,True
DRV000280,Danielle Zimmerman,danielle97@aol.com,+1-650-927-3913,2025-10-26,Sedan,SID6771,Chinatown,4.3,True
DRV000281,Lawrence Huynh,lawrence.h@hotmail.com,+1-831-213-9564,2026-01-09,Economy,7DRF868,San Jose,4.04,True
DRV000282,Pamela Cobb,pamela.cobb@aol.com,+1-925-408-9866,2025-12-10,Van,8CWT985,Marina,4.34,True
DRV000283,Grace Lang,grace.l@aol.com,+1-925-909-1769,2026-03-18,SUV,KYZ6122,Chinatown,3.96,True
DRV000284,Philip Moody,philip.m@outlook.com,+1-408-848-7025,2025-12-24,Sedan,OPU4170,Pacific Heights,4.3,True
DRV000285,Wayne Ward,wayneward@aol.com,+1-510-586-1665,2025-08-16,Sedan,9GEV105,Castro,4.45,True
DRV000286,Michelle Nelson,michelle29@icloud.com,+1-415-992-5934,2026-03-20,SUV,9JUI325,SOMA,4.64,True
DRV000287,Martha Mason,martha.m@icloud.com,+1-831-294-6724,2025-07-29,SUV,4RIH870,Financial District,4.66,True
DRV000288,Grace Lynn,grace.lynn@aol.com,+1-707-656-4937,2026-02-07,Sedan,PQY6258,Haight-Ashbury,4.1,False
DRV000289,Sandra Dominguez,sandra.d@aol.com,+1-925-225-9468,2026-02-07,SUV,JUL1718,Pacific Heights,4.09,False
DRV000290,Deborah Carson,deborah.carson@gmail.com,+1-650-991-9814,2026-01-25,Economy,QFQ4492,Palo Alto,4.86,True
DRV000291,Anthony Armstrong,aarmstrong@aol.com,+1-510-964-3519,2026-04-13,SUV,6ABE357,Chinatown,4.67,True
DRV000292,Ryan Paul,rpaul@outlook.com,+1-831-643-6183,2025-12-03,SUV,2NQQ874,Berkeley,3.83,True
DRV000293,Olivia Kim,olivia.k@gmail.com,+1-925-902-5937,2025-06-21,SUV,HYJ1504,North Beach,4.46,True
DRV000294,Jeffrey Fernandez,jeffrey.f@hotmail.com,+1-650-505-7113,2025-09-21,Economy,AWD1684,Downtown SF,4.67,True
DRV000295,Tyler Mercado,tyler.mercado@hotmail.com,+1-408-966-6633,2026-01-18,Sedan,9DEQ358,Marina,3.93,True
DRV000296,Lori Harding,lori.h@outlook.com,+1-510-497-2103,2025-10-27,SUV,4SMI231,Oakland,4.28,True
DRV000297,Betty Christensen,betty.christensen@yahoo.com,+1-707-697-8383,2025-06-05,Sedan,5SDO927,Castro,4.03,False
DRV000298,Carol Jones,caroljones@yahoo.com,+1-831-483-6889,2026-02-16,Sedan,6WMJ412,North Beach,4.51,True
DRV000299,Brian Nash,brian.nash@hotmail.com,+1-650-751-4218,2025-06-02,Sedan,2SXW746,Downtown SF,4.51,True
DRV000300,Dylan Hensley,dylanhensley@gmail.com,+1-925-756-9842,2026-04-15,Economy,3JFU850,Palo Alto,2.23,True
DRV000301,Noah Maynard,noah.maynard@outlook.com,+1-707-714-1173,2026-03-30,SUV,WUP3717,San Jose,3.77,True
DRV000302,Zachary Mason,zachary.m@icloud.com,+1-650-953-8921,2026-04-18,Sedan,BTG5331,Castro,4.75,True
DRV000303,Lori Hudson,lori76@outlook.com,+1-209-665-1760,2026-03-10,Sedan,6CZQ380,Palo Alto,3.23,False
DRV000304,Dylan Rivers,dylanrivers@outlook.com,+1-831-574-2275,2025-12-31,Sedan,JXN6781,Palo Alto,4.95,True
DRV000305,Walter Decker,walter.decker@icloud.com,+1-650-650-3713,2025-03-12,Sedan,9QFE470,Financial District,4.42,True
DRV000306,Donald Cline,dcline@hotmail.com,+1-510-693-8844,2026-04-21,SUV,3QKG230,Financial District,4.04,True
DRV000307,Paul Terrell,paul.terrell@icloud.com,+1-650-257-3725,2025-12-02,SUV,3NKZ752,Downtown SF,4.74,False
DRV000308,Russell Osborn,russell.osborn@yahoo.com,+1-209-821-8723,2026-04-01,Sedan,EVP3979,Financial District,4.42,True
DRV000309,Shirley Black,shirley97@outlook.com,+1-510-435-7196,2026-04-09,Luxury,2ANX800,Haight-Ashbury,4.42,True
DRV000310,Marilyn Powell,mpowell@icloud.com,+1-415-744-9246,2026-04-15,SUV,CRX9835,Palo Alto,3.98,True
DRV000311,Ethan Lynn,ethan.l@outlook.com,+1-707-244-9680,2026-01-25,Economy,8UJP859,Mountain View,4.44,True
DRV000312,Ralph Woodward,rwoodward@yahoo.com,+1-925-688-4809,2026-01-10,Sedan,CPO5223,Marina,4.43,True
DRV000313,Philip Davis,philip.d@gmail.com,+1-415-584-4365,2026-02-17,Economy,IJE5155,Pacific Heights,3.91,False
DRV000314,Adam Mcconnell,adam.m@hotmail.com,+1-831-973-4337,2025-04-27,Sedan,9MJO359,Pacific Heights,3.77,True
DRV000315,Ethan Wiggins,ethan.wiggins@aol.com,+1-408-657-3650,2025-12-28,Sedan,9KIO813,Oakland,4.46,True
DRV000316,Dorothy Lang,dorothy.lang@gmail.com,+1-650-682-8133,2024-09-07,Sedan,5FCA493,Mountain View,4.13,False
DRV000317,Amber Rasmussen,amber76@aol.com,+1-415-992-3871,2025-10-31,Economy,LFR9489,Pacific Heights,4.09,True
DRV000318,Denise Juarez,denisejuarez@icloud.com,+1-650-890-1590,2025-09-28,Economy,1ZCH509,Castro,4.56,True
DRV000319,Julie Brennan,julie.b@gmail.com,+1-510-292-5661,2025-03-23,Economy,OPJ5530,Marina,3.1,True
DRV000320,Deborah Avila,deborah.a@gmail.com,+1-925-379-7670,2025-04-10,Economy,ONI2917,San Jose,4.06,True
DRV000321,Angela Mercado,angela83@aol.com,+1-209-586-8923,2025-10-14,SUV,TYL8548,Mountain View,4.45,True
DRV000322,Linda Decker,linda24@gmail.com,+1-831-848-4610,2026-04-28,SUV,FIY9462,Chinatown,4.24,True
DRV000323,Shirley Hammond,shirley.hammond@outlook.com,+1-707-277-3924,2025-09-06,Sedan,6FOE864,Oakland,4.28,False
DRV000324,Edward Conway,edwardconway@aol.com,+1-408-471-4387,2026-02-22,SUV,4VJU222,Mountain View,4.95,True
DRV000325,Jane Hickman,jane.hickman@icloud.com,+1-415-693-7081,2025-06-17,Sedan,MZX5501,North Beach,3.68,True
DRV000326,Emma Winters,ewinters@yahoo.com,+1-650-255-9613,2026-03-12,Sedan,MON7450,Palo Alto,3.65,True
DRV000327,Brian Blackwell,brian.b@outlook.com,+1-707-905-1137,2025-11-07,Sedan,4JCJ982,Pacific Heights,4.01,True
DRV000328,Shirley Harper,sharper@icloud.com,+1-707-574-4013,2026-04-06,Economy,4KTJ510,Pacific Heights,4.48,True
DRV000329,Lawrence Ford,lawrenceford@gmail.com,+1-925-441-8081,2025-05-17,Sedan,FUT8749,San Jose,3.92,True
DRV000330,Victoria Walter,victoria.w@icloud.com,+1-707-698-5915,2025-12-22,Sedan,1KRB933,Pacific Heights,3.6,True
DRV000331,Rose Powell,rose67@hotmail.com,+1-707-568-5222,2025-08-12,Economy,7DWZ303,Financial District,4.14,True
DRV000332,Albert Landry,albert32@hotmail.com,+1-707-889-9363,2025-12-04,Sedan,8XJH746,SOMA,3.66,False
DRV000333,Brittany Hogan,brittany.h@icloud.com,+1-831-273-2296,2026-02-03,Van,4IQS719,Oakland,4.49,True
DRV000334,Joan Roman,joan.r@outlook.com,+1-831-371-4012,2025-02-04,Sedan,DGG2311,Marina,4.02,True
DRV000335,Anthony Jimenez,ajimenez@icloud.com,+1-415-226-7504,2025-07-10,Sedan,ZCQ2381,Oakland,4.62,False
DRV000336,Heather Jefferson,heatherjefferson@aol.com,+1-925-653-3071,2026-03-02,Luxury,3ARW433,Palo Alto,4.34,True
DRV000337,Sean Wise,swise@yahoo.com,+1-650-805-8480,2026-03-12,Sedan,QON9745,Pacific Heights,4.31,False
DRV000338,Andrea Durham,andrea.durham@outlook.com,+1-925-574-7753,2026-02-25,Economy,5ANT239,Castro,3.22,True
DRV000339,Harold Rodriguez,hrodriguez@outlook.com,+1-925-209-8052,2026-03-25,Sedan,PUO4089,Haight-Ashbury,4.54,False
DRV000340,Christina Gaines,christinagaines@aol.com,+1-831-587-4614,2025-06-14,SUV,7QNU727,San Jose,4.11,True
DRV000341,Anna Christensen,anna.c@hotmail.com,+1-831-392-2121,2025-11-29,SUV,5CLL817,Financial District,4.62,True
DRV000342,Samuel Lee,samuel.lee@icloud.com,+1-415-390-2675,2025-11-16,Luxury,3SSG254,Downtown SF,2.74,True
DRV000343,Debra Petersen,dpetersen@hotmail.com,+1-209-913-1519,2025-09-24,Sedan,3BUB581,SOMA,4.59,True
DRV000344,Nicholas Kirby,nicholas.kirby@aol.com,+1-408-594-8257,2025-10-22,Van,1FTC781,Marina,4.05,True
DRV000345,Wayne Abbott,wayneabbott@aol.com,+1-415-962-9534,2026-04-17,Sedan,8QFX984,Oakland,4.72,True
DRV000346,Mark Valdez,mvaldez@hotmail.com,+1-415-371-5523,2026-03-03,Van,KGZ8786,Berkeley,4.78,True
DRV000347,Virginia Sanders,virginiasanders@outlook.com,+1-510-902-6544,2026-03-02,Sedan,ZQB3521,Berkeley,4.41,True
DRV000348,Margaret Ellis,margaretellis@hotmail.com,+1-707-649-4161,2025-11-29,SUV,7JDX596,Berkeley,4.19,True
DRV000349,Emma Mckee,emckee@yahoo.com,+1-650-756-6696,2025-11-09,Sedan,8HVX667,SOMA,3.94,True
DRV000350,Michelle Dorsey,michelle47@icloud.com,+1-707-664-1011,2025-09-24,Van,NTW6965,San Jose,4.58,True
DRV000351,Samuel Gutierrez,samuel.g@outlook.com,+1-408-736-9151,2026-01-25,Luxury,EHK6276,Mission District,4.7,True
DRV000352,Willie Peterson,williepeterson@yahoo.com,+1-415-406-2753,2024-10-19,Economy,2AQK601,Chinatown,4.61,True
DRV000353,Beverly Floyd,beverly16@yahoo.com,+1-510-213-4419,2026-04-19,SUV,YVM1994,Castro,4.43,True
DRV000354,Henry Espinoza,henry.e@hotmail.com,+1-415-951-2153,2026-02-07,Sedan,CFN2658,Berkeley,4.14,True
DRV000355,Jerry Dunn,jerry.d@aol.com,+1-408-783-3931,2026-02-11,Luxury,OTT6864,Oakland,4.71,True
DRV000356,Alan Horn,alanhorn@yahoo.com,+1-831-716-6529,2026-04-29,SUV,NPY6163,Chinatown,4.17,False
DRV000357,Katherine Wolf,kwolf@aol.com,+1-707-823-4943,2026-04-07,Luxury,FTY5162,Castro,4.74,False
DRV000358,Zachary Short,zachary.short@hotmail.com,+1-415-730-3213,2026-01-22,Sedan,HHF6159,Downtown SF,4.53,True
DRV000359,Roy Greer,roy.g@icloud.com,+1-650-296-1618,2025-12-04,Sedan,3DJP338,Pacific Heights,3.83,False
DRV000360,Lisa Frost,lisa.f@yahoo.com,+1-510-940-6319,2026-01-19,Economy,EVR2562,Financial District,3.91,True
DRV000361,Elizabeth Finley,elizabeth.finley@gmail.com,+1-707-556-8115,2025-07-16,Economy,2WFQ716,Mountain View,4.2,True
DRV000362,Marie Fuentes,marie.fuentes@hotmail.com,+1-415-526-9846,2025-11-24,Sedan,ISD7436,North Beach,4.0,True
DRV000363,Theresa Hurst,theresahurst@outlook.com,+1-925-603-3425,2026-03-29,SUV,2MTO368,Mission District,4.59,True
DRV000364,Christina Murray,cmurray@icloud.com,+1-408-699-7476,2026-04-26,SUV,FQT5034,Marina,4.62,True
DRV000365,Ethan Schroeder,ethan.s@gmail.com,+1-510-887-7776,2026-02-22,Economy,6EIR888,Pacific Heights,4.5,True
DRV000366,Rachel Avery,rachel.a@yahoo.com,+1-209-245-4825,2025-10-03,Sedan,6ESC857,Downtown SF,4.18,True
DRV000367,Joe Guzman,joe.guzman@hotmail.com,+1-510-512-8373,2026-02-02,Sedan,6FNF635,San Jose,4.43,True
DRV000368,Andrea Cardenas,andrea.cardenas@outlook.com,+1-415-461-3790,2025-08-19,SUV,4UQB770,Downtown SF,4.51,True
DRV000369,Jane Saunders,jane94@gmail.com,+1-415-499-7332,2026-02-22,Luxury,7NSX596,Palo Alto,4.35,True
DRV000370,Daniel Ryan,daniel.r@outlook.com,+1-415-240-5053,2024-09-23,Sedan,HMT1301,Castro,4.49,True
DRV000371,Alexander Waller,alexanderwaller@icloud.com,+1-925-263-5221,2025-12-06,SUV,XVA5590,Marina,4.2,True
DRV000372,Tyler Tanner,tyler.tanner@aol.com,+1-831-733-4726,2026-03-07,Sedan,3LIP559,Chinatown,4.46,True
DRV000373,Abigail Woods,abigail.w@aol.com,+1-408-341-6062,2025-12-05,Sedan,XXL3378,Oakland,3.87,False
DRV000374,Kenneth Massey,kenneth.m@icloud.com,+1-510-388-6203,2025-12-31,SUV,DAI7783,Haight-Ashbury,3.65,True
DRV000375,Philip Key,philipkey@yahoo.com,+1-510-334-4026,2026-01-30,Sedan,5PPP336,Oakland,4.59,True
DRV000376,Charles Booker,charles.b@icloud.com,+1-209-929-7126,2025-04-28,Sedan,7MDF133,Haight-Ashbury,4.26,True
DRV000377,Patricia Sherman,patriciasherman@aol.com,+1-408-975-4351,2025-04-18,Luxury,8WMI568,Mountain View,4.02,True
DRV000378,Julie Hall,jhall@aol.com,+1-707-603-9784,2025-05-07,SUV,WUN8399,North Beach,4.64,True
DRV000379,David Parks,david.p@outlook.com,+1-415-771-7347,2026-02-02,SUV,QBH7521,Mountain View,3.54,True
DRV000380,Pamela Trevino,ptrevino@hotmail.com,+1-415-906-9470,2026-01-26,Economy,MQC9202,Mission District,4.08,True
DRV000381,Madison Bradshaw,mbradshaw@outlook.com,+1-707-661-1408,2026-04-10,Luxury,4WCI764,Mountain View,4.02,True
DRV000382,Dorothy Herrera,dorothy.herrera@aol.com,+1-209-849-6946,2025-01-16,Sedan,7SZP263,Haight-Ashbury,2.46,True
DRV000383,Barbara Rose,barbara.r@aol.com,+1-650-366-3369,2026-04-05,Sedan,1KIT556,Pacific Heights,4.66,True
DRV000384,Donald Ford,donald.ford@icloud.com,+1-925-212-8514,2024-10-09,Sedan,8OAW343,Marina,4.05,True
DRV000385,Cheryl Dalton,cdalton@gmail.com,+1-415-450-9967,2026-04-28,Economy,9VFE156,Oakland,4.62,True
DRV000386,Donna Scott,donna.s@icloud.com,+1-925-539-2436,2025-08-10,Economy,7ZEH776,Berkeley,4.22,True
DRV000387,Lawrence Blevins,lblevins@aol.com,+1-707-236-2525,2025-12-31,Sedan,IXV8001,Palo Alto,4.69,True
DRV000388,Justin Mcdowell,justin.mcdowell@aol.com,+1-925-537-9635,2026-04-09,Economy,4SPC847,Oakland,4.88,True
DRV000389,Daniel Preston,daniel.p@aol.com,+1-925-637-6185,2025-12-27,Economy,6YPM846,Oakland,4.84,True
DRV000390,George Oneill,george39@yahoo.com,+1-415-321-1392,2026-03-02,Economy,2TFP524,Haight-Ashbury,3.63,True
DRV000391,Rachel Spears,rachelspears@gmail.com,+1-408-906-5614,2026-01-04,Sedan,2INI106,Mission District,4.21,True
DRV000392,Debra Shaffer,debra.s@gmail.com,+1-650-398-6415,2025-10-25,Sedan,XMM1582,Oakland,4.26,True
DRV000393,Michelle Donaldson,michelle.d@hotmail.com,+1-209-623-1917,2026-04-17,Economy,HSI9779,Downtown SF,4.74,True
DRV000394,Alexis Mathis,alexis.mathis@yahoo.com,+1-925-231-6556,2025-12-07,SUV,QVO7382,SOMA,4.56,True
DRV000395,Bobby Wong,bobby.wong@hotmail.com,+1-831-288-9143,2026-03-01,Sedan,JVH9603,Pacific Heights,4.08,True
DRV000396,Virginia Green,virginia.green@outlook.com,+1-415-694-9192,2026-04-30,SUV,6YTN894,Castro,4.13,True
DRV000397,Betty Villarreal,bettyvillarreal@yahoo.com,+1-415-670-7350,2026-03-10,Economy,NAY2426,Castro,4.28,True
DRV000398,Barbara Butler,barbara76@gmail.com,+1-925-854-4438,2025-06-02,Sedan,4HNU787,Mission District,4.25,True
DRV000399,Kenneth Gill,kenneth.gill@icloud.com,+1-510-411-9888,2026-02-04,Van,6HYU687,Marina,4.57,True
DRV000400,Helen Barry,helen.b@outlook.com,+1-415-333-1475,2025-11-01,Economy,1CBL283,Berkeley,3.94,True
DRV000401,Beverly Terrell,bterrell@icloud.com,+1-707-519-6444,2024-11-04,Economy,SRN8629,Financial District,4.3,True
DRV000402,Ralph Montoya,rmontoya@hotmail.com,+1-209-681-4796,2026-04-22,Sedan,DXG6954,Haight-Ashbury,4.0,True
DRV000403,Alan Clarke,aclarke@outlook.com,+1-415-266-8787,2026-03-19,Sedan,8LET718,Financial District,4.24,True
DRV000404,Anthony Bond,anthony23@icloud.com,+1-510-509-9728,2025-06-24,Luxury,7GGE593,Haight-Ashbury,4.77,True
DRV000405,Rebecca Buckley,rbuckley@icloud.com,+1-707-757-4869,2026-03-18,Economy,2TSV217,Financial District,3.33,True
DRV000406,Katherine Camacho,kcamacho@yahoo.com,+1-925-615-2140,2025-09-01,Sedan,RPV6364,North Beach,3.0,True
DRV000407,Jessica Patel,jessicapatel@icloud.com,+1-415-975-3403,2025-03-29,Sedan,LHQ8326,Marina,4.24,True
DRV000408,Samantha Holloway,samantha82@outlook.com,+1-707-291-1133,2026-03-05,Economy,NWW2022,Castro,4.65,False
DRV000409,Susan Smith,susan81@gmail.com,+1-925-231-4854,2025-12-15,SUV,7QSK545,Chinatown,4.4,True
DRV000410,Brian Henson,brianhenson@icloud.com,+1-831-568-7835,2025-10-09,Sedan,3DBA838,Mountain View,4.12,True
DRV000411,Christina Fernandez,christinafernandez@aol.com,+1-831-666-7974,2026-04-06,Sedan,LLV7303,Castro,4.17,True
DRV000412,Adam Church,adam.c@outlook.com,+1-408-929-9220,2026-04-27,Sedan,9OAA594,Berkeley,3.54,True
DRV000413,Dylan Decker,dylan.decker@yahoo.com,+1-925-676-9469,2026-04-30,Sedan,2GQR784,Mission District,4.3,True
DRV000414,Sean Best,sean.b@gmail.com,+1-707-747-1176,2025-03-15,Economy,9XOI461,San Jose,3.46,True
DRV000415,Kevin Hill,kevin.h@aol.com,+1-925-944-5267,2026-04-18,Sedan,8POR398,San Jose,4.83,True
DRV000416,Michael Pratt,michael.pratt@yahoo.com,+1-510-484-5129,2026-04-20,Van,5HGT718,SOMA,4.18,False
DRV000417,Amy Olson,aolson@hotmail.com,+1-650-467-4869,2026-02-08,Sedan,9WIC248,Financial District,4.35,False
DRV000418,Michelle Strong,mstrong@yahoo.com,+1-209-943-3740,2025-11-26,Sedan,6BGV153,SOMA,3.87,True
DRV000419,Cheryl Poole,cheryl.p@yahoo.com,+1-831-899-7390,2026-03-07,Sedan,3NLH916,North Beach,4.0,True
DRV000420,Benjamin Leach,benjamin.leach@gmail.com,+1-707-642-5466,2025-09-21,Sedan,5UGP572,San Jose,4.77,True
DRV000421,Kathleen Kane,kathleen.k@hotmail.com,+1-650-520-9972,2025-10-08,Sedan,1VAC206,Oakland,4.4,True
DRV000422,Jeffrey Houston,jeffreyhouston@gmail.com,+1-415-834-2506,2026-01-18,Sedan,4YQS222,Mission District,4.87,True
DRV000423,Kimberly Anthony,kimberly.a@yahoo.com,+1-510-912-4018,2025-05-31,Van,8RBL383,San Jose,4.42,True
DRV000424,Alan Barton,alanbarton@gmail.com,+1-925-995-2022,2026-03-22,Van,6ZGV282,North Beach,4.86,True
DRV000425,Stephanie Oneill,stephanieoneill@aol.com,+1-209-311-3357,2025-11-19,Sedan,LPC8234,Berkeley,4.19,True
DRV000426,William Kim,william.k@aol.com,+1-925-995-8305,2026-03-30,SUV,8DQY780,Haight-Ashbury,3.94,True
DRV000427,Olivia Cortez,olivia.c@gmail.com,+1-209-689-8144,2026-03-30,SUV,2OAY937,San Jose,4.12,True
DRV000428,Judy Foley,judy55@aol.com,+1-925-610-1904,2026-02-10,Luxury,YCN6571,Mission District,4.75,True
DRV000429,Johnny Mclaughlin,johnnymclaughlin@yahoo.com,+1-415-593-4129,2025-05-26,Economy,7XQJ186,Mountain View,4.56,True
DRV000430,Louis Dunn,louis.dunn@yahoo.com,+1-415-937-4907,2025-10-17,Sedan,2UQM954,San Jose,3.9,True
DRV000431,Robert Flores,robert.flores@hotmail.com,+1-415-615-2936,2026-04-22,Economy,9LRW252,Berkeley,3.51,True
DRV000432,Christopher Flores,cflores@aol.com,+1-415-682-1750,2024-11-04,SUV,3AQX940,San Jose,4.47,True
DRV000433,Billy Rose,billy.rose@gmail.com,+1-510-709-4613,2026-02-10,Economy,4LVZ794,Haight-Ashbury,4.43,True
DRV000434,Alexis Woodward,alexiswoodward@hotmail.com,+1-408-982-1746,2026-04-23,Sedan,IDD7801,SOMA,4.27,True
DRV000435,Julia Holmes,juliaholmes@icloud.com,+1-415-336-2637,2025-11-25,SUV,QJE8978,Mission District,3.69,True
DRV000436,Amanda Sanders,amanda.s@hotmail.com,+1-831-910-8798,2026-02-11,Luxury,FQN7750,Marina,4.39,False
DRV000437,Billy Green,billygreen@aol.com,+1-209-826-2442,2026-01-04,SUV,UJA4860,Marina,4.81,True
DRV000438,Sara Jimenez,sara89@icloud.com,+1-408-675-4409,2025-05-18,Sedan,4CDV585,North Beach,4.27,True
DRV000439,Lori Campbell,lori16@hotmail.com,+1-408-645-5118,2026-02-17,Economy,8BTY280,SOMA,3.89,True
DRV000440,Walter Boyer,walter.boyer@yahoo.com,+1-209-806-6340,2025-12-12,Sedan,6FCF342,Berkeley,4.21,True
DRV000441,Stephanie Anthony,stephanie.anthony@outlook.com,+1-209-255-8141,2026-04-30,SUV,8EJL298,Oakland,4.11,True
DRV000442,Anna Elliott,annaelliott@gmail.com,+1-415-487-3236,2026-02-24,Sedan,8LEI402,Financial District,4.77,True
DRV000443,Brittany Kline,brittany.k@icloud.com,+1-408-288-7745,2026-01-22,Sedan,MZP8581,Pacific Heights,4.77,True
DRV000444,Kelly Casey,kelly41@outlook.com,+1-408-805-3440,2026-02-06,Luxury,XKB8711,Berkeley,3.36,False
DRV000445,William Vincent,wvincent@outlook.com,+1-510-663-9114,2026-04-16,SUV,9TSK323,SOMA,3.79,True
DRV000446,Kathleen Yates,kathleen.yates@outlook.com,+1-925-365-8524,2024-10-30,Sedan,TAL3271,Palo Alto,4.85,True
DRV000447,Melissa Monroe,mmonroe@aol.com,+1-415-842-2158,2025-08-17,Sedan,6NHT814,Financial District,4.42,True
DRV000448,Rebecca James,rebecca89@aol.com,+1-415-727-6963,2026-01-09,Luxury,CJQ6989,Castro,4.18,True
DRV000449,Grace Peterson,gracepeterson@yahoo.com,+1-707-444-9841,2025-07-08,Sedan,8TTW819,Marina,4.18,True
DRV000450,Johnny Sandoval,johnny51@hotmail.com,+1-831-483-1892,2025-12-03,Luxury,6LNV581,Berkeley,4.77,True
DRV000451,Harold Buchanan,harold.b@hotmail.com,+1-510-392-8501,2025-09-04,Sedan,7XHY211,SOMA,4.79,True
DRV000452,Ralph Guzman,ralphguzman@yahoo.com,+1-415-500-7824,2025-06-29,SUV,ODJ8272,Berkeley,4.2,True
DRV000453,Justin Grant,justin.grant@yahoo.com,+1-707-621-6616,2025-05-08,Sedan,UMR9686,Palo Alto,4.9,True
DRV000454,Judith Owen,judithowen@hotmail.com,+1-650-466-4715,2025-05-05,Sedan,5UBJ566,SOMA,4.21,True
DRV000455,Dorothy Foley,dorothyfoley@yahoo.com,+1-650-365-4897,2025-07-18,Sedan,6OLJ310,Chinatown,3.55,True
DRV000456,Alan Clayton,alanclayton@hotmail.com,+1-209-752-3663,2026-04-28,Economy,DAY3381,North Beach,4.88,False
DRV000457,Michelle Jones,michelle.j@hotmail.com,+1-925-685-5748,2026-02-11,SUV,TZR8243,Castro,4.6,True
DRV000458,Deborah Miranda,deborahmiranda@aol.com,+1-510-515-1406,2025-07-29,Sedan,4LCB756,Marina,4.82,True
DRV000459,Jeffrey Simon,jeffrey.simon@gmail.com,+1-209-893-2431,2026-02-05,Luxury,KMP9381,Downtown SF,4.06,False
DRV000460,Patrick Wiggins,pwiggins@hotmail.com,+1-831-581-1199,2026-01-23,Economy,6ILO320,Berkeley,4.78,False
DRV000461,Amy Shepherd,amy66@yahoo.com,+1-831-946-7786,2024-05-23,Sedan,2DHZ637,Castro,4.17,True
DRV000462,Beverly Anthony,beverly.anthony@outlook.com,+1-925-624-3865,2025-09-23,SUV,STD4047,Palo Alto,4.73,True
DRV000463,Julia Serrano,julia15@icloud.com,+1-925-705-8593,2026-01-02,Sedan,1EHQ751,North Beach,4.02,True
DRV000464,Alan Briggs,alanbriggs@outlook.com,+1-408-229-2955,2026-04-16,Sedan,MZP6927,Financial District,4.53,True
DRV000465,Christina Paul,cpaul@aol.com,+1-510-582-9397,2025-11-06,SUV,AGP3394,Castro,3.81,True
DRV000466,Marie Harrison,marieharrison@gmail.com,+1-925-569-7873,2025-11-12,Sedan,YBH2258,Chinatown,3.38,True
DRV000467,Bruce Stephens,bruce.s@yahoo.com,+1-707-523-5932,2026-04-10,Sedan,6CPV113,SOMA,4.09,True
DRV000468,Virginia Tanner,virginia62@yahoo.com,+1-510-423-3532,2025-11-22,Economy,VUO9612,Palo Alto,4.45,True
DRV000469,Julia Hamilton,jhamilton@gmail.com,+1-510-334-1284,2026-03-09,SUV,5RDL711,Chinatown,3.71,True
DRV000470,Debra Salazar,debra.salazar@aol.com,+1-510-427-3108,2025-10-12,Van,DFD3133,Mission District,4.22,True
DRV000471,Emma Patterson,emma.patterson@outlook.com,+1-831-243-4217,2025-08-25,Luxury,9PMX144,Mission District,4.44,True
DRV000472,John Powell,john.p@yahoo.com,+1-408-389-6759,2026-04-29,SUV,3VYY456,Castro,4.56,True
DRV000473,Keith Barry,keith.b@icloud.com,+1-510-301-1229,2026-04-13,Sedan,SZE9800,Downtown SF,4.68,False
DRV000474,Betty Berry,bberry@hotmail.com,+1-650-650-2758,2026-03-10,Sedan,6ZLN517,Mission District,3.74,True
DRV000475,Benjamin Herrera,benjamin.herrera@icloud.com,+1-650-707-6918,2026-04-15,Van,OBI2895,Haight-Ashbury,4.36,True
DRV000476,Denise Abbott,dabbott@yahoo.com,+1-831-497-8011,2025-12-10,Sedan,2XUY476,SOMA,3.99,True
DRV000477,Juan Marks,juan.marks@outlook.com,+1-209-735-2392,2026-04-18,Sedan,7KPC272,Mission District,4.0,True
DRV000478,Ronald Mckenzie,ronald.m@outlook.com,+1-510-438-7958,2026-02-07,Luxury,HSP5472,San Jose,4.69,True
DRV000479,Logan Mcclain,lmcclain@aol.com,+1-831-696-9379,2026-03-10,Economy,8CGM743,SOMA,3.73,True
DRV000480,Louis Cruz,lcruz@aol.com,+1-415-383-7269,2026-04-19,Economy,IHQ2253,Oakland,4.3,True
DRV000481,Howard Hickman,howardhickman@hotmail.com,+1-209-702-9270,2025-12-26,Sedan,6VOA882,Downtown SF,4.49,False
DRV000482,Donald Bradford,donald67@outlook.com,+1-209-670-1589,2026-03-07,Sedan,9RUX268,North Beach,4.24,True
DRV000483,Helen Lang,helen.lang@icloud.com,+1-209-875-9837,2025-10-04,Sedan,MWN7412,Pacific Heights,4.73,True
DRV000484,Dennis Avery,dennis96@hotmail.com,+1-707-262-1461,2025-12-13,Sedan,DJV1440,San Jose,3.81,False
DRV000485,Debra Molina,dmolina@hotmail.com,+1-707-621-6755,2025-02-13,Van,4GQP804,Mission District,4.36,False
DRV000486,Sandra Hogan,sandra.hogan@icloud.com,+1-707-238-8551,2025-04-19,Sedan,KNK1334,Berkeley,3.45,True
DRV000487,Jennifer Clayton,jennifer.c@outlook.com,+1-707-786-2601,2025-05-13,Economy,CRI9237,San Jose,4.58,True
DRV000488,Gregory Wagner,gregory88@hotmail.com,+1-831-406-9142,2025-11-12,Sedan,ZBW4507,Pacific Heights,4.17,True
DRV000489,Scott William,scottwilliam@icloud.com,+1-510-934-2552,2026-04-08,Sedan,HON7997,Marina,3.49,True
DRV000490,Karen Morton,karen.m@hotmail.com,+1-831-879-9846,2026-03-30,Sedan,7KQL881,Chinatown,4.68,True
DRV000491,Robert Donaldson,robertdonaldson@icloud.com,+1-209-418-8656,2026-03-16,SUV,9VWX679,Berkeley,4.65,True
DRV000492,Teresa Bradley,tbradley@yahoo.com,+1-408-354-5919,2024-09-29,SUV,KWX4335,Palo Alto,4.79,True
DRV000493,Pamela Nash,pamela30@aol.com,+1-408-615-4907,2025-09-28,Economy,4AUI597,Chinatown,3.72,False
DRV000494,Adam Lindsey,adamlindsey@yahoo.com,+1-925-339-1477,2025-12-15,Sedan,5REW839,North Beach,3.91,True
DRV000495,Joseph Mendoza,joseph.m@hotmail.com,+1-510-616-6954,2025-09-30,Sedan,XKV3302,Marina,4.53,True
DRV000496,Louis Roth,louis.r@aol.com,+1-925-708-2478,2026-01-23,Sedan,2UIV854,Haight-Ashbury,4.87,True
DRV000497,Philip Valdez,philipvaldez@yahoo.com,+1-510-379-4507,2026-03-09,Sedan,LGP9034,Chinatown,3.49,True
DRV000498,Mark Clayton,mclayton@outlook.com,+1-408-484-3374,2025-06-01,SUV,6VAZ720,Downtown SF,4.68,True
DRV000499,Jane Edwards,janeedwards@hotmail.com,+1-831-516-6945,2025-05-18,Luxury,RNG8248,Haight-Ashbury,4.12,True
DRV000500,Tyler Pope,tyler.pope@yahoo.com,+1-925-415-3625,2025-03-09,Sedan,QWT7656,San Jose,4.95,True
DRV000501,Charles Marks,cmarks@hotmail.com,+1-831-302-3627,2025-10-24,Sedan,NJP9973,Berkeley,4.65,True
DRV000502,Marie Walker,mariewalker@aol.com,+1-209-856-3229,2025-12-04,Sedan,4QIC261,Marina,4.66,True
DRV000503,Howard Lynn,howard.l@aol.com,+1-831-527-8397,2026-02-06,SUV,3GRV918,Pacific Heights,3.91,True
DRV000504,Henry Flynn,hflynn@outlook.com,+1-408-221-1376,2026-03-17,Economy,QQX8576,Marina,4.24,True
DRV000505,Carol Evans,carol.e@outlook.com,+1-925-352-2459,2025-12-08,Sedan,EOA9615,Haight-Ashbury,3.7,False
DRV000506,Kyle Sweeney,kylesweeney@aol.com,+1-408-395-5361,2025-07-12,SUV,8JLF320,Palo Alto,4.67,True
DRV000507,Kathryn Grant,kathryngrant@outlook.com,+1-650-229-5754,2026-03-28,Sedan,GLG8506,Mission District,4.14,True
DRV000508,Paul Barton,pbarton@aol.com,+1-408-930-7283,2025-11-18,Economy,TGC1962,Downtown SF,3.88,True
DRV000509,Jacob Mcdowell,jacob.m@aol.com,+1-415-205-5155,2026-01-05,Economy,JZR3166,Mountain View,4.41,True
DRV000510,Dylan Garza,dylangarza@icloud.com,+1-209-547-8669,2026-03-18,SUV,6SLG420,Downtown SF,3.85,False
DRV000511,Jacqueline Ballard,jballard@hotmail.com,+1-925-827-5321,2025-09-28,Sedan,LET9049,San Jose,3.92,False
DRV000512,Carl Lamb,clamb@gmail.com,+1-408-352-1894,2025-09-30,Sedan,1MEM218,Mountain View,4.06,False
DRV000513,David Navarro,david.n@outlook.com,+1-209-704-2843,2026-03-23,Economy,WDC5654,SOMA,4.81,True
DRV000514,Angela Ellison,angela.e@aol.com,+1-408-797-1067,2025-07-01,Economy,OKB9161,Oakland,3.8,True
DRV000515,Frank Lewis,frank.lewis@outlook.com,+1-707-804-2737,2026-02-07,SUV,DCV8861,North Beach,4.84,True
DRV000516,Jonathan Maddox,jonathan.maddox@hotmail.com,+1-415-871-8423,2026-02-19,Luxury,3FBQ430,San Jose,3.83,True
DRV000517,Christopher Pugh,cpugh@gmail.com,+1-831-461-3916,2025-06-20,Economy,7CWE898,Haight-Ashbury,4.84,True
DRV000518,Bobby Oconnor,bobby.oconnor@hotmail.com,+1-209-642-6080,2023-05-01,Sedan,PJC7020,Chinatown,4.17,True
DRV000519,Zachary Bruce,zachary70@icloud.com,+1-831-292-7922,2026-03-12,Sedan,PLL1662,Chinatown,4.16,True
DRV000520,Noah Lawrence,noahlawrence@outlook.com,+1-510-497-8671,2025-07-29,SUV,8HZR407,Palo Alto,4.83,True
DRV000521,Kelly Roy,kelly.roy@icloud.com,+1-510-246-9411,2025-08-13,SUV,7KMS932,Pacific Heights,3.86,True
DRV000522,Madison Bennett,madison.bennett@gmail.com,+1-209-383-3985,2025-05-06,SUV,BKS6143,Financial District,4.31,True
DRV000523,Ashley Barrera,ashley.b@hotmail.com,+1-707-391-4458,2025-09-21,Sedan,5WCN105,Haight-Ashbury,4.82,True
DRV000524,Carol Rasmussen,crasmussen@aol.com,+1-831-873-8974,2026-02-14,SUV,6RZR923,Pacific Heights,4.02,True
DRV000525,Paul Thomas,paul.thomas@gmail.com,+1-408-227-4428,2026-01-11,Economy,3QLQ908,Chinatown,3.14,True
DRV000526,Nicole Campos,ncampos@outlook.com,+1-415-319-3721,2025-12-27,Economy,TLM1321,Palo Alto,3.91,True
DRV000527,Gary Knight,gary.k@outlook.com,+1-415-541-1129,2025-10-31,SUV,7ZWT710,Berkeley,4.7,True
DRV000528,Justin Flores,jflores@outlook.com,+1-209-437-1994,2025-06-08,Sedan,KIB7834,Mountain View,4.24,True
DRV000529,Christian Cardenas,christian92@outlook.com,+1-831-221-3643,2024-09-24,SUV,4MLN701,Mountain View,3.65,True
DRV000530,Bryan Tanner,bryantanner@hotmail.com,+1-831-626-6902,2026-03-03,Luxury,UVQ5627,Berkeley,3.98,True
DRV000531,Alan Hobbs,alanhobbs@yahoo.com,+1-650-820-9063,2026-04-25,SUV,7YMG670,Downtown SF,4.62,False
DRV000532,Carolyn Lindsey,carolynlindsey@yahoo.com,+1-415-265-6533,2025-10-19,Sedan,4DFG448,San Jose,4.68,True
DRV000533,Barbara Barron,barbarabarron@aol.com,+1-510-923-1826,2023-06-05,Sedan,LLV2817,Mission District,3.96,True
DRV000534,Billy Coleman,billy.coleman@icloud.com,+1-510-371-2934,2025-05-27,Sedan,XEH8233,San Jose,4.26,True
DRV000535,Deborah Russell,deborah29@hotmail.com,+1-650-325-4307,2025-05-21,Luxury,7TAV585,Castro,4.56,True
DRV000536,Carol Hughes,carol44@aol.com,+1-831-569-5021,2026-03-15,SUV,9KFU523,Mountain View,4.31,True
DRV000537,Judith Villarreal,judith97@gmail.com,+1-209-349-1162,2024-07-19,Economy,NBI7580,San Jose,4.04,True
DRV000538,Jessica Hancock,jessicahancock@icloud.com,+1-415-846-9516,2026-02-18,Sedan,KXS5986,Berkeley,4.34,True
DRV000539,Raymond Rodriguez,raymond.r@icloud.com,+1-650-917-7618,2025-10-11,Sedan,4XQQ552,Berkeley,4.6,True
DRV000540,Albert Hensley,albert35@gmail.com,+1-415-750-6480,2025-05-06,Sedan,3NOF623,Chinatown,4.62,True
DRV000541,Debra Bentley,debra.bentley@gmail.com,+1-925-447-5979,2025-07-11,Sedan,ZCB7110,Pacific Heights,3.01,True
DRV000542,Alexander Herrera,alexander.herrera@outlook.com,+1-925-786-1085,2026-03-04,SUV,4UZO742,Oakland,4.61,True
DRV000543,Jordan Nunez,jordan54@hotmail.com,+1-650-931-7187,2026-04-20,SUV,GIP6919,North Beach,4.65,True
DRV000544,Eugene Vincent,eugene.vincent@gmail.com,+1-415-635-3130,2025-08-03,Luxury,8CRK672,Chinatown,4.47,True
DRV000545,Shirley Blanchard,sblanchard@outlook.com,+1-209-949-7830,2025-12-31,Economy,DDS3119,Berkeley,3.91,True
DRV000546,Sara Wallace,sarawallace@outlook.com,+1-209-233-3569,2025-05-12,SUV,JYP7694,Mission District,3.48,True
DRV000547,Lawrence Mclaughlin,lawrence.m@yahoo.com,+1-510-580-5995,2026-03-22,Van,HMU3328,San Jose,3.22,True
DRV000548,Richard Bass,richardbass@yahoo.com,+1-209-202-3004,2025-10-26,Sedan,BBM6074,Financial District,4.0,True
DRV000549,Gregory Oconnor,gregory.o@yahoo.com,+1-650-716-8551,2025-11-29,Sedan,RDS2463,San Jose,4.32,True
DRV000550,Danielle Contreras,daniellecontreras@outlook.com,+1-707-753-1750,2026-03-01,Luxury,XTQ3713,Berkeley,4.65,True
DRV000551,Rose Jefferson,rose.jefferson@aol.com,+1-510-397-9877,2025-07-17,Sedan,BOE8796,Chinatown,3.77,False
DRV000552,Donald Holloway,donaldholloway@gmail.com,+1-925-410-5018,2026-03-27,Economy,VPC9741,Financial District,4.14,True
DRV000553,Jesse Carter,jesse.carter@hotmail.com,+1-831-384-7798,2026-03-07,Sedan,9IGC201,Chinatown,3.94,True
DRV000554,Andrew Stephens,andrew.stephens@yahoo.com,+1-925-617-3772,2026-04-01,SUV,6ESH201,Castro,4.51,True
DRV000555,Samuel Paul,samuel.paul@gmail.com,+1-408-445-4874,2026-04-23,Sedan,9KCB575,Chinatown,3.89,True
DRV000556,Andrea Young,andreayoung@gmail.com,+1-925-767-2663,2026-01-07,Economy,9QDO556,Mission District,4.47,True
DRV000557,Keith Cunningham,keith28@icloud.com,+1-650-451-9806,2025-08-09,Sedan,YOB8612,Palo Alto,4.0,True
DRV000558,Abigail Black,abigail.black@outlook.com,+1-925-812-5110,2026-02-15,SUV,JJQ9361,Pacific Heights,4.34,True
DRV000559,Amy Herring,amy.herring@hotmail.com,+1-510-604-3014,2026-04-21,Sedan,SZW4454,Financial District,2.56,True
DRV000560,Samantha Mcguire,samantha91@aol.com,+1-209-479-5029,2026-04-26,SUV,IFY6381,Downtown SF,3.98,False
DRV000561,Paul Nash,paul.n@outlook.com,+1-415-209-3843,2026-03-27,Sedan,8TNU764,Oakland,3.5,True
DRV000562,Linda Huynh,linda.huynh@hotmail.com,+1-831-815-6864,2025-08-07,Sedan,1DJF109,Marina,3.58,True
DRV000563,Johnny Ballard,johnny97@yahoo.com,+1-510-828-5967,2026-04-18,Sedan,FZZ1602,Pacific Heights,3.67,True
DRV000564,Randy Chan,randy.chan@yahoo.com,+1-831-313-5544,2026-02-13,Sedan,MOR3875,Mission District,4.19,True
DRV000565,Philip Morgan,philip26@icloud.com,+1-408-735-5494,2025-11-11,Economy,1ZSN358,Oakland,4.6,True
DRV000566,Kyle Williams,kyle.williams@hotmail.com,+1-831-616-5489,2025-09-01,Sedan,9MJT838,Marina,3.81,True
DRV000567,Victoria Sellers,victoria67@gmail.com,+1-831-399-6483,2026-02-15,Sedan,1ZFR176,Mountain View,4.06,True
DRV000568,Kevin Cortez,kevin.cortez@aol.com,+1-510-228-8863,2024-12-23,Sedan,1PQI356,Marina,4.48,True
DRV000569,Kathleen Luna,kathleen16@icloud.com,+1-408-274-8184,2026-03-30,SUV,QPC1994,Mountain View,3.71,True
DRV000570,Benjamin Morgan,benjamin.morgan@outlook.com,+1-415-508-8075,2025-11-26,Luxury,1OHJ198,Financial District,4.73,True
DRV000571,Cynthia Mcmillan,cynthia.m@gmail.com,+1-209-593-8605,2025-04-07,Luxury,WQI1425,North Beach,4.16,True
DRV000572,Jesse Hawkins,jesse.hawkins@gmail.com,+1-510-807-4172,2026-03-23,Sedan,DNJ8887,Berkeley,3.27,True
DRV000573,Melissa Briggs,melissa.briggs@gmail.com,+1-650-519-8140,2025-09-04,SUV,QJP9866,San Jose,4.88,True
DRV000574,Ethan Jefferson,ethan87@hotmail.com,+1-707-208-9481,2026-01-18,Sedan,RBN1894,Haight-Ashbury,3.82,True
DRV000575,Stephanie Gamble,stephanie.gamble@hotmail.com,+1-408-883-8794,2025-09-05,Economy,ZPI6499,Financial District,4.19,True
DRV000576,Frank Hunt,fhunt@gmail.com,+1-209-424-1060,2025-03-15,Sedan,SMF8876,Berkeley,4.54,True
DRV000577,Frank Anthony,fanthony@yahoo.com,+1-415-571-1162,2026-01-08,Sedan,1ODL746,Financial District,3.55,False
DRV000578,Patrick Campbell,patrickcampbell@yahoo.com,+1-925-378-4587,2025-10-19,SUV,SIO3925,Marina,4.3,True
DRV000579,Shirley Bell,shirleybell@outlook.com,+1-510-546-4444,2024-12-15,Economy,4JJE639,San Jose,4.82,False
DRV000580,Christina Morgan,christinamorgan@yahoo.com,+1-408-396-9725,2026-04-21,Economy,6ILQ147,San Jose,3.76,True
DRV000581,Edward Foley,edwardfoley@hotmail.com,+1-408-254-5588,2025-11-26,Sedan,WZX4428,Berkeley,3.98,True
DRV000582,Ethan Collier,ethan.collier@yahoo.com,+1-831-969-9342,2026-02-08,Economy,9MIJ811,North Beach,4.88,True
DRV000583,Christian Gallegos,christian.g@outlook.com,+1-415-412-4596,2026-03-16,Sedan,LGF7963,Mountain View,3.59,True
DRV000584,Kenneth Randall,kenneth.r@gmail.com,+1-650-969-2376,2026-02-24,Luxury,9JPM736,Castro,4.42,True
DRV000585,Megan Woodard,megan62@outlook.com,+1-707-479-7264,2026-04-25,SUV,8GQJ184,Pacific Heights,4.18,False
DRV000586,Gloria Bradshaw,gloria.bradshaw@hotmail.com,+1-408-300-2942,2025-12-03,Economy,1OIR356,Pacific Heights,4.53,True
DRV000587,Howard Alvarado,howard.a@yahoo.com,+1-925-208-5906,2024-12-15,Economy,6UKK693,San Jose,3.88,True
DRV000588,Ethan Oconnor,ethanoconnor@outlook.com,+1-408-432-4438,2025-06-12,Economy,9POM933,North Beach,4.52,True
DRV000589,Nancy Sparks,nsparks@aol.com,+1-831-414-8187,2026-02-11,SUV,9ADW412,Berkeley,4.39,True
DRV000590,Willie Cochran,williecochran@outlook.com,+1-831-902-7608,2026-03-25,Sedan,RHP1527,Mountain View,4.37,True
DRV000591,Frank Ashley,frank.a@icloud.com,+1-831-590-4345,2025-04-15,SUV,BKM6387,Financial District,3.21,False
DRV000592,Brittany Owen,brittanyowen@gmail.com,+1-650-232-9005,2026-03-17,Luxury,4BZH338,Pacific Heights,4.19,True
DRV000593,Sarah Avila,sarah17@icloud.com,+1-415-375-6353,2026-01-28,Economy,KEC9789,Haight-Ashbury,4.67,True
DRV000594,Sarah Lang,sarahlang@yahoo.com,+1-925-642-8778,2025-06-21,Sedan,5PNR382,Marina,4.15,True
DRV000595,Andrew Parrish,aparrish@icloud.com,+1-408-738-6388,2026-02-04,Luxury,WLO2492,Pacific Heights,4.34,True
DRV000596,Kyle Summers,kyle99@outlook.com,+1-650-625-5081,2026-02-23,SUV,7LXE682,Mission District,4.53,True
DRV000597,Barbara Obrien,barbara30@aol.com,+1-925-882-2093,2026-02-13,Economy,SFM2986,Castro,4.42,True
DRV000598,Anthony Hurst,ahurst@outlook.com,+1-650-458-4397,2026-03-06,Van,MBS8567,Haight-Ashbury,3.64,True
DRV000599,Aaron Pierce,aaron.pierce@gmail.com,+1-925-317-3236,2026-04-07,Luxury,8MBO348,Berkeley,4.83,False
DRV000600,Emily Mcdowell,emilymcdowell@yahoo.com,+1-415-821-2646,2025-12-09,SUV,2NKC881,Downtown SF,4.51,True
DRV000601,Michelle Cline,michellecline@yahoo.com,+1-415-891-9721,2025-03-16,Sedan,1VVQ833,Oakland,3.33,False
DRV000602,Heather Wong,heather.wong@icloud.com,+1-415-249-7183,2026-03-14,Sedan,YJG2497,Downtown SF,4.39,True
DRV000603,Patricia Hogan,patricia.hogan@yahoo.com,+1-510-880-3750,2026-01-23,Sedan,BNV6286,Chinatown,4.87,True
DRV000604,Danielle Carroll,dcarroll@outlook.com,+1-510-437-4502,2025-11-24,Sedan,6EKI498,Marina,4.54,True
DRV000605,Thomas Lamb,thomas.l@hotmail.com,+1-415-268-4580,2026-01-29,Van,8ZCN970,Financial District,3.81,True
DRV000606,Matthew Crosby,mcrosby@aol.com,+1-650-540-3872,2025-03-04,Sedan,WIW8899,Mission District,4.08,True
DRV000607,Marilyn Rivas,mrivas@icloud.com,+1-408-715-1217,2025-07-10,Sedan,2ITT734,Mission District,4.2,True
DRV000608,Virginia Conway,virginiaconway@yahoo.com,+1-831-409-1621,2025-04-27,Sedan,8TIH759,San Jose,4.98,True
DRV000609,Teresa Mosley,teresa92@gmail.com,+1-408-950-6427,2026-01-30,SUV,4OXR354,San Jose,3.49,True
DRV000610,Vincent Willis,vwillis@icloud.com,+1-707-387-8247,2026-03-31,Sedan,BMY1853,Oakland,4.75,False
DRV000611,Timothy Ellis,timothyellis@icloud.com,+1-408-441-9313,2026-04-20,Sedan,8ISG280,Financial District,4.36,True
DRV000612,Pamela Finley,pamelafinley@hotmail.com,+1-209-281-6891,2026-03-07,Luxury,3MKP543,San Jose,4.73,True
DRV000613,Andrea Thompson,athompson@gmail.com,+1-925-809-9801,2026-03-12,Economy,3GML484,Chinatown,3.55,True
DRV000614,Christopher Wilkins,cwilkins@yahoo.com,+1-650-394-1068,2026-03-31,Economy,9SJK525,Haight-Ashbury,4.77,False
DRV000615,Virginia Charles,virginia72@aol.com,+1-510-618-1636,2023-11-30,Sedan,DYE8148,Pacific Heights,4.08,True
DRV000616,Bobby Atkins,batkins@aol.com,+1-707-913-1945,2026-02-28,SUV,YTG1565,Mountain View,4.9,True
DRV000617,Rose Walker,rosewalker@hotmail.com,+1-209-897-3414,2025-12-02,Luxury,3AUQ493,Haight-Ashbury,3.6,True
DRV000618,Charles Gentry,cgentry@yahoo.com,+1-831-458-5951,2025-12-05,Economy,NXP7743,San Jose,4.7,False
DRV000619,Russell Sanders,russell.s@hotmail.com,+1-650-475-4432,2026-03-09,Luxury,KIZ9056,Downtown SF,3.62,True
DRV000620,Ethan Hoover,ehoover@aol.com,+1-925-950-8060,2025-10-09,SUV,6EDM614,Mission District,4.05,True
DRV000621,Jason Ryan,jason.ryan@aol.com,+1-650-977-4143,2026-03-03,Economy,7LXC751,SOMA,4.82,True
DRV000622,Nancy Oconnor,nancy25@gmail.com,+1-707-230-4846,2025-08-26,Sedan,2AGY781,Financial District,4.31,True
DRV000623,David Jenkins,david.j@gmail.com,+1-831-817-9520,2026-04-22,Economy,TYM6521,Financial District,3.58,True
DRV000624,Jack Allison,jackallison@hotmail.com,+1-831-587-1937,2026-01-08,Sedan,WUA7583,Berkeley,4.69,True
DRV000625,Emily Lewis,emily.lewis@icloud.com,+1-925-916-5072,2026-03-27,Sedan,8NRA753,Palo Alto,4.53,True
DRV000626,Gabriel Clay,gabriel15@aol.com,+1-209-439-8938,2025-12-27,Sedan,2JYY587,Oakland,4.89,True
DRV000627,Betty Gilmore,betty.g@yahoo.com,+1-650-732-9267,2026-01-27,Sedan,8UHR661,Palo Alto,4.39,True
DRV000628,Zachary Reynolds,zachary.r@yahoo.com,+1-408-416-3792,2025-03-12,Economy,RCL1478,SOMA,3.48,False
DRV000629,Katherine Bradford,katherinebradford@aol.com,+1-925-881-8803,2026-04-30,Sedan,RRX9060,Mission District,3.74,False
DRV000630,Christine Lawrence,christine.l@gmail.com,+1-707-586-7252,2026-04-28,Economy,UZL4823,Marina,4.29,True
DRV000631,Justin Alvarez,justin.alvarez@hotmail.com,+1-408-962-2902,2026-04-04,Sedan,DIJ1027,Pacific Heights,4.52,True
DRV000632,Janice Dunn,jdunn@hotmail.com,+1-707-895-3069,2026-01-28,Economy,PFK9819,Palo Alto,4.71,True
DRV000633,Donna Pittman,dpittman@aol.com,+1-209-350-5643,2026-04-28,SUV,1PIZ226,Pacific Heights,4.49,False
DRV000634,Randy William,randywilliam@outlook.com,+1-925-921-7171,2026-04-14,SUV,6DSW929,Marina,4.85,True
DRV000635,Susan Garza,sgarza@hotmail.com,+1-650-222-9977,2026-04-13,Sedan,7RZT500,Mission District,3.99,True
DRV000636,Larry Mcbride,larrymcbride@aol.com,+1-831-299-3144,2023-08-29,SUV,1WSL267,Financial District,4.32,True
DRV000637,Ralph Hobbs,ralphhobbs@yahoo.com,+1-408-966-4205,2025-10-12,Economy,ASO3418,Haight-Ashbury,3.81,False
DRV000638,Kelly Robertson,kelly.robertson@hotmail.com,+1-209-383-1859,2025-11-26,Economy,9QPZ742,Berkeley,3.74,True
DRV000639,William Moreno,wmoreno@outlook.com,+1-925-904-3826,2025-09-07,SUV,JRU2468,San Jose,3.36,True
DRV000640,Albert Huffman,ahuffman@hotmail.com,+1-415-322-2910,2026-03-22,Sedan,8QXF700,Financial District,4.06,False
DRV000641,Jeremy Gill,jeremy.gill@icloud.com,+1-650-593-8932,2025-12-11,Sedan,SHD6328,Mission District,3.92,True
DRV000642,Janice Weaver,janice.weaver@outlook.com,+1-209-265-9501,2026-03-14,SUV,OVQ4399,Oakland,4.06,False
DRV000643,George Mcmillan,georgemcmillan@gmail.com,+1-209-521-3015,2026-03-09,Sedan,4QCG871,Downtown SF,3.27,True
DRV000644,Ashley Weiss,ashley48@icloud.com,+1-650-633-1001,2025-10-28,SUV,1YNU774,Chinatown,4.18,True
DRV000645,Theresa Serrano,theresa98@icloud.com,+1-707-820-9818,2025-02-18,Sedan,RRB1601,Marina,4.82,True
DRV000646,Sharon Owens,sharon.o@yahoo.com,+1-707-484-3105,2026-01-30,Economy,KOG3675,Haight-Ashbury,4.24,True
DRV000647,Angela Vincent,angelavincent@icloud.com,+1-408-272-5413,2026-04-07,SUV,SFJ9379,Financial District,4.51,True
DRV000648,Michelle Huff,mhuff@gmail.com,+1-408-279-5425,2025-12-25,Sedan,2RKI191,Castro,4.7,False
DRV000649,Marie Colon,mariecolon@hotmail.com,+1-415-300-7179,2025-04-09,SUV,FYU3023,SOMA,4.24,True
DRV000650,Brandon Kane,brandon.kane@icloud.com,+1-707-917-5620,2026-04-19,Economy,PXE7382,SOMA,4.46,True
DRV000651,Amy House,amy.h@outlook.com,+1-209-806-3090,2026-01-04,SUV,9SRD681,Berkeley,4.86,True
DRV000652,Emily Rollins,emilyrollins@aol.com,+1-831-923-8500,2026-01-31,Sedan,6UNH538,Chinatown,2.8,False
DRV000653,Ryan Bass,ryan.bass@hotmail.com,+1-831-989-6123,2025-11-27,Sedan,QBG2534,SOMA,4.73,True
DRV000654,Nancy Klein,nklein@gmail.com,+1-831-893-9334,2025-02-25,Sedan,DMR9722,Berkeley,4.33,True
DRV000655,Patricia Avery,patricia.avery@aol.com,+1-831-919-9754,2025-11-19,Sedan,GTY9652,Oakland,4.02,True
DRV000656,Marilyn Hess,marilyn.h@yahoo.com,+1-650-276-7013,2026-04-15,SUV,NYK7211,SOMA,4.36,True
DRV000657,Mark Mckenzie,markmckenzie@icloud.com,+1-510-497-5901,2024-12-07,Sedan,5FTO322,Mountain View,4.21,True
DRV000658,Logan Boyer,lboyer@icloud.com,+1-209-258-6828,2024-12-22,Economy,8IJA839,SOMA,3.93,True
DRV000659,John Bell,jbell@yahoo.com,+1-510-741-9426,2025-10-27,Sedan,KXA5098,Marina,3.75,True
DRV000660,Virginia Holloway,vholloway@yahoo.com,+1-925-311-8185,2026-03-18,SUV,LDT1095,Castro,4.13,False
DRV000661,Tiffany Santos,tiffanysantos@hotmail.com,+1-415-336-7464,2026-02-11,Economy,6XEF590,Oakland,4.18,False
DRV000662,Donald Whitehead,donald.w@outlook.com,+1-650-532-7551,2025-11-17,SUV,YVK2797,Mission District,3.5,False
DRV000663,Steven Mendez,steven.m@gmail.com,+1-408-253-6605,2025-11-05,SUV,1LHM879,Haight-Ashbury,4.39,True
DRV000664,Michelle Winters,michellewinters@hotmail.com,+1-510-469-5052,2025-12-18,Sedan,LMU2688,Berkeley,4.2,True
DRV000665,Billy Ferguson,billy.f@aol.com,+1-650-434-2973,2026-03-25,Sedan,1HED118,Financial District,4.16,True
DRV000666,Susan Molina,susan.m@hotmail.com,+1-408-427-6507,2026-01-02,Sedan,1NQH375,Castro,4.14,True
DRV000667,Rachel Beasley,rachel41@gmail.com,+1-650-241-1008,2026-04-17,SUV,6FMX203,Haight-Ashbury,3.89,True
DRV000668,Hannah Vazquez,hannah52@gmail.com,+1-510-885-1223,2026-04-22,Sedan,UDJ6920,Berkeley,4.4,True
DRV000669,Sara Church,sarachurch@aol.com,+1-925-415-7292,2026-04-22,Luxury,2DTD700,Mountain View,4.19,False
DRV000670,Edward Hawkins,edward.hawkins@gmail.com,+1-707-508-8769,2026-04-06,Sedan,FSB4140,Haight-Ashbury,4.55,True
DRV000671,Nicholas Spears,nicholas54@outlook.com,+1-510-646-2109,2025-10-05,Luxury,9YNA713,Pacific Heights,3.34,True
DRV000672,Kimberly Mclaughlin,kimberly.m@gmail.com,+1-408-958-7512,2026-04-30,Economy,9WZE868,Chinatown,3.84,True
DRV000673,Marie Combs,marie.c@hotmail.com,+1-408-388-1058,2026-04-26,Sedan,4PAY625,North Beach,2.42,True
DRV000674,Vincent Pace,vincent43@yahoo.com,+1-925-925-5399,2026-01-31,Sedan,EBG1640,Oakland,4.21,True
DRV000675,Brenda Marshall,brenda.marshall@aol.com,+1-408-415-9758,2025-12-09,SUV,6QZI822,Mountain View,4.25,True
DRV000676,Vincent Marshall,vincent.m@hotmail.com,+1-707-258-1170,2025-07-30,Van,FZE1256,Chinatown,4.18,True
DRV000677,Marie Nolan,mnolan@aol.com,+1-925-841-4377,2026-01-29,SUV,FGP7479,SOMA,4.06,True
DRV000678,Russell Kemp,russellkemp@outlook.com,+1-510-707-3973,2025-09-06,SUV,3EMS763,Pacific Heights,3.93,True
DRV000679,Dorothy Rice,dorothy.r@yahoo.com,+1-510-346-2180,2026-04-19,Economy,8XZC639,SOMA,3.79,True
DRV000680,Patricia Mays,pmays@outlook.com,+1-415-312-1222,2025-12-20,Van,QBG2369,Pacific Heights,4.24,True
DRV000681,Bruce Crosby,bruce.crosby@gmail.com,+1-707-924-2392,2026-03-30,Luxury,8TXV414,Castro,4.71,True
DRV000682,Gary Reyes,gary79@aol.com,+1-510-221-1729,2026-01-01,SUV,5CXK101,Mountain View,3.09,True
DRV000683,Ryan Horn,ryanhorn@hotmail.com,+1-925-431-7303,2026-01-06,SUV,SXM2804,Marina,4.35,True
DRV000684,Larry Davenport,larry.d@hotmail.com,+1-510-569-2389,2026-02-11,Economy,PEN3971,Oakland,3.59,True
DRV000685,Alan Poole,alan89@hotmail.com,+1-510-477-9179,2025-07-18,Economy,YVS2251,San Jose,4.57,True
DRV000686,Joshua Rasmussen,joshua28@yahoo.com,+1-831-657-8838,2026-01-23,SUV,CLS3370,Mission District,4.88,True
DRV000687,Steven Nichols,steven59@hotmail.com,+1-209-634-8885,2026-04-26,SUV,KUI5028,Haight-Ashbury,4.33,True
DRV000688,Jacqueline Landry,jlandry@icloud.com,+1-408-593-2369,2025-11-05,SUV,KPS4593,Berkeley,3.35,True
DRV000689,Patrick Williams,patrick.williams@hotmail.com,+1-209-336-2804,2026-04-26,Luxury,6JWU242,Pacific Heights,4.19,True
DRV000690,Julia Whitehead,juliawhitehead@yahoo.com,+1-415-964-3257,2026-01-19,Economy,3JAZ480,Downtown SF,4.82,True
DRV000691,Jane Mccullough,jmccullough@icloud.com,+1-650-230-3406,2026-03-22,Sedan,2GAV526,SOMA,3.31,False
DRV000692,Ethan Kennedy,ethan77@outlook.com,+1-831-939-6526,2025-11-09,Sedan,1HEW132,Financial District,4.49,True
DRV000693,Keith Dixon,kdixon@outlook.com,+1-209-767-5227,2026-03-02,SUV,NSL3569,Pacific Heights,3.29,False
DRV000694,Teresa Oconnor,teresaoconnor@outlook.com,+1-415-424-7427,2026-04-27,Sedan,9PCS588,Castro,3.33,True
DRV000695,Julie Molina,julie.molina@hotmail.com,+1-831-399-5422,2025-10-08,Luxury,2JUI345,Pacific Heights,3.45,True
DRV000696,Margaret Morgan,margaret.m@gmail.com,+1-925-392-4305,2026-03-14,Luxury,AGZ1735,Financial District,4.45,False
DRV000697,Andrea Carter,andrea16@gmail.com,+1-925-208-6843,2025-12-27,Economy,YNI7400,Berkeley,4.69,True
DRV000698,Kimberly Jenkins,kjenkins@aol.com,+1-510-714-3460,2026-01-25,Sedan,7MWA265,SOMA,4.24,True
DRV000699,Charles Waller,charleswaller@yahoo.com,+1-650-987-3638,2025-07-30,Economy,NZP9573,Mountain View,4.19,True
DRV000700,Zachary Ford,zachary53@hotmail.com,+1-831-240-7350,2025-11-27,Sedan,2YOZ199,San Jose,3.65,True
DRV000701,Howard Jefferson,howard.jefferson@outlook.com,+1-510-665-6139,2025-08-27,Sedan,5EHJ191,Mission District,4.24,True
DRV000702,Cynthia Blankenship,cblankenship@hotmail.com,+1-209-865-3301,2025-02-23,Sedan,ZMJ5696,Haight-Ashbury,4.26,True
DRV000703,Joe Stevens,joe66@icloud.com,+1-707-582-2367,2024-10-14,Sedan,NGW1699,Financial District,4.26,False
DRV000704,Joseph Reid,joseph.r@gmail.com,+1-650-307-5762,2026-03-10,Sedan,7WFW785,Mission District,4.24,True
DRV000705,Megan Odom,modom@gmail.com,+1-510-384-2775,2025-05-15,Economy,XTF6385,Mission District,4.67,True
DRV000706,Bryan Knox,bknox@gmail.com,+1-925-665-1627,2026-02-17,SUV,YDF1513,Financial District,3.23,False
DRV000707,Jessica Sawyer,jsawyer@yahoo.com,+1-415-416-1375,2025-07-13,Luxury,RHQ2369,SOMA,4.83,True
DRV000708,Julie Bennett,jbennett@outlook.com,+1-408-885-5250,2024-11-22,Sedan,1CXI871,Pacific Heights,4.12,True
DRV000709,Rachel Glenn,rglenn@icloud.com,+1-650-913-8156,2025-04-24,Sedan,7VOX303,Mission District,4.37,True
DRV000710,Dylan Avery,dylan28@aol.com,+1-707-214-3465,2026-02-02,Sedan,YMI7658,Pacific Heights,3.73,True
DRV000711,James Bullock,jbullock@aol.com,+1-510-237-4581,2025-12-23,SUV,ESU7185,Marina,4.55,True
DRV000712,Edward Finley,edward11@hotmail.com,+1-415-509-6029,2026-04-10,Economy,WSQ8471,Haight-Ashbury,4.08,True
DRV000713,Alexander Mckee,alexander.m@hotmail.com,+1-510-380-8517,2025-09-10,Sedan,3OEL391,Palo Alto,4.53,True
DRV000714,Wayne Patel,wayne91@aol.com,+1-510-289-2700,2025-10-08,SUV,1QKM869,Financial District,4.48,False
DRV000715,Betty Tillman,betty.t@icloud.com,+1-415-883-5749,2025-08-05,Sedan,FUO2875,Marina,4.35,False
DRV000716,Ashley Conley,aconley@aol.com,+1-831-207-7138,2026-02-14,SUV,NGR6036,Palo Alto,4.52,False
DRV000717,Henry Curtis,hcurtis@gmail.com,+1-415-226-3512,2026-04-04,Van,VNT6201,Castro,4.3,True
DRV000718,Lawrence Schroeder,lawrence.s@outlook.com,+1-408-831-7444,2026-01-24,SUV,UPD7396,Berkeley,3.82,True
DRV000719,Samantha Mccall,smccall@yahoo.com,+1-510-927-3069,2026-01-23,SUV,QUV5263,Palo Alto,4.71,True
DRV000720,Samuel Cunningham,samuel.cunningham@gmail.com,+1-831-211-3507,2025-11-18,Van,9XCJ860,Berkeley,4.48,True
DRV000721,Kyle Sanford,kyle90@yahoo.com,+1-408-868-4633,2026-03-20,SUV,9VSU487,San Jose,3.83,True
DRV000722,Susan Alvarado,susanalvarado@aol.com,+1-415-853-2694,2025-09-11,Luxury,2CHX195,Mission District,4.13,True
DRV000723,Patrick Carroll,patrick.carroll@outlook.com,+1-415-623-2205,2026-02-05,SUV,2FKX748,Mountain View,3.97,True
DRV000724,Dorothy Daniels,dorothy.daniels@yahoo.com,+1-415-320-6616,2026-03-14,Sedan,MPO3595,Chinatown,4.64,True
DRV000725,Ashley Hawkins,ashley.hawkins@icloud.com,+1-415-730-9384,2025-10-10,SUV,FJX1483,Castro,4.35,True
DRV000726,Nancy Tran,nancy44@outlook.com,+1-408-294-6710,2025-08-21,Sedan,QMV8144,Chinatown,4.32,False
DRV000727,Deborah Cobb,deborahcobb@aol.com,+1-925-602-2685,2025-09-22,Sedan,TIU8992,Haight-Ashbury,4.61,False
DRV000728,Adam Mcknight,adam44@icloud.com,+1-510-821-7275,2026-04-30,Sedan,6JQB271,Mountain View,4.47,True
DRV000729,Roger Blake,rblake@hotmail.com,+1-707-607-1490,2025-12-06,Sedan,6LEG320,Oakland,4.49,True
DRV000730,Donna Patrick,donna.patrick@hotmail.com,+1-415-934-6388,2025-12-29,Sedan,6XOK716,Marina,4.4,True
DRV000731,Anthony Branch,anthony.b@aol.com,+1-510-787-7909,2026-03-29,Economy,LVF1813,San Jose,4.67,True
DRV000732,Barbara Alvarado,barbara.alvarado@gmail.com,+1-209-375-6355,2025-02-22,Sedan,GAA1076,Mountain View,3.69,True
DRV000733,Kimberly Small,kimberly.s@icloud.com,+1-415-545-1266,2026-03-10,Luxury,2VKH424,San Jose,4.44,True
DRV000734,Charles Bean,cbean@icloud.com,+1-415-602-5889,2025-08-09,Luxury,LWZ2989,Palo Alto,4.15,True
DRV000735,Joe Butler,joebutler@gmail.com,+1-415-342-2722,2026-02-04,Sedan,WSF2442,Marina,3.87,True
DRV000736,Jack Mercado,jack.mercado@hotmail.com,+1-415-313-1786,2026-02-23,SUV,BIP7218,Pacific Heights,4.06,True
DRV000737,Emily Nolan,emily.nolan@yahoo.com,+1-707-351-7771,2025-12-09,Sedan,RNG8830,Oakland,4.79,True
DRV000738,Brenda Bowers,brendabowers@gmail.com,+1-925-984-5853,2024-10-17,Van,JVG4373,Berkeley,4.26,True
DRV000739,Christian Murphy,christian.murphy@aol.com,+1-408-679-7308,2024-11-15,Sedan,2IVT626,Palo Alto,4.06,True
DRV000740,Helen Dalton,helendalton@icloud.com,+1-510-333-4584,2025-08-05,Sedan,KLQ4326,San Jose,3.68,True
DRV000741,Sarah Simon,sarahsimon@aol.com,+1-925-791-2672,2025-02-05,Luxury,2TGX291,Pacific Heights,4.31,True
DRV000742,Jane Chang,jane67@hotmail.com,+1-510-763-2377,2026-02-22,SUV,4DNN154,North Beach,4.26,True
DRV000743,Betty Evans,bevans@aol.com,+1-831-398-5816,2026-02-03,Sedan,3PNM543,Mission District,4.48,True
DRV000744,Diana Hammond,dianahammond@gmail.com,+1-415-236-5361,2025-11-16,Economy,9CFQ833,Haight-Ashbury,4.63,True
DRV000745,Betty Richards,betty98@outlook.com,+1-408-375-4335,2025-07-14,Sedan,5SHA289,Chinatown,4.81,False
DRV000746,Danielle Booker,daniellebooker@yahoo.com,+1-707-897-2137,2026-02-21,Sedan,6XDA585,Haight-Ashbury,3.53,True
DRV000747,Amanda Gibbs,amandagibbs@aol.com,+1-415-808-6769,2026-04-02,Sedan,PMG2792,Downtown SF,4.38,True
DRV000748,Judy Zimmerman,judy.z@icloud.com,+1-650-973-3401,2025-01-17,Sedan,CUI9039,Berkeley,3.56,True
DRV000749,Marie Osborne,mosborne@hotmail.com,+1-707-669-1222,2025-12-14,Sedan,HIN8935,Mission District,4.71,True
DRV000750,Terry Gamble,terrygamble@outlook.com,+1-408-875-3320,2024-10-31,Economy,1GTZ468,Marina,4.37,True
DRV000751,Deborah Oconnor,deborah.oconnor@hotmail.com,+1-209-739-3866,2026-01-08,Sedan,6XKK382,Pacific Heights,4.27,True
DRV000752,Dylan Kent,dylan99@icloud.com,+1-510-643-8455,2024-09-21,SUV,UJC1136,North Beach,3.7,False
DRV000753,Donna Callahan,donnacallahan@icloud.com,+1-925-838-3664,2025-08-15,Economy,5BHL322,Pacific Heights,4.85,True
DRV000754,Ashley Cruz,ashley72@gmail.com,+1-831-560-1010,2025-07-20,Luxury,3JHW781,San Jose,4.26,True
DRV000755,Daniel Saunders,danielsaunders@outlook.com,+1-510-497-4585,2026-01-30,Sedan,6GRK508,Mountain View,4.79,True
DRV000756,Eric Frank,eric86@yahoo.com,+1-831-895-6283,2026-02-10,SUV,DTG7820,Chinatown,4.66,True
DRV000757,Brandon Hughes,brandon.h@aol.com,+1-209-758-4004,2026-02-27,Economy,7CNS615,Mountain View,3.93,True
DRV000758,Carolyn Montoya,cmontoya@outlook.com,+1-831-620-8557,2024-10-11,SUV,9ATC243,Financial District,4.48,False
DRV000759,Gary Solomon,gary75@yahoo.com,+1-925-254-7433,2026-03-09,SUV,1MTN959,Downtown SF,4.38,True
DRV000760,Anna Buchanan,anna23@icloud.com,+1-510-497-8888,2024-06-18,Sedan,WDP9369,Berkeley,4.28,True
DRV000761,Olivia Duncan,oliviaduncan@icloud.com,+1-209-339-4662,2025-09-08,SUV,QEQ1105,San Jose,4.14,True
DRV000762,Roy Bradley,roy.bradley@gmail.com,+1-650-818-2983,2026-02-14,SUV,GCA9287,North Beach,4.55,True
DRV000763,Ashley Brock,abrock@yahoo.com,+1-408-759-5264,2026-01-30,SUV,RWQ8083,SOMA,3.71,True
DRV000764,Melissa Vargas,melissavargas@yahoo.com,+1-408-687-8871,2025-08-04,Economy,2YMR500,Haight-Ashbury,4.73,True
DRV000765,Margaret Pruitt,mpruitt@yahoo.com,+1-415-490-8488,2025-12-14,SUV,7AHQ772,Financial District,4.44,True
DRV000766,Alexander Washington,awashington@hotmail.com,+1-415-362-6861,2025-12-04,Luxury,WFX9602,Haight-Ashbury,3.06,True
DRV000767,Brian Rasmussen,brian29@aol.com,+1-707-670-3294,2025-01-06,SUV,5YBV595,Haight-Ashbury,3.95,False
DRV000768,Marilyn Holloway,marilyn.h@aol.com,+1-925-332-6309,2025-12-02,SUV,PPV2107,Downtown SF,4.66,True
DRV000769,Deborah Snyder,deborah.snyder@aol.com,+1-510-711-8805,2025-09-08,Luxury,4ZVT342,Mission District,3.72,False
DRV000770,Brian Charles,brian.charles@gmail.com,+1-925-317-1613,2025-11-06,SUV,BTP1482,Mountain View,4.88,True
DRV000771,Margaret Dorsey,margaretdorsey@aol.com,+1-408-400-5136,2026-03-22,Economy,5FTL641,San Jose,4.78,True
DRV000772,Daniel Dudley,daniel.dudley@yahoo.com,+1-415-343-1085,2025-12-04,Sedan,7OWI798,Berkeley,3.62,False
DRV000773,Russell Odom,rodom@yahoo.com,+1-408-784-8761,2026-01-05,Sedan,JXW2100,North Beach,4.43,True
DRV000774,Dennis Howard,dennis.howard@yahoo.com,+1-925-303-2932,2024-07-23,SUV,1PIF396,Mountain View,3.55,False
DRV000775,Heather Hood,heatherhood@hotmail.com,+1-510-747-4955,2026-04-16,Sedan,YNK1928,Chinatown,3.84,True
DRV000776,Mark Dudley,mark70@aol.com,+1-415-233-6538,2025-08-10,Sedan,4ITD660,Palo Alto,3.92,True
DRV000777,Ashley Collier,ashleycollier@outlook.com,+1-510-777-1579,2025-06-11,Sedan,2YPP182,Mountain View,4.52,True
DRV000778,Kimberly Saunders,kimberly.saunders@gmail.com,+1-209-719-4690,2026-01-22,Sedan,LHW4731,Downtown SF,4.89,False
DRV000779,Michael Vazquez,michael.v@outlook.com,+1-415-765-8899,2026-02-21,Sedan,7SLL241,Mission District,4.23,True
DRV000780,Amber Flynn,amberflynn@hotmail.com,+1-831-259-4902,2024-08-07,Luxury,1FTX912,Chinatown,4.26,True
DRV000781,Patricia Flowers,patricia.flowers@gmail.com,+1-650-649-3958,2026-01-11,SUV,6JRG399,SOMA,3.54,True
DRV000782,Jeremy Lamb,jeremy.lamb@gmail.com,+1-925-756-4372,2026-04-20,SUV,6XWL409,Castro,3.97,True
DRV000783,Justin Oconnor,justin.o@hotmail.com,+1-707-914-9870,2026-02-14,Luxury,BXS8966,Pacific Heights,3.13,True
DRV000784,Emily Ayers,emily39@aol.com,+1-408-325-7101,2024-09-11,Sedan,UAG8213,Oakland,4.01,True
DRV000785,Sandra White,sandra.white@hotmail.com,+1-925-802-7294,2025-11-27,Sedan,2BWJ119,Palo Alto,4.37,True
DRV000786,Joan Mitchell,joanmitchell@outlook.com,+1-650-875-8062,2025-10-24,Luxury,RAT1425,Mountain View,3.86,True
DRV000787,Gregory Estrada,gregoryestrada@gmail.com,+1-707-943-8111,2025-02-23,Economy,UYT2789,Chinatown,3.34,True
DRV000788,Vincent Briggs,vbriggs@outlook.com,+1-925-366-7247,2026-01-05,Sedan,4DAU380,Mission District,4.13,False
DRV000789,Cynthia Mckee,cynthia47@icloud.com,+1-831-239-5493,2026-04-02,Van,5UVP227,Pacific Heights,4.34,True
DRV000790,Samuel Gibbs,sgibbs@outlook.com,+1-415-650-1145,2026-01-21,SUV,6MVF159,Financial District,4.58,False
DRV000791,Stephen Oneill,stephen80@gmail.com,+1-209-384-5227,2025-12-12,Luxury,HWD3858,SOMA,4.61,False
DRV000792,Abigail Evans,abigail.evans@aol.com,+1-415-388-9302,2025-08-23,Luxury,PBS1996,Berkeley,3.16,False
DRV000793,Angela Moore,angela96@icloud.com,+1-415-814-4845,2026-02-17,Economy,2NCC308,Castro,4.61,True
DRV000794,Wayne Shepherd,wshepherd@hotmail.com,+1-650-225-6350,2026-02-01,Sedan,JZX7139,North Beach,4.18,False
DRV000795,Emma Cherry,emmacherry@hotmail.com,+1-415-497-3458,2025-07-13,SUV,APV9368,Berkeley,4.13,True
DRV000796,Roger Mccullough,rogermccullough@outlook.com,+1-415-872-3458,2026-02-18,Economy,2YYZ678,Chinatown,4.89,False
DRV000797,Rose Velez,rose.v@aol.com,+1-510-740-1842,2026-03-15,Sedan,RNI4195,Palo Alto,4.88,True
DRV000798,Gary Boone,gary41@yahoo.com,+1-209-522-2890,2026-01-29,Sedan,LYK2305,Castro,4.38,True
DRV000799,Karen Sawyer,ksawyer@icloud.com,+1-408-659-7862,2025-10-16,SUV,3YGX790,Financial District,3.18,True
DRV000800,Marilyn Guerrero,marilyn46@hotmail.com,+1-510-283-7692,2025-10-01,Economy,3OQU284,Mountain View,4.43,True
DRV000801,Kevin Cole,kevin63@icloud.com,+1-209-960-2654,2025-12-26,Luxury,1VAE174,SOMA,3.66,True
DRV000802,Sara Bruce,sara64@yahoo.com,+1-831-913-4955,2026-01-11,SUV,DXX2765,Berkeley,4.4,True
DRV000803,Amy Cochran,acochran@aol.com,+1-209-958-8138,2025-05-08,SUV,8STS703,Mountain View,4.6,True
DRV000804,Roger Mendoza,roger.mendoza@icloud.com,+1-707-890-8430,2026-03-20,Economy,8ESH891,Mission District,4.09,True
DRV000805,Christian Phelps,christian.p@icloud.com,+1-831-492-6288,2026-02-28,SUV,3YBY848,Marina,3.77,True
DRV000806,Brenda Pennington,brenda88@gmail.com,+1-707-491-3713,2026-02-26,Economy,5MFE365,Financial District,3.95,True
DRV000807,Cynthia Barrera,cynthiabarrera@gmail.com,+1-408-765-9334,2024-12-10,Sedan,AXY9844,Chinatown,4.14,True
DRV000808,Mary Glass,mary13@yahoo.com,+1-925-784-7987,2026-01-09,Economy,NVH2795,Berkeley,4.54,True
DRV000809,Donald Humphrey,dhumphrey@hotmail.com,+1-510-340-5562,2026-04-23,Sedan,DJC4644,Berkeley,3.99,True
DRV000810,Kenneth Trujillo,kenneth52@outlook.com,+1-510-923-6157,2026-01-20,Sedan,ACS9540,Castro,4.25,True
DRV000811,Carl Cline,carl.cline@aol.com,+1-415-451-3242,2026-01-04,Sedan,WFF8702,SOMA,4.26,True
DRV000812,Melissa Prince,melissaprince@yahoo.com,+1-510-728-4509,2026-04-03,SUV,2MPS139,Haight-Ashbury,3.97,True
DRV000813,Amber Molina,amber.m@yahoo.com,+1-707-695-9691,2026-03-31,SUV,EHG5786,Oakland,4.54,True
DRV000814,Rose Heath,rose86@icloud.com,+1-209-502-2581,2026-02-24,Van,5KLG535,Mission District,3.52,True
DRV000815,Samantha Cline,samantha24@aol.com,+1-831-921-3098,2026-04-29,Economy,MUM7750,Oakland,3.7,True
DRV000816,Justin Stokes,justinstokes@outlook.com,+1-415-775-6295,2026-03-08,SUV,6KVL366,Mountain View,4.26,True
DRV000817,Walter Pena,walter.pena@hotmail.com,+1-209-619-4625,2026-01-27,Sedan,EFQ6401,SOMA,3.76,True
DRV000818,Jennifer White,jennifer.white@aol.com,+1-707-561-2039,2026-03-15,SUV,NJF3572,Palo Alto,4.39,True
DRV000819,Kimberly Rios,kimberlyrios@hotmail.com,+1-707-623-4532,2026-02-06,Economy,GAV9627,Mission District,4.82,True
DRV000820,Walter Rivera,walter30@hotmail.com,+1-415-435-5051,2025-07-30,SUV,2VJK937,Berkeley,4.81,True
DRV000821,Nancy Watson,nancy.w@aol.com,+1-831-220-1241,2026-03-13,Sedan,OXC7408,Marina,4.39,True
DRV000822,Helen Barton,helen.b@aol.com,+1-415-509-5490,2024-08-25,SUV,2GRM398,Haight-Ashbury,4.55,True
DRV000823,Jose Branch,jbranch@hotmail.com,+1-408-591-1282,2025-11-24,Economy,SYT2774,North Beach,4.06,True
DRV000824,Michael Short,mshort@hotmail.com,+1-209-776-2785,2025-05-02,Sedan,IVZ2562,Chinatown,3.63,True
DRV000825,Hannah Valentine,hannah.valentine@yahoo.com,+1-831-831-8758,2026-01-15,Sedan,VTB9084,Pacific Heights,4.68,True
DRV000826,Amy Hogan,amy.hogan@hotmail.com,+1-831-205-5393,2026-04-21,Sedan,TUO6128,Oakland,4.83,True
DRV000827,Noah Hobbs,noah.h@aol.com,+1-510-307-7974,2026-02-20,Sedan,JTE2990,SOMA,4.05,True
DRV000828,Sandra Adams,sadams@yahoo.com,+1-209-343-9963,2025-11-27,Van,1HLH792,Pacific Heights,3.82,True
DRV000829,Amber Wolf,amberwolf@yahoo.com,+1-925-735-4349,2026-04-14,Economy,YJP8735,North Beach,3.82,True
DRV000830,Frank Harrison,frank.h@aol.com,+1-209-210-6205,2025-06-03,Sedan,3MZA818,Marina,4.84,True
DRV000831,Matthew Mercado,matthew68@gmail.com,+1-415-839-8679,2024-10-26,Sedan,BQW6651,Oakland,3.62,True
DRV000832,Deborah Alvarado,dalvarado@icloud.com,+1-925-576-7607,2026-04-06,Sedan,OQF3497,Mission District,4.12,True
DRV000833,Brenda Schmidt,brenda.s@gmail.com,+1-650-734-7274,2026-03-17,Sedan,5ZTQ584,Marina,4.28,True
DRV000834,Cynthia Hoffman,cynthia.h@yahoo.com,+1-650-368-8790,2026-02-21,Sedan,IXB9383,San Jose,4.22,True
DRV000835,Alan Carey,alan51@icloud.com,+1-510-446-7442,2026-02-09,Economy,7SJV424,Chinatown,4.3,True
DRV000836,Bryan Berry,bryan31@aol.com,+1-650-647-8235,2026-01-26,Sedan,5ROL456,SOMA,4.55,True
DRV000837,Janet Callahan,janet95@aol.com,+1-831-418-4129,2026-02-27,SUV,3YZF469,Chinatown,4.2,True
DRV000838,Jesse Park,jesse.park@hotmail.com,+1-925-714-1212,2025-02-11,Sedan,AHM1719,Berkeley,4.76,True
DRV000839,Stephen Waller,stephen.w@gmail.com,+1-209-822-8446,2026-02-16,SUV,8TQO206,Downtown SF,3.47,True
DRV000840,Billy Porter,billyporter@gmail.com,+1-831-322-1918,2026-04-21,Sedan,1IWH973,Marina,4.75,True
DRV000841,Louis Jackson,louis52@aol.com,+1-650-800-7000,2026-02-19,Sedan,YKV2007,Mission District,3.94,True
DRV000842,Johnny Maynard,johnny28@gmail.com,+1-650-654-1729,2025-08-04,Economy,4RKQ962,Palo Alto,4.3,False
DRV000843,Helen Gill,helen81@gmail.com,+1-707-677-2410,2025-11-26,SUV,MDC2415,SOMA,4.36,True
DRV000844,Bruce Thompson,bruce.thompson@yahoo.com,+1-707-671-2331,2026-04-15,SUV,YIR4130,Berkeley,4.71,True
DRV000845,Kimberly Park,kpark@aol.com,+1-925-382-5570,2025-07-19,Sedan,6KVH304,SOMA,4.95,False
DRV000846,Eric Eaton,eric.eaton@outlook.com,+1-707-792-6957,2025-10-24,Luxury,9LQV137,Palo Alto,4.76,True
DRV000847,Michelle Mercado,michellemercado@aol.com,+1-831-555-5729,2026-04-21,Sedan,9OTG625,San Jose,4.59,True
DRV000848,Sharon Golden,sharon.golden@gmail.com,+1-650-686-3290,2025-11-12,Economy,6JJP134,Castro,3.69,True
DRV000849,Rose Gates,rosegates@outlook.com,+1-209-542-6516,2025-10-29,Sedan,CXH8648,Chinatown,4.57,True
DRV000850,Jennifer Wiley,jwiley@icloud.com,+1-831-948-7542,2026-04-26,Economy,4GJI794,Haight-Ashbury,3.76,True
DRV000851,Cynthia Trujillo,ctrujillo@outlook.com,+1-925-791-7565,2026-04-06,Economy,EEH9586,Marina,4.52,False
DRV000852,Judy Washington,judy26@gmail.com,+1-510-516-3317,2026-02-09,Economy,LEA3416,Marina,4.66,False
DRV000853,Nicole Drake,nicoledrake@yahoo.com,+1-408-647-2477,2026-01-07,Luxury,EOU1081,North Beach,4.15,True
DRV000854,Betty Mcdowell,bmcdowell@aol.com,+1-408-683-7165,2024-07-22,Sedan,STC3105,Castro,2.82,False
DRV000855,Paul Mcclain,paul51@aol.com,+1-831-811-7452,2025-09-16,Sedan,JRZ1440,Marina,3.8,False
DRV000856,Amanda Wheeler,amanda57@hotmail.com,+1-415-825-7523,2025-11-18,Luxury,QDE4460,Pacific Heights,4.82,True
DRV000857,Gregory Charles,gregorycharles@outlook.com,+1-650-491-6096,2025-10-13,Economy,8AYK267,Haight-Ashbury,2.79,False
DRV000858,Margaret Moses,margaret20@aol.com,+1-510-871-7626,2026-03-11,SUV,AIO7291,Oakland,3.94,True
DRV000859,Walter Oconnor,woconnor@outlook.com,+1-415-510-7962,2025-05-31,SUV,2PUL481,San Jose,4.71,True
DRV000860,Christine Noble,christine.noble@yahoo.com,+1-831-744-7282,2025-11-24,Sedan,CAY5224,Marina,3.74,True
DRV000861,Amber Avila,amber.avila@outlook.com,+1-925-240-2991,2026-04-21,SUV,LBP7050,Pacific Heights,4.75,True
DRV000862,Juan Pittman,juan.p@hotmail.com,+1-650-500-6847,2026-03-04,Sedan,8IQP465,Berkeley,3.2,True
DRV000863,Amy Shaffer,amyshaffer@gmail.com,+1-510-329-3369,2025-10-10,Sedan,LHZ4999,Mountain View,4.29,True
DRV000864,Deborah Sexton,dsexton@gmail.com,+1-510-534-7107,2025-11-03,Sedan,2JZC752,Berkeley,4.23,True
DRV000865,Aaron Harris,aaron33@aol.com,+1-510-643-2907,2025-07-31,Economy,OZQ9833,Palo Alto,4.65,True
DRV000866,Marie Evans,marie.e@outlook.com,+1-408-978-8158,2026-02-22,Van,3HRP285,Oakland,4.79,True
DRV000867,Mary Dyer,mary.dyer@outlook.com,+1-650-481-5375,2026-03-27,Sedan,6CFS326,Mission District,4.16,True
DRV000868,Russell Faulkner,russell.f@outlook.com,+1-707-754-7374,2025-02-17,Sedan,9AIJ555,SOMA,4.43,True
DRV000869,Philip Conway,philip.c@aol.com,+1-650-889-7390,2025-11-19,Economy,1ROC598,Chinatown,4.69,False
DRV000870,Nancy Carroll,nancy77@hotmail.com,+1-925-968-6166,2026-02-27,Sedan,8AQE460,Financial District,3.57,True
DRV000871,Emma Sanchez,emma.s@aol.com,+1-209-440-7148,2025-03-19,Sedan,DPW2588,Haight-Ashbury,4.31,True
DRV000872,Mark Frost,markfrost@yahoo.com,+1-831-763-7693,2026-01-12,Luxury,4KPI471,Oakland,3.34,True
DRV000873,Alexis Tillman,alexis91@icloud.com,+1-831-430-7618,2026-04-13,Sedan,8HYE994,SOMA,4.62,True
DRV000874,James Sellers,jsellers@aol.com,+1-650-899-2610,2026-04-05,SUV,7ZKQ733,Marina,3.59,True
DRV000875,Joe Lowery,joe.l@icloud.com,+1-831-223-6325,2025-10-09,Economy,EQR7066,Downtown SF,3.43,True
DRV000876,Abigail Lang,abigail.l@yahoo.com,+1-650-668-7046,2025-03-28,SUV,GMS4273,Castro,4.69,True
DRV000877,Thomas King,thomas.k@outlook.com,+1-209-450-8268,2024-03-28,Economy,UZN2821,San Jose,4.64,True
DRV000878,Frank Mason,fmason@aol.com,+1-510-207-1529,2025-02-21,Sedan,KNM7313,Mission District,2.9,False
DRV000879,Eric Mercado,eric.m@aol.com,+1-415-649-8877,2025-08-15,Luxury,BVV1653,Castro,4.1,True
DRV000880,Roger Terrell,rterrell@outlook.com,+1-510-306-3391,2026-03-05,Luxury,TPU3768,Castro,4.21,True
DRV000881,Gregory Vargas,gvargas@yahoo.com,+1-925-299-6407,2026-04-25,Sedan,BXM5009,San Jose,3.82,True
DRV000882,Emma Humphrey,ehumphrey@aol.com,+1-925-781-5510,2025-10-22,SUV,TDH4621,Mountain View,3.94,True
DRV000883,Patrick French,patrickfrench@icloud.com,+1-925-686-8206,2026-03-05,Economy,EUD5789,Palo Alto,4.8,True
DRV000884,Brittany Chapman,brittanychapman@icloud.com,+1-925-351-1197,2025-12-26,Economy,9TZK733,Mountain View,4.3,True
DRV000885,Raymond Morrison,raymond.m@icloud.com,+1-707-735-7133,2026-02-04,Sedan,8QWM595,Mountain View,4.3,True
DRV000886,Lori Morgan,lorimorgan@hotmail.com,+1-408-429-3459,2026-04-20,Sedan,2QJL753,Mountain View,4.44,True
DRV000887,Angela Sexton,angelasexton@hotmail.com,+1-415-608-2619,2026-01-14,Economy,NHZ9810,Palo Alto,4.59,True
DRV000888,Joseph Duran,joseph.d@yahoo.com,+1-408-462-3993,2026-04-17,Sedan,QGR8472,SOMA,4.01,True
DRV000889,Marilyn Gross,marilyn80@gmail.com,+1-408-950-2043,2026-01-19,Economy,DHF4996,Financial District,4.41,True
DRV000890,Jeremy Pruitt,jeremy.p@gmail.com,+1-707-849-2196,2025-11-03,SUV,2LMC703,Marina,4.57,True
DRV000891,Scott Solis,scott.s@outlook.com,+1-510-937-8252,2025-09-03,Sedan,FUP8475,Downtown SF,3.72,True
DRV000892,Jose Berg,jberg@aol.com,+1-650-536-9311,2026-04-29,Sedan,5YHW354,Castro,3.54,True
DRV000893,Grace Lowery,glowery@gmail.com,+1-650-699-1106,2026-01-22,Economy,9MEB542,Oakland,3.97,True
DRV000894,Joan Mcguire,joan.m@yahoo.com,+1-408-997-2781,2025-11-22,Sedan,FNI9690,North Beach,3.96,True
DRV000895,Scott Oneill,scott.o@aol.com,+1-650-531-3562,2026-03-08,Luxury,7UWP260,Castro,4.62,False
DRV000896,Cheryl Oconnor,coconnor@aol.com,+1-925-434-5306,2025-11-04,Sedan,5JHS949,Berkeley,3.82,True
DRV000897,Brandon Vincent,bvincent@outlook.com,+1-415-980-7620,2025-11-23,SUV,7JUZ885,Pacific Heights,4.89,True
DRV000898,Randy Elliott,randy36@hotmail.com,+1-707-224-6273,2026-02-16,Van,7IOF320,Financial District,3.88,True
DRV000899,Stephen Fisher,stephenfisher@yahoo.com,+1-707-940-8859,2026-02-05,Sedan,PYY7390,Berkeley,4.11,False
DRV000900,Randy Pacheco,randy41@icloud.com,+1-831-260-2661,2026-03-29,SUV,6HJY213,North Beach,4.51,True
DRV000901,Angela Cox,acox@yahoo.com,+1-650-803-5896,2026-04-15,Van,OLI9955,San Jose,4.33,True
DRV000902,Carl Chang,carl.chang@yahoo.com,+1-510-916-6143,2024-08-31,Sedan,JUT4519,SOMA,3.29,True
DRV000903,Ryan Blankenship,ryan56@yahoo.com,+1-925-461-1379,2025-10-11,SUV,7LUU951,Chinatown,4.17,True
DRV000904,Gloria Kirk,gloria.k@outlook.com,+1-415-716-6358,2024-02-24,Sedan,MOQ2237,Financial District,4.62,True
DRV000905,Carl Alexander,carlalexander@icloud.com,+1-510-787-8675,2026-03-02,SUV,ZTT8060,Palo Alto,4.44,True
DRV000906,Evelyn Simpson,evelyn93@gmail.com,+1-650-863-6567,2026-04-29,Economy,7XKH738,Palo Alto,4.41,True
DRV000907,John Sandoval,jsandoval@yahoo.com,+1-925-428-6351,2025-11-09,Sedan,QFV6810,Mountain View,4.65,False
DRV000908,Theresa Porter,theresaporter@yahoo.com,+1-925-385-2653,2025-07-05,SUV,1UOY435,Palo Alto,3.02,True
DRV000909,Ryan Lamb,ryanlamb@hotmail.com,+1-650-634-5441,2025-03-16,Luxury,4UAW550,Mission District,4.46,True
DRV000910,Dennis Lewis,dennislewis@outlook.com,+1-415-657-8185,2025-05-24,Sedan,4UPD279,Chinatown,3.29,False
DRV000911,Emily Villarreal,emilyvillarreal@yahoo.com,+1-510-700-6871,2026-04-27,Van,IEZ9305,Castro,4.22,True
DRV000912,Roger Patterson,roger.patterson@gmail.com,+1-831-630-7558,2025-06-23,Sedan,CJI2069,Haight-Ashbury,4.34,False
DRV000913,Albert Brock,albert.brock@aol.com,+1-831-682-1259,2025-10-05,SUV,HQI3305,Palo Alto,4.06,True
DRV000914,Arthur Martinez,arthur.m@yahoo.com,+1-650-911-8697,2026-03-27,Luxury,BUW5801,Castro,4.6,True
DRV000915,Kenneth Glenn,kennethglenn@icloud.com,+1-650-959-3975,2026-03-09,Economy,2UAF513,Oakland,4.29,True
DRV000916,Shirley Cherry,shirley.cherry@gmail.com,+1-707-229-8708,2025-08-21,Sedan,3XBJ712,Berkeley,4.68,True
DRV000917,Kenneth Sullivan,kenneth11@yahoo.com,+1-510-629-2086,2025-05-20,Luxury,8MKX550,SOMA,4.41,False
DRV000918,Brittany Smith,bsmith@outlook.com,+1-925-331-6290,2026-04-06,Economy,JPS8828,North Beach,4.78,True
DRV000919,Lawrence Vazquez,lawrencevazquez@icloud.com,+1-650-346-4695,2026-03-14,SUV,TSH2724,Marina,4.26,True
DRV000920,Melissa Valdez,melissa48@aol.com,+1-209-884-9518,2025-05-03,SUV,ZGX6373,Haight-Ashbury,4.76,True
DRV000921,Donna Best,dbest@aol.com,+1-415-402-3984,2025-08-17,Sedan,1VGK111,Financial District,3.9,True
DRV000922,Raymond Payne,raymond.p@outlook.com,+1-209-419-8425,2026-01-30,Economy,ODH9429,Mountain View,4.7,True
DRV000923,Melissa Pope,mpope@icloud.com,+1-209-879-2581,2025-06-13,SUV,INB6987,Haight-Ashbury,1.71,False
DRV000924,Marie Tran,marietran@outlook.com,+1-510-323-5844,2025-07-20,SUV,6HLZ184,Palo Alto,4.34,False
DRV000925,George Wiggins,georgewiggins@yahoo.com,+1-408-994-1273,2026-02-24,Sedan,6NUO643,Chinatown,3.94,True
DRV000926,Harold Roman,haroldroman@aol.com,+1-650-583-3600,2026-02-10,SUV,3QWF869,Berkeley,4.55,True
DRV000927,Billy Garrison,billy35@gmail.com,+1-831-503-7386,2026-01-10,Economy,ZXM3230,Berkeley,3.31,False
DRV000928,James Ward,james.w@aol.com,+1-925-413-2094,2025-12-02,Sedan,7DME926,Marina,4.03,True
DRV000929,Kenneth Nash,knash@icloud.com,+1-408-454-6741,2025-09-12,Sedan,5DKS699,Oakland,4.31,True
DRV000930,Joan Vargas,joan96@hotmail.com,+1-415-852-2921,2026-04-15,Sedan,NUP4804,Oakland,4.27,True
DRV000931,Ashley Barr,abarr@yahoo.com,+1-510-972-6593,2025-12-10,Sedan,YBV5185,Mission District,3.93,True
DRV000932,Kelly Rivas,krivas@hotmail.com,+1-408-735-2688,2026-04-09,Sedan,6GWM818,Haight-Ashbury,4.13,True
DRV000933,Brittany Barnes,brittany45@hotmail.com,+1-707-629-5116,2026-04-01,Sedan,CCU4977,Financial District,4.71,True
DRV000934,Beverly Kemp,beverly95@gmail.com,+1-209-774-7157,2026-04-27,Sedan,WRB2766,Financial District,4.47,True
DRV000935,Logan Perry,logan.perry@gmail.com,+1-408-569-7911,2026-01-07,Sedan,SBQ8212,Palo Alto,3.9,True
DRV000936,Teresa Green,tgreen@aol.com,+1-415-421-3961,2025-11-05,Luxury,6CXU846,North Beach,3.49,False
DRV000937,Nicholas Gates,nicholas97@hotmail.com,+1-408-483-8307,2026-03-24,Sedan,ISQ3631,Marina,4.05,True
DRV000938,Austin Yates,ayates@hotmail.com,+1-650-711-2456,2026-03-31,Sedan,9TVF948,Pacific Heights,4.71,True
DRV000939,Vincent Patel,vpatel@hotmail.com,+1-209-854-4050,2026-01-26,Van,FWM6521,San Jose,4.53,True
DRV000940,Patrick Mason,patrick31@gmail.com,+1-510-394-6087,2025-12-22,SUV,SOT9818,SOMA,3.81,True
DRV000941,Ralph Richardson,ralph.richardson@gmail.com,+1-831-469-3388,2025-11-19,Sedan,NKX2697,Palo Alto,3.58,False
DRV000942,Emma Ochoa,emma.ochoa@hotmail.com,+1-408-653-1668,2025-09-27,SUV,3RHM953,Berkeley,3.81,False
DRV000943,Gary Guerrero,garyguerrero@yahoo.com,+1-415-503-4992,2026-03-19,Sedan,WML4149,Haight-Ashbury,3.19,True
DRV000944,Terry Solomon,terry.s@outlook.com,+1-925-923-6963,2026-04-13,Luxury,GJX4845,Castro,4.65,True
DRV000945,Karen Owens,karenowens@icloud.com,+1-650-298-9314,2025-12-28,Sedan,NCV4732,Berkeley,4.47,True
DRV000946,Olivia Strickland,oliviastrickland@outlook.com,+1-925-788-1871,2026-04-01,Sedan,8MLY275,Downtown SF,4.23,True
DRV000947,Grace Buchanan,grace17@outlook.com,+1-650-265-6806,2026-03-23,Sedan,5OYS830,Financial District,4.65,True
DRV000948,Randy Marshall,randymarshall@aol.com,+1-209-517-9821,2025-07-31,Sedan,HGU9322,Haight-Ashbury,4.38,True
DRV000949,Sean Brennan,sean.brennan@icloud.com,+1-415-929-6871,2026-02-04,Economy,UBB7778,Berkeley,4.01,True
DRV000950,Deborah Hammond,deborahhammond@yahoo.com,+1-415-864-9109,2025-01-31,Sedan,ICK7347,San Jose,4.45,True
DRV000951,Ralph Gallegos,ralph27@yahoo.com,+1-510-518-6818,2026-03-29,Economy,7WME511,Marina,4.06,True
DRV000952,Diana Tillman,diana20@outlook.com,+1-510-736-5223,2026-02-15,Sedan,1ZBJ272,Downtown SF,4.95,False
DRV000953,Sara Wilson,sara10@outlook.com,+1-925-228-7141,2025-06-09,Sedan,YEQ3978,Chinatown,3.67,True
DRV000954,Raymond Jenkins,raymondjenkins@icloud.com,+1-707-787-3898,2026-02-25,SUV,SWE3438,Palo Alto,4.48,True
DRV000955,Linda Cardenas,linda.c@gmail.com,+1-925-498-2765,2025-11-21,Economy,3PEC297,Financial District,4.7,True
DRV000956,Billy Hogan,billy.h@outlook.com,+1-209-319-2072,2025-06-19,SUV,6DYM913,Haight-Ashbury,4.02,True
DRV000957,Jessica Atkinson,jessica.a@gmail.com,+1-510-879-6251,2025-05-01,SUV,OSN9951,Oakland,4.03,True
DRV000958,Samuel Harrison,samuelharrison@hotmail.com,+1-831-613-8129,2024-11-01,Sedan,8ACO724,Haight-Ashbury,4.25,True
DRV000959,Cynthia Briggs,cynthia.briggs@icloud.com,+1-415-392-2461,2025-07-30,SUV,9EIB128,Downtown SF,4.56,False
DRV000960,Jerry Payne,jerry.p@gmail.com,+1-831-956-9329,2026-02-05,Sedan,EJS4514,Mission District,4.48,True
DRV000961,Melissa Contreras,melissa.contreras@aol.com,+1-408-707-4387,2025-10-13,Sedan,PBJ2905,Mountain View,4.4,True
DRV000962,Kathleen Valdez,kathleenvaldez@outlook.com,+1-408-580-7585,2025-10-25,Sedan,3PQG532,Oakland,3.15,True
DRV000963,Bruce Park,bruce36@outlook.com,+1-415-625-7777,2026-04-15,Sedan,4VMP741,Berkeley,3.98,True
DRV000964,Ralph Hess,ralphhess@gmail.com,+1-510-318-3603,2026-04-24,Economy,MEI5202,Oakland,4.57,True
DRV000965,Marie Wiggins,marie.w@hotmail.com,+1-925-783-5284,2026-03-01,Sedan,2KXF188,Chinatown,3.62,False
DRV000966,Stephanie Medina,stephanie.medina@outlook.com,+1-209-311-2825,2026-04-17,Sedan,7ETU347,Haight-Ashbury,3.64,True
DRV000967,Nathan Henry,nathan.h@gmail.com,+1-408-986-4447,2025-12-20,Sedan,BAD5109,Mountain View,3.5,True
DRV000968,Noah Bradley,noah.bradley@outlook.com,+1-831-356-5780,2026-04-18,SUV,FQI8190,Downtown SF,4.82,True
DRV000969,Sarah Parks,sarah.p@hotmail.com,+1-650-346-9964,2026-02-10,Sedan,BRK9753,Downtown SF,4.5,True
DRV000970,Carol Bowers,carol.bowers@yahoo.com,+1-510-900-4828,2024-12-23,Luxury,1OVT222,Palo Alto,4.2,True
DRV000971,Bruce Hill,bruce.h@gmail.com,+1-415-864-8805,2025-11-16,SUV,QHQ8367,Mountain View,4.77,True
DRV000972,Wayne Serrano,wayne88@hotmail.com,+1-209-690-3509,2026-03-02,SUV,6FHT497,Pacific Heights,4.59,False
DRV000973,Jack White,jack65@yahoo.com,+1-415-670-7723,2024-01-11,Sedan,OFK6782,Marina,3.66,False
DRV000974,Victoria Hoover,vhoover@outlook.com,+1-831-674-6956,2025-10-05,Luxury,7DNG829,Marina,4.46,True
DRV000975,Russell Valdez,russell89@outlook.com,+1-831-583-6028,2026-02-18,Sedan,3MOL952,San Jose,4.41,False
DRV000976,Joyce Diaz,joycediaz@hotmail.com,+1-650-875-7296,2025-05-16,Sedan,LYA4382,Haight-Ashbury,4.74,True
DRV000977,Brian Colon,brian.c@yahoo.com,+1-831-788-4240,2025-08-15,SUV,6MWD598,Castro,4.15,True
DRV000978,Emma Barry,emma.barry@aol.com,+1-510-266-2404,2026-01-17,Sedan,1ICY465,Marina,4.85,True
DRV000979,Jason Drake,jason18@icloud.com,+1-707-797-8317,2025-04-11,SUV,3HCO255,SOMA,3.65,True
DRV000980,Harold Horne,haroldhorne@icloud.com,+1-209-916-5607,2026-04-06,SUV,XZR3402,Mountain View,3.44,True
DRV000981,Ashley Nelson,anelson@outlook.com,+1-831-688-3792,2026-04-19,SUV,PZJ8224,Financial District,4.2,True
DRV000982,Zachary Thompson,zachary.t@hotmail.com,+1-707-287-7061,2025-11-09,SUV,3QRX213,Mountain View,4.42,True
DRV000983,Lori Hansen,lori91@hotmail.com,+1-510-563-9105,2024-11-12,Sedan,7ZJG625,Pacific Heights,4.06,False
DRV000984,Michael Rojas,michaelrojas@gmail.com,+1-408-917-6023,2025-10-19,Economy,7IHZ772,North Beach,4.3,True
DRV000985,Christine Dodson,christinedodson@icloud.com,+1-415-952-1314,2025-12-20,Sedan,4XJA788,Pacific Heights,3.96,True
DRV000986,Christine Acosta,cacosta@outlook.com,+1-707-335-6672,2025-11-06,Sedan,OMG8370,Mountain View,4.78,True
DRV000987,Alan Lloyd,alan.lloyd@gmail.com,+1-650-980-2753,2026-01-21,Economy,3JEU897,Mission District,3.32,False
DRV000988,John Anderson,john.a@gmail.com,+1-650-796-8549,2024-08-30,Sedan,IRP1920,Berkeley,4.26,True
DRV000989,Philip Bennett,philip.bennett@aol.com,+1-510-203-8093,2026-03-21,Sedan,GBC6249,Oakland,4.23,True
DRV000990,Cheryl Peters,cheryl.p@aol.com,+1-650-680-5719,2025-08-08,Luxury,PWL9316,Downtown SF,3.99,True
DRV000991,Ronald Sandoval,ronald.s@icloud.com,+1-408-916-3031,2025-05-29,Economy,BEI4730,SOMA,3.81,True
DRV000992,Beverly Pittman,bpittman@icloud.com,+1-925-423-7988,2024-05-19,Sedan,6TNR799,Pacific Heights,4.44,True
DRV000993,Dorothy Morgan,dorothy.morgan@outlook.com,+1-707-950-1989,2026-04-18,Van,VCT8306,Downtown SF,4.61,False
DRV000994,Juan Castillo,juan.c@hotmail.com,+1-510-782-5299,2025-01-16,Sedan,IJV7069,North Beach,4.36,True
DRV000995,Hannah Sparks,hannahsparks@yahoo.com,+1-650-243-6781,2026-01-10,SUV,8IUY512,North Beach,4.58,False
DRV000996,Noah Beard,noahbeard@aol.com,+1-831-629-1401,2025-12-29,Sedan,UJW3447,Haight-Ashbury,2.89,True
DRV000997,Christina Osborn,christinaosborn@icloud.com,+1-650-422-2553,2026-02-16,SUV,8DIA501,SOMA,4.26,True
DRV000998,Austin Simon,austinsimon@outlook.com,+1-209-643-8128,2026-02-07,Sedan,EZB2736,Mission District,4.62,False
DRV000999,Randy Booker,randy87@yahoo.com,+1-408-731-9097,2026-03-31,Sedan,KAI3598,Castro,3.56,True
DRV001000,Alexis Horne,alexis.h@gmail.com,+1-650-742-5618,2025-12-03,Sedan,6UWJ584,Mission District,4.51,True
DRV001001,Jack Hoover,jackhoover@hotmail.com,+1-408-520-8801,2026-02-06,SUV,OPI4184,Mountain View,4.09,True
DRV001002,Samuel Fuentes,samuelfuentes@aol.com,+1-408-455-9005,2026-01-06,Sedan,XIW7293,San Jose,4.61,True
DRV001003,Samuel Bennett,sbennett@outlook.com,+1-925-268-8364,2026-02-02,Luxury,4UHD968,San Jose,3.55,True
DRV001004,Amy Carpenter,amy.carpenter@hotmail.com,+1-707-835-8906,2025-01-29,SUV,UYM6147,Financial District,4.38,False
DRV001005,Stephanie Nash,stephanie.n@icloud.com,+1-510-502-1992,2025-12-18,Sedan,FUH7160,Haight-Ashbury,4.71,True
DRV001006,John Mccormick,johnmccormick@yahoo.com,+1-925-225-1472,2025-04-29,Economy,TCM3418,North Beach,4.54,True
DRV001007,Carl Silva,csilva@hotmail.com,+1-510-480-8470,2025-12-26,Economy,8HPI117,Mission District,4.62,True
DRV001008,Katherine Morse,katherine71@yahoo.com,+1-707-937-7144,2025-06-27,Sedan,QQK6351,Financial District,3.98,False
DRV001009,William Morrison,william46@icloud.com,+1-415-723-1915,2026-01-25,Sedan,SMY3292,SOMA,3.35,True
DRV001010,Dorothy Wheeler,dorothy21@hotmail.com,+1-707-283-7760,2025-02-27,SUV,2MON757,San Jose,4.61,True
DRV001011,Michelle Velez,michellevelez@outlook.com,+1-650-318-5272,2025-12-29,Luxury,1QOB963,Berkeley,4.78,True
DRV001012,David Rivera,davidrivera@yahoo.com,+1-650-712-6234,2025-10-04,Luxury,7ATM785,Berkeley,4.33,True
DRV001013,Austin Bailey,austinbailey@icloud.com,+1-415-413-4760,2026-03-09,Sedan,ASP7031,Chinatown,4.53,False
DRV001014,Kevin Short,kevinshort@icloud.com,+1-415-842-5610,2026-02-13,Economy,6NEF722,Pacific Heights,4.15,True
DRV001015,Katherine Guerrero,katherine.guerrero@aol.com,+1-925-662-1472,2026-04-01,Sedan,9UFC496,San Jose,4.65,True
DRV001016,Timothy Hart,timothy82@aol.com,+1-408-807-5970,2026-04-05,Luxury,1QFX963,Pacific Heights,3.48,True
DRV001017,Michael Park,michaelpark@yahoo.com,+1-707-411-9185,2025-10-21,Sedan,KIZ3707,Mountain View,3.78,True
DRV001018,Grace Buck,gracebuck@gmail.com,+1-510-200-1511,2026-02-06,Sedan,WYY5971,North Beach,4.05,True
DRV001019,Judy Mason,judy.mason@hotmail.com,+1-408-861-4125,2025-10-09,Economy,TJH1366,Pacific Heights,4.41,True
DRV001020,Donald Frank,donald28@outlook.com,+1-408-323-1497,2025-07-07,Sedan,YEC4847,North Beach,4.39,False
DRV001021,Dylan Barron,dylan44@gmail.com,+1-209-264-3511,2026-01-10,Economy,7RAM950,North Beach,3.94,True
DRV001022,Patricia Finley,patricia.finley@hotmail.com,+1-925-936-8850,2026-04-12,Sedan,5AHW340,Berkeley,4.22,True
DRV001023,James Buchanan,james.b@outlook.com,+1-209-437-1774,2026-04-14,SUV,2PLM267,Castro,4.57,True
DRV001024,Virginia Dodson,virginiadodson@hotmail.com,+1-707-616-3850,2025-06-18,SUV,JZT3418,Palo Alto,3.98,True
DRV001025,Christian Mckee,christian62@outlook.com,+1-510-816-5148,2024-09-21,Economy,IJM9834,Palo Alto,4.0,True
DRV001026,David Allison,davidallison@icloud.com,+1-707-753-3612,2026-03-30,SUV,OZU7493,Mission District,4.4,True
DRV001027,Mark Maynard,mark.maynard@icloud.com,+1-510-789-1066,2025-10-08,Sedan,9REF826,San Jose,4.88,True
DRV001028,Sandra Lamb,sandra.l@outlook.com,+1-831-424-6752,2026-04-30,SUV,RZF8432,SOMA,3.77,False
DRV001029,Bobby Payne,bobby.p@gmail.com,+1-209-347-2183,2026-03-02,Sedan,HTH4428,Chinatown,4.54,True
DRV001030,Edward Clark,edward.clark@hotmail.com,+1-510-412-4042,2024-07-05,Sedan,RBL2948,Haight-Ashbury,3.81,False
DRV001031,Jane Small,jane.s@hotmail.com,+1-707-597-7142,2025-10-31,Sedan,7QXQ707,Downtown SF,4.15,True
DRV001032,William Walter,william50@gmail.com,+1-925-917-8759,2024-02-04,Sedan,JOC6751,Oakland,4.92,True
DRV001033,Michael Molina,mmolina@gmail.com,+1-209-458-9908,2025-09-07,Luxury,4SSX565,Haight-Ashbury,3.76,True
DRV001034,Kathleen Roach,kathleen.roach@hotmail.com,+1-925-765-8392,2026-01-29,Sedan,7CRP791,San Jose,3.93,True
DRV001035,Martha Humphrey,martha.h@yahoo.com,+1-209-481-7359,2026-04-12,SUV,NSG2927,Berkeley,4.8,True
DRV001036,Brian Robles,brianrobles@gmail.com,+1-925-815-6429,2025-08-31,SUV,3ZBM355,Downtown SF,4.55,True
DRV001037,Philip Oconnor,poconnor@gmail.com,+1-925-387-4660,2026-04-28,Economy,8FLS218,Mission District,4.04,True
DRV001038,Kimberly Church,kimberly.church@outlook.com,+1-209-575-8044,2025-05-12,Economy,9XJO528,North Beach,4.6,True
DRV001039,Christina Barron,cbarron@gmail.com,+1-510-289-5305,2025-10-10,SUV,RMN4985,Mountain View,4.43,False
DRV001040,Emily Cole,emilycole@gmail.com,+1-650-880-4219,2026-02-07,SUV,9JGB908,Oakland,4.88,True
DRV001041,Joyce Reynolds,joyce.reynolds@yahoo.com,+1-408-350-5920,2026-03-15,Luxury,7ABU215,Chinatown,4.24,True
DRV001042,Madison Chang,madison11@yahoo.com,+1-707-449-8870,2025-11-04,Sedan,EMM2622,SOMA,3.99,True
DRV001043,Gabriel Donaldson,gabriel.donaldson@yahoo.com,+1-650-722-3382,2024-10-08,Sedan,BNZ3698,Marina,3.51,True
DRV001044,Joyce Waller,joycewaller@hotmail.com,+1-831-261-8075,2025-11-26,Van,6UAR482,Haight-Ashbury,4.07,True
DRV001045,Laura Medina,laura.m@icloud.com,+1-831-861-3576,2025-05-17,SUV,9HUL131,Haight-Ashbury,4.42,True
DRV001046,Nancy Webb,nancy.webb@hotmail.com,+1-925-602-5601,2025-08-11,Sedan,6HNI415,Palo Alto,4.46,False
DRV001047,Roger Stephenson,roger.s@aol.com,+1-650-680-6522,2025-12-23,SUV,8ZNQ164,Pacific Heights,4.08,True
DRV001048,Anna Parsons,anna.p@yahoo.com,+1-707-531-4922,2025-03-19,Economy,JHV9481,Oakland,4.67,True
DRV001049,Shirley Moon,shirleymoon@icloud.com,+1-650-988-5833,2026-03-21,Sedan,6SOF573,Financial District,3.31,True
DRV001050,Donald French,donaldfrench@yahoo.com,+1-707-387-9142,2026-01-02,SUV,7MHO650,Castro,4.43,True
DRV001051,Marilyn Ramos,marilyn.ramos@outlook.com,+1-831-203-2090,2026-03-27,Sedan,5YLZ697,Palo Alto,4.72,True
DRV001052,Judy Petersen,judy35@gmail.com,+1-831-843-9020,2026-04-22,Sedan,MKD3967,Mission District,4.69,True
DRV001053,Susan Hall,susan18@gmail.com,+1-925-330-2571,2025-10-24,Economy,RFX1981,Downtown SF,4.56,True
DRV001054,Danielle Padilla,dpadilla@yahoo.com,+1-408-425-5370,2026-04-06,Luxury,JGA6189,San Jose,3.66,True
DRV001055,Jerry Cunningham,jerry.c@gmail.com,+1-650-293-5419,2026-02-23,Economy,DGK4965,North Beach,4.27,True
DRV001056,Brian Richards,brian.richards@gmail.com,+1-408-887-6054,2025-08-14,Sedan,7LGW518,Berkeley,4.38,True
DRV001057,Joshua Charles,jcharles@gmail.com,+1-925-410-9053,2026-04-29,Economy,9IAN497,Palo Alto,3.79,True
DRV001058,Timothy Morrow,timothy.morrow@icloud.com,+1-831-372-7619,2024-10-15,SUV,6JHS336,Haight-Ashbury,4.32,True
DRV001059,Ethan Clark,ethan.c@yahoo.com,+1-510-663-1358,2026-04-06,Economy,6JAL556,Mountain View,4.52,True
DRV001060,Christina Pope,christinapope@hotmail.com,+1-707-466-8840,2025-11-16,Sedan,4WQP929,Marina,4.96,True
DRV001061,Maria Dickerson,mariadickerson@gmail.com,+1-650-294-1820,2025-06-18,Economy,9YLH979,Haight-Ashbury,4.49,True
DRV001062,Melissa Rios,melissa62@yahoo.com,+1-510-437-2511,2025-06-10,Economy,OUW3882,Pacific Heights,4.49,True
DRV001063,Adam Black,adam.black@yahoo.com,+1-510-268-2663,2026-04-25,Luxury,3NUO477,Berkeley,3.6,True
DRV001064,Harold Gardner,harold.gardner@hotmail.com,+1-650-984-5461,2025-11-25,Economy,ANB3211,SOMA,3.64,True
DRV001065,Michelle Castro,michelle.c@hotmail.com,+1-925-673-5027,2026-03-24,Economy,2SEP143,Mission District,4.55,False
DRV001066,Paul Smith,psmith@icloud.com,+1-209-893-7471,2026-04-30,Sedan,SXM9514,Castro,3.39,False
DRV001067,Theresa Hensley,theresa.h@outlook.com,+1-650-715-9187,2026-03-23,SUV,1FPJ405,Mission District,4.23,True
DRV001068,Joyce Huffman,joyce58@hotmail.com,+1-415-522-8982,2025-08-26,SUV,1FUT560,Palo Alto,4.34,True
DRV001069,Johnny Kennedy,johnny93@outlook.com,+1-408-345-1268,2024-04-13,Sedan,XGK8621,Castro,4.88,True
DRV001070,Noah Murray,noah.murray@yahoo.com,+1-650-855-2659,2025-11-22,SUV,1JXX993,Haight-Ashbury,4.58,True
DRV001071,Emma Cochran,emma.c@outlook.com,+1-415-690-2110,2025-10-16,Economy,4INA203,SOMA,4.39,True
DRV001072,Grace Sherman,grace.sherman@icloud.com,+1-408-845-9537,2026-02-03,Economy,8KUL736,Castro,4.39,True
DRV001073,Susan Mccall,susan.mccall@outlook.com,+1-209-643-9420,2025-12-17,Luxury,9SOB257,Mountain View,4.48,True
DRV001074,Frank Cline,frank66@yahoo.com,+1-650-980-4216,2026-03-10,Luxury,7HFB112,SOMA,4.27,True
DRV001075,Judy Arnold,judyarnold@outlook.com,+1-925-415-1009,2025-08-02,Sedan,EAS2082,Marina,4.42,True
DRV001076,Kevin English,kevin.english@aol.com,+1-209-550-7096,2026-03-25,Sedan,YGO6416,Oakland,4.48,True
DRV001077,Gerald Mendez,gerald.m@icloud.com,+1-925-808-5018,2026-03-25,SUV,1LHY407,North Beach,3.52,False
DRV001078,Julie Diaz,julie85@hotmail.com,+1-510-351-4663,2025-08-13,SUV,FYM3510,Mountain View,3.81,True
DRV001079,Sean Nixon,snixon@aol.com,+1-831-629-6426,2026-04-14,Sedan,4EMY167,San Jose,4.74,True
DRV001080,Joseph Booth,jbooth@yahoo.com,+1-831-684-1501,2025-11-20,Economy,6DGW603,Mountain View,4.18,False
DRV001081,Jesse Berry,jberry@yahoo.com,+1-925-449-3701,2026-03-21,Van,6PWC184,San Jose,4.31,True
DRV001082,Joshua Walls,jwalls@gmail.com,+1-650-252-1034,2026-03-11,Luxury,1DZJ802,Mountain View,4.06,False
DRV001083,Carolyn Barrera,carolyn.barrera@gmail.com,+1-650-517-6409,2026-03-23,SUV,2ZPV296,San Jose,4.03,True
DRV001084,Tyler Serrano,tyler23@icloud.com,+1-925-830-9619,2026-04-07,SUV,5DMW261,Oakland,4.7,True
DRV001085,Gloria Powell,gloria.p@yahoo.com,+1-925-232-7445,2026-03-03,Sedan,RSV6877,Chinatown,4.85,True
DRV001086,Abigail Fischer,abigailfischer@hotmail.com,+1-707-415-4943,2026-01-01,Economy,3ABW251,Mission District,3.91,False
DRV001087,Steven Burns,steven19@hotmail.com,+1-707-793-4919,2024-11-22,Sedan,LDQ5956,Mountain View,3.62,True
DRV001088,Cheryl Rasmussen,cheryl14@yahoo.com,+1-831-396-6653,2025-08-21,Sedan,1VUK932,North Beach,4.83,True
DRV001089,Diane Barton,dianebarton@hotmail.com,+1-831-874-6157,2024-09-17,Luxury,TWE3689,Pacific Heights,4.62,True
DRV001090,Walter Cain,walter.cain@yahoo.com,+1-408-725-9115,2026-02-22,SUV,XSK1151,Oakland,3.28,True
DRV001091,Debra Jacobson,debra57@gmail.com,+1-510-694-9209,2025-09-19,Sedan,3IRT617,Pacific Heights,3.68,True
DRV001092,Sara Joyce,sara.j@yahoo.com,+1-831-988-1645,2026-01-02,Luxury,9HZL391,Castro,4.71,True
DRV001093,Jesse Donaldson,jdonaldson@outlook.com,+1-209-823-4783,2023-12-20,Economy,VFG1634,Palo Alto,4.81,True
DRV001094,Dylan Maxwell,dylan60@gmail.com,+1-408-241-4633,2025-08-01,Economy,LKL2246,San Jose,2.94,False
DRV001095,Janice Bradshaw,janice.bradshaw@icloud.com,+1-925-987-1838,2025-12-04,SUV,4NOU975,Marina,3.92,False
DRV001096,Heather Branch,heatherbranch@icloud.com,+1-408-214-8036,2026-04-05,Economy,4YAD867,Berkeley,4.23,True
DRV001097,Willie Buchanan,willie95@outlook.com,+1-650-636-4343,2024-12-27,Sedan,JTH9885,Berkeley,4.77,True
DRV001098,Sarah Watson,sarah.watson@gmail.com,+1-408-267-5424,2026-01-11,Sedan,CLD9758,North Beach,4.86,True
DRV001099,Andrea Barrera,andrea88@gmail.com,+1-707-294-6787,2025-12-01,Economy,4OGA735,San Jose,4.53,False
DRV001100,Howard Price,howardprice@yahoo.com,+1-707-364-9553,2025-05-12,Sedan,NMY6757,Downtown SF,3.96,True
DRV001101,Heather Woodard,heather.w@outlook.com,+1-408-371-4115,2026-04-22,SUV,MPS4715,Palo Alto,4.55,True
DRV001102,Marie Sweeney,msweeney@outlook.com,+1-707-857-7043,2025-03-02,Sedan,1AEO117,Oakland,4.3,False
DRV001103,Albert Mckenzie,albert.mckenzie@hotmail.com,+1-209-287-3196,2025-07-03,Luxury,POD3224,North Beach,4.17,True
DRV001104,Julia Luna,julia.l@gmail.com,+1-707-451-6112,2025-12-07,Sedan,LBC5918,Oakland,4.43,False
DRV001105,Emily Paul,emilypaul@hotmail.com,+1-707-621-2218,2026-03-23,Economy,JMT7666,Downtown SF,4.69,True
DRV001106,Larry Casey,larry.casey@yahoo.com,+1-510-571-2857,2026-02-11,Sedan,5TID690,Marina,4.05,True
DRV001107,Charles Watkins,charles16@hotmail.com,+1-510-929-9993,2025-04-21,Sedan,WOX5874,Mission District,4.02,False
DRV001108,Bobby Baker,bbaker@gmail.com,+1-707-475-1852,2026-04-21,Sedan,2YPC588,Downtown SF,4.52,True
DRV001109,Patrick Bond,patrick.bond@hotmail.com,+1-650-805-5056,2026-03-01,Luxury,3EXS206,Oakland,4.11,False
DRV001110,Ethan Matthews,ethanmatthews@aol.com,+1-408-617-1086,2025-12-29,Sedan,WOS4072,North Beach,4.35,True
DRV001111,Jessica Schroeder,jessica.s@aol.com,+1-831-397-9647,2025-10-29,Sedan,3KPX394,Pacific Heights,3.61,True
DRV001112,Ashley Petersen,ashley.p@outlook.com,+1-415-317-7644,2025-02-13,Economy,TRO2965,Oakland,4.2,True
DRV001113,Eugene Baker,eugenebaker@aol.com,+1-415-948-2182,2026-02-08,Sedan,DFY1046,Oakland,4.34,True
DRV001114,Mark Thomas,mark.thomas@hotmail.com,+1-408-657-3365,2024-11-11,Sedan,2WIK775,Chinatown,3.22,True
DRV001115,Joan Collier,joancollier@yahoo.com,+1-831-561-4080,2026-03-23,Sedan,WRM5487,Haight-Ashbury,4.1,True
DRV001116,James Mueller,jamesmueller@gmail.com,+1-415-966-8516,2025-05-09,Luxury,FCH5643,Pacific Heights,4.59,True
DRV001117,Howard Thomas,howard.t@gmail.com,+1-209-556-5967,2026-03-05,Economy,LRH8812,Haight-Ashbury,4.19,True
DRV001118,Jeremy Richards,jeremyrichards@gmail.com,+1-408-860-8961,2025-12-31,SUV,9NYC838,Castro,4.87,True
DRV001119,Roy Russell,roy.r@hotmail.com,+1-831-220-2031,2024-12-08,Sedan,XGH5002,San Jose,1.85,False
DRV001120,Carl Ochoa,carl.o@yahoo.com,+1-209-741-1055,2025-08-16,Van,1IRO681,Castro,4.08,True
DRV001121,Deborah Gardner,deborah23@aol.com,+1-831-457-5455,2026-01-12,SUV,QRY6847,Mission District,4.94,True
DRV001122,Danielle Vazquez,danielle41@gmail.com,+1-707-565-8723,2025-11-26,Sedan,NML1269,Berkeley,3.62,True
DRV001123,Arthur Mcdonald,amcdonald@gmail.com,+1-408-678-7756,2025-11-15,Sedan,TCZ9987,North Beach,4.97,True
DRV001124,Jeffrey Berry,jeffrey37@gmail.com,+1-415-462-1191,2026-04-14,SUV,KZQ8370,Mountain View,4.4,True
DRV001125,Debra Harper,debra.harper@gmail.com,+1-925-812-9796,2026-02-19,Sedan,YGM5539,Chinatown,4.57,True
DRV001126,Ashley Miller,ashleymiller@outlook.com,+1-707-302-2453,2026-04-26,Economy,FOA6717,Mountain View,3.96,True
DRV001127,Evelyn Bean,evelynbean@gmail.com,+1-510-842-1349,2025-03-21,Economy,FVG1740,Berkeley,4.17,True
DRV001128,Rebecca Peters,rebecca26@outlook.com,+1-415-877-8364,2026-01-27,Sedan,3ASS475,Oakland,4.0,True
DRV001129,Johnny Holloway,jholloway@yahoo.com,+1-510-362-8761,2026-01-14,Sedan,3JNR530,Mission District,2.39,True
DRV001130,Kenneth Alvarado,kennethalvarado@outlook.com,+1-510-645-4756,2026-03-25,Sedan,ESS9697,Mountain View,3.68,False
DRV001131,Madison Cortez,madisoncortez@icloud.com,+1-408-659-7961,2026-01-24,SUV,8HGF851,San Jose,4.2,True
DRV001132,Jennifer Vazquez,jennifer61@outlook.com,+1-209-293-2889,2025-10-15,Sedan,DBT9741,Palo Alto,4.41,True
DRV001133,Jeremy Gaines,jeremy.g@aol.com,+1-650-254-9486,2025-03-18,Sedan,4UGB978,Financial District,4.46,True
DRV001134,Christopher Curtis,christopher.c@gmail.com,+1-707-737-9807,2026-04-16,Sedan,5IDE537,North Beach,3.52,False
DRV001135,Timothy Kennedy,timothy.kennedy@icloud.com,+1-650-839-8247,2026-03-08,Economy,9CTL797,Pacific Heights,4.93,False
DRV001136,Gregory Allen,gregory.allen@gmail.com,+1-415-940-1497,2025-11-15,Luxury,3TVP184,Berkeley,2.86,True
DRV001137,Betty Wiley,betty78@gmail.com,+1-415-936-3453,2026-01-03,Sedan,IRU9257,Oakland,3.87,True
DRV001138,Justin Lindsey,justin.lindsey@icloud.com,+1-650-814-9847,2025-06-08,Economy,8NTD944,San Jose,3.16,True
DRV001139,Danielle Rivera,drivera@outlook.com,+1-415-719-8121,2025-04-27,SUV,1PAG351,Haight-Ashbury,4.96,True
DRV001140,Debra Castillo,debra.c@hotmail.com,+1-650-614-7188,2025-04-26,SUV,GDH4733,Castro,4.27,True
DRV001141,Richard Hodge,richardhodge@icloud.com,+1-831-947-1686,2026-01-27,Economy,BMK4938,Haight-Ashbury,4.42,True
DRV001142,Amber Livingston,amber.l@hotmail.com,+1-415-990-9615,2026-04-10,Sedan,2BUY986,Haight-Ashbury,4.91,True
DRV001143,Sara Gibson,sara.g@aol.com,+1-415-467-5237,2026-04-17,Luxury,QOM5079,Chinatown,4.76,True
DRV001144,Kimberly Payne,kimberly.payne@outlook.com,+1-925-448-3537,2026-04-06,Sedan,DKR3799,Chinatown,4.38,True
DRV001145,Lori Barrera,lbarrera@hotmail.com,+1-650-221-4976,2025-11-14,Luxury,TDS9656,Haight-Ashbury,4.34,True
DRV001146,Helen Moody,hmoody@gmail.com,+1-831-498-7387,2025-07-26,Sedan,6TWB512,San Jose,4.95,True
DRV001147,Juan Espinoza,juan.e@aol.com,+1-650-500-4140,2026-02-11,SUV,XAC7181,Pacific Heights,3.56,True
DRV001148,Brenda Zimmerman,brenda.z@icloud.com,+1-415-990-4700,2026-04-15,Sedan,JON3923,Palo Alto,4.82,False
DRV001149,Frank Owens,frank.o@aol.com,+1-415-889-6569,2025-07-24,Sedan,1ZHF321,Marina,4.64,False
DRV001150,Alexander Arnold,alexander77@icloud.com,+1-707-925-3001,2025-11-21,Van,4UUC828,Financial District,3.66,True
DRV001151,Megan Herrera,megan.herrera@icloud.com,+1-408-446-2497,2024-11-22,SUV,FFK6292,Marina,3.08,True
DRV001152,Jose Nguyen,jose.nguyen@icloud.com,+1-209-976-6364,2026-03-24,SUV,CYW9592,Mountain View,4.47,True
DRV001153,Melissa Lane,melissa.lane@icloud.com,+1-510-542-7799,2026-04-09,Economy,3VNA804,Haight-Ashbury,4.46,True
DRV001154,Brittany Mcclure,brittany43@icloud.com,+1-510-942-7807,2025-06-25,Sedan,WRK6665,SOMA,4.94,True
DRV001155,Karen Morton,karen.morton@gmail.com,+1-925-311-9834,2026-04-29,Sedan,4KMV700,SOMA,4.34,True
DRV001156,Jose Pierce,josepierce@yahoo.com,+1-650-275-4934,2025-10-12,Sedan,6IBG137,Berkeley,4.47,True
DRV001157,Deborah Copeland,deborah.c@icloud.com,+1-831-965-1702,2025-12-19,Sedan,QUI9067,Mountain View,4.52,True
DRV001158,Christina Roberts,christina.roberts@gmail.com,+1-650-636-1294,2026-04-08,Van,YWB4328,Castro,3.73,True
DRV001159,Marilyn Castillo,mcastillo@yahoo.com,+1-209-274-6249,2026-02-20,Economy,FYT5161,Mountain View,4.76,True
DRV001160,Susan Schroeder,susan.s@yahoo.com,+1-831-785-2782,2026-02-22,Sedan,8LOX736,Marina,3.81,False
DRV001161,Shirley Zimmerman,shirley.zimmerman@yahoo.com,+1-925-767-1081,2026-02-20,Economy,ZUI4889,North Beach,4.06,False
DRV001162,Austin Velasquez,avelasquez@gmail.com,+1-408-439-7132,2026-03-31,Economy,DCJ1295,Financial District,4.55,True
DRV001163,Martha Espinoza,martha.e@aol.com,+1-510-496-5681,2025-03-10,Economy,YSL5181,Financial District,4.71,True
DRV001164,Julie Moon,julie.m@aol.com,+1-831-985-7158,2025-10-14,Sedan,RVQ8474,Mission District,4.87,False
DRV001165,Emma Freeman,emma78@icloud.com,+1-831-852-5066,2026-01-13,Sedan,2HUX683,Financial District,4.09,True
DRV001166,Deborah Mills,deborah.mills@yahoo.com,+1-408-501-3314,2025-12-21,Sedan,LOY1897,Haight-Ashbury,4.89,True
DRV001167,Jennifer Livingston,jenniferlivingston@outlook.com,+1-510-668-7843,2026-04-17,Economy,ALT6070,Chinatown,4.1,False
DRV001168,Emily Chapman,emily.c@yahoo.com,+1-707-886-6927,2026-01-04,SUV,XNR1286,Palo Alto,4.48,True
DRV001169,Larry Brown,lbrown@aol.com,+1-510-345-8113,2026-02-10,Sedan,9UUK881,Castro,4.13,True
DRV001170,Donna Kemp,donna94@gmail.com,+1-831-786-7198,2025-08-09,SUV,2YFO928,Haight-Ashbury,3.8,True
DRV001171,Alexis Webb,alexis.w@hotmail.com,+1-707-968-2969,2025-08-24,Van,4UKD701,San Jose,3.95,True
DRV001172,Roger Wise,roger.wise@gmail.com,+1-650-689-4665,2026-04-13,Economy,9LKX164,Downtown SF,3.45,True
DRV001173,Emma Oneal,emmaoneal@gmail.com,+1-510-884-4167,2026-04-17,Luxury,IZW1785,Mission District,4.84,True
DRV001174,Joseph Kline,joseph92@gmail.com,+1-925-844-2198,2026-01-24,Economy,ILU9549,Marina,4.68,False
DRV001175,Joan Odom,joanodom@gmail.com,+1-707-425-5584,2026-04-25,SUV,8LPK159,Berkeley,4.04,False
DRV001176,Emily Small,emilysmall@icloud.com,+1-650-552-1318,2026-02-07,Sedan,CWS8768,Mountain View,4.19,True
DRV001177,Richard Dixon,richard.d@gmail.com,+1-925-223-7509,2025-01-05,Sedan,RGZ4251,Marina,4.35,True
DRV001178,Daniel Castro,daniel50@aol.com,+1-650-407-6648,2025-12-11,SUV,KMY8606,Downtown SF,3.94,True
DRV001179,Kevin Coleman,kevin.c@yahoo.com,+1-415-588-2845,2026-03-19,Economy,7GNR235,North Beach,4.63,True
DRV001180,Lawrence Wilkerson,lawrence.wilkerson@yahoo.com,+1-408-658-2217,2026-02-25,SUV,OHP3763,Palo Alto,4.12,True
DRV001181,Richard Wells,richard60@icloud.com,+1-415-296-8064,2025-10-17,Sedan,1GFG204,Haight-Ashbury,4.22,True
DRV001182,Margaret Vargas,mvargas@aol.com,+1-650-391-2231,2025-08-25,Sedan,3QWX703,Chinatown,4.09,False
DRV001183,Anthony Cantu,anthony34@icloud.com,+1-831-375-9947,2026-04-14,Sedan,8URL876,Haight-Ashbury,3.75,False
DRV001184,Cynthia Durham,cynthia.durham@icloud.com,+1-650-756-6217,2026-02-04,Sedan,6FTY123,North Beach,3.8,False
DRV001185,Jesse Rivers,jrivers@outlook.com,+1-510-664-8836,2026-02-19,Sedan,KYG7636,Chinatown,3.76,False
DRV001186,Donna Taylor,donna.taylor@outlook.com,+1-650-286-3800,2025-12-20,SUV,6IEZ795,Palo Alto,4.16,True
DRV001187,Patricia Bryan,pbryan@gmail.com,+1-925-614-3463,2025-01-21,Sedan,NUE3273,Castro,4.84,True
DRV001188,Kyle Maddox,kyle.m@icloud.com,+1-925-440-8044,2025-10-22,Economy,OUW3594,SOMA,4.63,False
DRV001189,Elizabeth Clarke,elizabeth.c@aol.com,+1-408-878-9884,2026-04-07,Van,5NHD720,Castro,3.65,False
DRV001190,Billy Mclean,billy.mclean@aol.com,+1-510-490-6681,2026-04-27,Sedan,9NZT136,Berkeley,4.44,True
DRV001191,Lisa Davenport,lisadavenport@icloud.com,+1-831-658-7397,2025-12-21,Sedan,9TRA730,North Beach,3.98,True
DRV001192,Marie Brooks,marie.brooks@aol.com,+1-209-706-9719,2026-02-03,SUV,9DQX617,North Beach,3.97,True
DRV001193,Michelle Stevens,michelle.s@icloud.com,+1-408-705-1625,2026-02-16,SUV,NRA4051,Oakland,4.42,True
DRV001194,Jacob Espinoza,jacob16@gmail.com,+1-707-973-7392,2025-04-19,Sedan,6ROA227,SOMA,2.97,True
DRV001195,Sean Meyer,sean53@hotmail.com,+1-925-386-9578,2025-04-30,SUV,7FJV401,SOMA,4.47,True
DRV001196,Gabriel Marshall,gabriel.m@aol.com,+1-925-600-4640,2025-11-10,Economy,FYY2689,Castro,3.49,True
DRV001197,Eric Wood,eric97@yahoo.com,+1-707-939-8918,2026-02-26,SUV,6KZE703,Marina,4.69,True
DRV001198,Jeffrey Allison,jeffrey.a@aol.com,+1-707-304-4662,2026-03-22,Sedan,YCS7049,Castro,4.44,True
DRV001199,Diana Rojas,diana76@outlook.com,+1-707-216-6250,2026-04-29,Economy,UHG1124,Marina,2.71,True
DRV001200,Danielle West,danielle.w@icloud.com,+1-510-315-8884,2026-02-01,SUV,EFV6465,Financial District,4.6,True
DRV001201,Elizabeth Price,elizabethprice@outlook.com,+1-925-290-6328,2025-04-02,Sedan,2IIC846,SOMA,4.37,True
DRV001202,Jason Glenn,jason.g@gmail.com,+1-408-636-8329,2026-01-29,Sedan,BYG3452,Berkeley,4.09,False
DRV001203,Margaret Houston,margaret.houston@hotmail.com,+1-650-667-7273,2025-05-25,Economy,YDP8747,Chinatown,4.33,True
DRV001204,Deborah Ford,deborah.ford@hotmail.com,+1-707-332-4850,2026-03-17,Sedan,NWJ3667,Mountain View,4.07,True
DRV001205,Frank Barron,fbarron@gmail.com,+1-707-991-9297,2025-12-30,Luxury,8OHW241,North Beach,4.49,True
DRV001206,Roger Hogan,roger95@icloud.com,+1-707-950-7913,2026-03-11,Economy,UIS5719,SOMA,4.39,True
DRV001207,Nicole Jacobson,nicole.jacobson@aol.com,+1-831-540-1416,2025-09-18,Sedan,1WBU481,Oakland,4.37,True
DRV001208,Diana Watkins,dianawatkins@yahoo.com,+1-510-533-6199,2025-08-10,SUV,1IMN748,Oakland,4.59,True
DRV001209,Louis Nichols,louis.nichols@hotmail.com,+1-925-491-9516,2025-11-23,Sedan,JPZ9038,SOMA,3.47,True
DRV001210,Roy Willis,rwillis@aol.com,+1-209-936-5795,2026-03-29,Sedan,DAJ9442,Berkeley,3.06,True
DRV001211,Jack Briggs,jack.briggs@icloud.com,+1-408-377-9902,2026-03-03,Van,CDV3069,Marina,4.63,True
DRV001212,Diana Davis,diana90@icloud.com,+1-510-260-7179,2025-12-16,Economy,XNK9020,SOMA,4.47,True
DRV001213,Julia Campos,julia.campos@icloud.com,+1-650-985-8727,2026-01-07,SUV,2REE458,North Beach,4.04,True
DRV001214,Eric Roman,eric81@outlook.com,+1-650-588-3535,2025-10-30,Sedan,YIQ9371,Palo Alto,4.72,True
DRV001215,Lori Dalton,lori.d@yahoo.com,+1-510-601-1869,2025-08-19,Economy,ELD8680,SOMA,4.54,True
DRV001216,Alexis Perkins,aperkins@aol.com,+1-408-778-4049,2026-03-17,SUV,YIE4507,Berkeley,4.26,True
DRV001217,Carol Bell,carol64@aol.com,+1-510-855-5967,2025-06-06,Economy,9DXI472,Berkeley,4.78,False
DRV001218,Theresa Walls,theresa36@icloud.com,+1-925-473-7846,2026-03-04,Sedan,8TWF927,Haight-Ashbury,3.42,True
DRV001219,Jennifer Frost,jennifer52@hotmail.com,+1-209-825-2908,2025-01-25,SUV,8PWP102,SOMA,4.73,True
DRV001220,Nathan Kelly,nathan.kelly@hotmail.com,+1-408-882-8676,2026-04-23,Economy,XSF6355,SOMA,4.81,True
DRV001221,Carl Carrillo,carlcarrillo@yahoo.com,+1-415-891-2614,2025-08-07,SUV,6KUW661,Marina,3.98,True
DRV001222,Barbara Tyler,btyler@icloud.com,+1-209-731-9248,2025-06-03,Economy,OJF7098,Oakland,4.48,True
DRV001223,Melissa Harper,melissa.h@outlook.com,+1-415-968-1662,2026-03-15,SUV,5ZGK183,Palo Alto,3.09,True
DRV001224,Lawrence Carson,lcarson@gmail.com,+1-707-366-4441,2026-04-10,Economy,OYC3444,Oakland,3.49,True
DRV001225,Marie Brennan,marie.brennan@gmail.com,+1-925-403-8831,2024-07-19,Van,9FPF105,Financial District,4.59,True
DRV001226,Ethan Gray,ethan.g@outlook.com,+1-510-823-2886,2026-04-25,Luxury,1QTD261,Mission District,4.33,False
DRV001227,Olivia Blankenship,oblankenship@aol.com,+1-650-254-2886,2025-09-30,Economy,TCC7597,Mission District,4.71,True
DRV001228,George Hall,george.h@aol.com,+1-415-657-3228,2025-12-07,SUV,RYT5074,Marina,4.89,False
DRV001229,Angela Berry,angela14@icloud.com,+1-408-641-7230,2025-11-29,SUV,9AEQ781,San Jose,3.77,True
DRV001230,Teresa Henderson,teresa29@yahoo.com,+1-510-292-5660,2026-03-10,SUV,9RQD445,Palo Alto,4.57,True
DRV001231,Alan Harrington,alanharrington@icloud.com,+1-925-584-3110,2026-04-03,Sedan,4SJZ838,Haight-Ashbury,2.79,False
DRV001232,Thomas Hendrix,thomashendrix@aol.com,+1-707-331-9135,2025-09-07,Sedan,UFL3324,Pacific Heights,4.56,True
DRV001233,Carolyn Rush,carolyn.r@hotmail.com,+1-831-514-3135,2024-06-28,SUV,1GBT259,Downtown SF,3.6,True
DRV001234,Andrea Edwards,andrea.edwards@hotmail.com,+1-650-690-4781,2024-02-20,Sedan,HEQ8259,Berkeley,3.61,True
DRV001235,Nancy Hartman,nancy.h@gmail.com,+1-831-433-3129,2025-12-29,Economy,5NYC427,Pacific Heights,4.5,False
DRV001236,Kenneth Gillespie,kenneth.gillespie@yahoo.com,+1-925-233-5091,2026-01-26,Sedan,1QXK608,Financial District,3.59,False
DRV001237,Brittany Robles,brobles@hotmail.com,+1-510-579-8255,2026-02-28,SUV,UJH3825,Marina,4.65,True
DRV001238,Margaret Mcdonald,mmcdonald@outlook.com,+1-415-313-1722,2026-04-06,Luxury,TUN1634,Marina,3.94,True
DRV001239,Louis Baxter,louisbaxter@gmail.com,+1-209-608-5524,2024-08-02,Sedan,CEN9919,Downtown SF,4.09,True
DRV001240,Russell Barrera,rbarrera@gmail.com,+1-650-806-1499,2025-12-12,Sedan,CIB2383,Marina,4.61,True
DRV001241,Jose Beard,josebeard@gmail.com,+1-209-929-4755,2024-11-04,Sedan,1VHZ382,North Beach,4.47,True
DRV001242,Aaron Mills,aaronmills@gmail.com,+1-415-778-8128,2025-12-14,Economy,9WRL820,Haight-Ashbury,3.88,True
DRV001243,Jacqueline Allen,jacqueline.allen@icloud.com,+1-415-541-4259,2026-01-28,Economy,UUP3565,Palo Alto,4.96,True
DRV001244,Nathan Maxwell,nmaxwell@outlook.com,+1-650-280-6787,2026-04-21,Economy,NVS8782,Downtown SF,4.09,True
DRV001245,Jonathan Small,jsmall@gmail.com,+1-925-538-1408,2026-01-01,Sedan,UBP8657,Mission District,3.35,False
DRV001246,Elizabeth Thompson,elizabeth93@icloud.com,+1-408-756-2113,2026-04-23,Sedan,OSS5416,Financial District,4.34,True
DRV001247,Amy Huynh,amy18@yahoo.com,+1-415-461-9222,2025-12-19,Sedan,5QPM504,San Jose,3.72,True
DRV001248,Christian Rollins,christian.rollins@yahoo.com,+1-209-804-8192,2026-02-04,Sedan,VJO5794,Mission District,3.37,True
DRV001249,Maria Russell,mariarussell@outlook.com,+1-925-250-8946,2026-03-23,SUV,5GVT547,SOMA,3.95,True
DRV001250,Roy Boyer,roy.b@icloud.com,+1-925-796-2866,2026-04-06,Sedan,LAS5327,SOMA,4.33,False
DRV001251,Jane Washington,janewashington@outlook.com,+1-415-727-8548,2026-04-28,SUV,OEC1899,Palo Alto,4.95,True
DRV001252,Alan Valdez,alan13@gmail.com,+1-510-440-7051,2026-02-27,Economy,TOP8349,Mountain View,4.09,True
DRV001253,Mark Mendoza,mark.mendoza@aol.com,+1-925-877-9326,2026-02-12,SUV,2ZYX411,Chinatown,4.24,True
DRV001254,Johnny Cole,johnny67@icloud.com,+1-408-784-8214,2026-03-21,SUV,JYO2011,San Jose,3.75,True
DRV001255,Sean Roberts,sroberts@hotmail.com,+1-209-882-2535,2025-09-24,Economy,EEO5907,Financial District,3.8,True
DRV001256,Emma Yates,emma.yates@yahoo.com,+1-209-890-5430,2026-04-26,SUV,PLX3464,North Beach,4.82,True
DRV001257,Tyler Koch,tkoch@aol.com,+1-415-473-1706,2025-02-15,Economy,FDX2448,San Jose,4.56,True
DRV001258,Mark Cochran,mark.cochran@outlook.com,+1-408-381-8987,2025-11-10,Economy,9OIJ209,San Jose,3.11,False
DRV001259,Dylan Holloway,dholloway@yahoo.com,+1-925-855-1740,2026-02-14,Sedan,YSH7165,Haight-Ashbury,4.59,True
DRV001260,Vincent Tyler,vtyler@gmail.com,+1-925-663-9383,2025-12-23,SUV,2LDI495,SOMA,4.24,True
DRV001261,Carolyn Best,cbest@hotmail.com,+1-650-200-9233,2025-04-23,Sedan,YUG7555,Chinatown,4.38,True
DRV001262,Ryan Ochoa,rochoa@yahoo.com,+1-925-604-8856,2026-04-17,SUV,9LOL738,Palo Alto,4.2,True
DRV001263,Scott Cox,scott.cox@icloud.com,+1-408-566-3674,2026-04-25,Economy,WSC4495,North Beach,3.67,True
DRV001264,James Phelps,jamesphelps@gmail.com,+1-925-528-9372,2026-04-23,Sedan,6USX468,Mountain View,4.62,False
DRV001265,Bobby Frank,bobbyfrank@hotmail.com,+1-510-831-2595,2026-01-04,Sedan,1WSH906,Financial District,4.46,True
DRV001266,Thomas Guerra,thomas.guerra@icloud.com,+1-650-916-5238,2025-05-02,Economy,OOB9864,Mountain View,3.7,True
DRV001267,Aaron Trevino,aarontrevino@gmail.com,+1-925-281-8255,2026-03-20,SUV,9WCF434,Financial District,3.7,True
DRV001268,Tyler Holman,tyler58@icloud.com,+1-831-831-9821,2025-07-12,SUV,XSP8214,Pacific Heights,3.48,False
DRV001269,Maria Harding,maria.harding@hotmail.com,+1-707-802-5279,2026-01-09,Economy,UBD3208,Berkeley,3.71,True
DRV001270,George Morris,gmorris@hotmail.com,+1-408-913-7250,2024-08-19,Economy,BCM7921,Oakland,4.72,True
DRV001271,Ryan Mcknight,ryan.m@outlook.com,+1-408-631-6150,2025-05-21,SUV,3CPI713,Downtown SF,4.6,True
DRV001272,Mary Evans,mary.e@aol.com,+1-925-339-5894,2026-04-21,Sedan,PEH7165,Haight-Ashbury,4.1,True
DRV001273,Stephen Barron,sbarron@outlook.com,+1-209-620-1819,2025-12-20,Economy,7GAU418,Castro,4.61,True
DRV001274,Janet Rojas,janet66@icloud.com,+1-415-784-8382,2026-03-31,SUV,IIF9297,San Jose,4.71,True
DRV001275,Adam Murray,adam41@hotmail.com,+1-831-590-3143,2026-03-28,Sedan,EKS1887,Mission District,2.7,True
DRV001276,Christine Roach,christine87@yahoo.com,+1-415-209-7971,2025-10-17,Luxury,3DDE880,San Jose,4.85,True
DRV001277,Jeremy Tanner,jeremy70@outlook.com,+1-650-982-6177,2025-11-19,Sedan,KCE2637,Mission District,3.98,True
DRV001278,Keith Moody,keith.m@aol.com,+1-831-261-1100,2025-07-25,Economy,ZAM9458,Haight-Ashbury,3.49,True
DRV001279,Christian Middleton,christianmiddleton@gmail.com,+1-650-791-6871,2025-12-12,SUV,1YHD835,Haight-Ashbury,4.95,True
DRV001280,Kevin Salas,kevin.salas@yahoo.com,+1-510-368-1876,2024-05-20,Sedan,5FTM333,Haight-Ashbury,4.16,True
DRV001281,Jesse Dominguez,jesse.dominguez@outlook.com,+1-707-850-3765,2026-04-01,SUV,5YED787,Chinatown,4.65,True
DRV001282,Cynthia Lowery,cynthia51@hotmail.com,+1-925-248-1515,2024-03-25,Sedan,LHJ8654,Castro,3.89,True
DRV001283,Ronald Watson,ronaldwatson@yahoo.com,+1-650-930-8331,2025-05-08,Van,9PTZ798,Financial District,4.17,True
DRV001284,Nancy Bullock,nbullock@yahoo.com,+1-408-880-5808,2026-01-24,Sedan,REE4139,Palo Alto,4.66,True
DRV001285,Janice Ware,janiceware@gmail.com,+1-209-562-1206,2025-10-02,SUV,BWP7341,Marina,4.49,True
DRV001286,Angela Boone,angelaboone@gmail.com,+1-831-823-4760,2026-04-09,Economy,9NDQ334,Castro,4.72,True
DRV001287,Brandon Wilson,brandon.wilson@icloud.com,+1-510-932-7493,2026-02-17,Van,9HXV453,SOMA,4.24,True
DRV001288,Angela Barrera,angela56@hotmail.com,+1-831-254-9711,2026-03-09,SUV,9WRM734,Marina,4.48,True
DRV001289,Julia Fisher,julia11@yahoo.com,+1-510-350-9792,2026-03-28,Luxury,9NGO495,San Jose,3.92,True
DRV001290,Dylan Vincent,dylan.v@icloud.com,+1-650-982-1998,2024-10-14,Sedan,6MSV207,Pacific Heights,3.61,False
DRV001291,Wayne Mcdonald,wmcdonald@yahoo.com,+1-415-291-9854,2025-12-22,Sedan,JGG4337,Palo Alto,4.54,True
DRV001292,Laura Haley,laurahaley@icloud.com,+1-408-443-2690,2024-12-14,Sedan,2ZRM501,Mountain View,4.33,True
DRV001293,Judy Andrews,judy.a@icloud.com,+1-415-928-4474,2026-02-21,SUV,2BDE279,Mountain View,4.1,True
DRV001294,Thomas Lara,tlara@outlook.com,+1-831-317-1742,2025-11-18,Luxury,NQR8878,Berkeley,3.83,True
DRV001295,John Pugh,john20@yahoo.com,+1-707-592-2522,2025-10-03,Sedan,4XHI349,Oakland,3.3,False
DRV001296,Jesse Juarez,jjuarez@hotmail.com,+1-831-969-3265,2026-01-21,Sedan,5KZI792,San Jose,4.44,True
DRV001297,James Santos,jsantos@outlook.com,+1-650-203-7063,2025-07-31,Economy,HIT7212,North Beach,3.58,False
DRV001298,Frank Thompson,frank.thompson@outlook.com,+1-831-884-7388,2026-02-19,Sedan,2BXK479,Pacific Heights,3.85,False
DRV001299,Tiffany Patel,tiffany38@gmail.com,+1-209-754-6307,2025-10-11,Economy,5UMN115,Castro,4.11,True
DRV001300,Johnny Pierce,jpierce@icloud.com,+1-408-501-3307,2026-02-05,Sedan,7EPU640,Marina,4.21,True
DRV001301,Carl Camacho,carl.c@gmail.com,+1-209-741-8951,2025-10-08,Sedan,BAU8024,SOMA,4.37,True
DRV001302,Karen Herman,kherman@gmail.com,+1-408-329-1364,2025-03-17,Economy,DWT6873,North Beach,4.73,True
DRV001303,Rose Lara,rose.l@yahoo.com,+1-831-215-5959,2026-01-13,Sedan,OAY7038,Mountain View,4.65,True
DRV001304,Christopher Trevino,christopher56@icloud.com,+1-707-320-8545,2025-05-10,Sedan,5SRD403,Haight-Ashbury,3.75,True
DRV001305,Karen Powell,karen.p@yahoo.com,+1-925-294-7599,2026-03-05,Economy,LED8823,Castro,4.04,True
DRV001306,Karen Dorsey,karen16@aol.com,+1-707-472-3160,2025-04-23,Economy,9JHM955,Downtown SF,4.55,True
DRV001307,Marie Nixon,marie.nixon@icloud.com,+1-650-329-7015,2026-01-28,Luxury,1SAT164,Oakland,3.54,True
DRV001308,Randy Mcguire,randy62@gmail.com,+1-209-375-4461,2025-12-19,Economy,HWZ9242,SOMA,4.72,False
DRV001309,Billy Casey,billy.casey@gmail.com,+1-510-697-9522,2026-01-12,SUV,XNE5289,Berkeley,3.51,True
DRV001310,Lisa Fernandez,lisa.fernandez@outlook.com,+1-707-206-8888,2026-01-23,Luxury,6YQT160,Mission District,4.49,True
DRV001311,Virginia Johnson,virginiajohnson@outlook.com,+1-510-872-2411,2026-03-03,Luxury,7CWT332,Palo Alto,4.79,True
DRV001312,Nathan Cruz,nathancruz@yahoo.com,+1-415-233-8575,2026-04-24,SUV,7PRA595,Pacific Heights,4.65,False
DRV001313,Abigail Price,abigail.p@hotmail.com,+1-707-915-5801,2025-11-14,SUV,3UNK668,Financial District,3.58,True
DRV001314,Joyce Bridges,joyce.b@hotmail.com,+1-925-683-2893,2025-12-13,SUV,2YUN244,North Beach,4.14,True
DRV001315,Helen Landry,helenlandry@aol.com,+1-510-236-5224,2026-03-22,SUV,3JOP327,Oakland,4.82,True
DRV001316,Megan Pittman,megan37@outlook.com,+1-925-736-4964,2025-12-13,Sedan,3KBW658,Haight-Ashbury,4.59,True
DRV001317,Kelly Hutchinson,kelly.h@icloud.com,+1-408-934-5118,2025-12-06,SUV,YNO3897,Castro,3.75,False
DRV001318,Maria Morin,mmorin@yahoo.com,+1-415-538-6472,2024-11-17,Sedan,8YSK559,Financial District,3.88,True
DRV001319,Charles Vazquez,charlesvazquez@yahoo.com,+1-650-946-1159,2026-04-03,Economy,OIT2755,Downtown SF,3.92,True
DRV001320,Olivia Jefferson,olivia.j@gmail.com,+1-408-302-2365,2026-03-27,SUV,MNK1312,SOMA,4.9,True
DRV001321,Emma Humphrey,ehumphrey@gmail.com,+1-650-372-1389,2026-03-16,Sedan,6XIX374,Berkeley,4.79,False
DRV001322,Wayne Rice,wayne.rice@aol.com,+1-650-386-8171,2025-12-20,SUV,UXJ1975,Downtown SF,4.08,True
DRV001323,Henry Turner,henry20@gmail.com,+1-707-419-3999,2025-01-12,Economy,JUR5253,North Beach,4.4,True
DRV001324,Joe Collier,jcollier@hotmail.com,+1-415-704-2636,2025-08-28,SUV,SVM1811,Mountain View,4.44,True
DRV001325,Philip Joyce,philip96@aol.com,+1-415-436-2077,2025-10-16,SUV,7HRF411,San Jose,4.51,True
DRV001326,Timothy Koch,timothy.koch@hotmail.com,+1-707-329-1514,2026-02-22,Economy,LNS5656,Mission District,4.72,True
DRV001327,Scott Holman,scott.holman@yahoo.com,+1-707-830-3855,2026-01-27,Sedan,JTG7124,Oakland,4.43,True
DRV001328,Donna Carter,dcarter@gmail.com,+1-415-260-7677,2026-03-09,SUV,OPQ7517,Financial District,4.34,True
DRV001329,Austin Morales,austin.m@outlook.com,+1-209-688-5305,2026-04-14,SUV,4ZNS228,Berkeley,2.79,False
DRV001330,Sharon Delacruz,sharon.d@hotmail.com,+1-925-794-7143,2025-12-21,SUV,AKL3575,Castro,3.68,True
DRV001331,Sharon Dixon,sharon91@gmail.com,+1-510-705-4481,2024-10-08,Luxury,IDK5683,Mission District,4.63,True
DRV001332,Angela Soto,angela.soto@aol.com,+1-650-877-3448,2026-04-27,Economy,4IWB854,San Jose,4.44,True
DRV001333,David Acevedo,david.acevedo@hotmail.com,+1-408-205-9863,2025-07-22,Sedan,KGA2911,Mission District,4.19,True
DRV001334,Joan Richards,joan.r@gmail.com,+1-925-894-6480,2025-12-05,SUV,YLT9897,North Beach,3.47,True
DRV001335,Arthur Ryan,arthurryan@icloud.com,+1-831-519-3744,2026-02-23,Economy,4YGR283,San Jose,2.59,True
DRV001336,Marie Wells,marie68@hotmail.com,+1-650-279-5191,2026-04-14,Economy,8XSD555,Mission District,4.63,True
DRV001337,Raymond Munoz,raymond.m@gmail.com,+1-650-393-8068,2026-04-04,SUV,EQP3800,Mission District,4.69,True
DRV001338,Gerald Gibson,gerald.g@outlook.com,+1-415-902-6997,2026-01-03,Van,LUN4464,Chinatown,4.26,True
DRV001339,Austin Estes,austin.e@hotmail.com,+1-209-906-8707,2026-04-23,Sedan,2JNS868,San Jose,4.72,True
DRV001340,Jacob Miranda,jacob.m@yahoo.com,+1-510-760-7151,2025-10-21,Economy,EXM3824,San Jose,3.06,True
DRV001341,Frank Morton,frank.morton@icloud.com,+1-650-372-8811,2026-04-15,Van,1EFH230,Oakland,3.84,False
DRV001342,Ryan Harrison,ryanharrison@gmail.com,+1-925-290-5545,2026-01-31,Sedan,5RTY980,Chinatown,4.8,True
DRV001343,Thomas Whitehead,thomas.w@icloud.com,+1-408-917-1167,2024-11-29,Sedan,TTD4405,Downtown SF,4.63,True
DRV001344,Eugene Burns,eugeneburns@yahoo.com,+1-209-709-6884,2025-11-28,Luxury,DWG4177,Downtown SF,4.51,False
DRV001345,Johnny Murray,johnny.murray@outlook.com,+1-707-248-7670,2024-12-30,Economy,4AZB832,San Jose,4.19,True
DRV001346,Nathan Rich,nathan68@outlook.com,+1-510-825-9802,2026-04-25,Economy,2RQZ191,Haight-Ashbury,4.04,True
DRV001347,Alexis Cox,alexis70@outlook.com,+1-415-362-9698,2025-11-28,SUV,1GVT940,Pacific Heights,4.51,True
DRV001348,Heather Heath,heatherheath@icloud.com,+1-510-407-2941,2026-04-28,Economy,1NJO477,Palo Alto,4.94,True
DRV001349,Tyler Blankenship,tblankenship@yahoo.com,+1-831-356-2378,2025-02-06,Sedan,UJB5701,San Jose,4.52,True
DRV001350,Angela Brock,angela.brock@outlook.com,+1-831-600-4216,2025-11-23,SUV,PEF7829,Castro,4.31,True
DRV001351,Diana Church,dianachurch@outlook.com,+1-408-332-3767,2025-09-10,Economy,7WDH250,Pacific Heights,4.29,True
DRV001352,Joyce Velazquez,joyce27@aol.com,+1-707-472-3478,2024-05-22,SUV,9WQY646,Berkeley,4.14,True
DRV001353,Jordan Hendricks,jordan.h@outlook.com,+1-650-854-4933,2025-08-20,SUV,XSR7230,Pacific Heights,3.53,True
DRV001354,Grace Mckenzie,gracemckenzie@aol.com,+1-925-671-4058,2024-03-18,Economy,RJG5022,Pacific Heights,4.62,False
DRV001355,William Mccoy,william.mccoy@aol.com,+1-707-884-9667,2026-01-02,SUV,1JSJ578,San Jose,3.39,True
DRV001356,Roy Kerr,roy96@outlook.com,+1-707-664-7576,2026-04-23,SUV,XUG6496,Marina,3.62,True
DRV001357,Kathleen Patel,kathleen.p@outlook.com,+1-925-602-7335,2026-03-29,Sedan,PNZ2041,Haight-Ashbury,4.66,True
DRV001358,Brenda Tran,brendatran@hotmail.com,+1-925-578-1362,2025-10-14,SUV,XOY6019,Chinatown,4.79,True
DRV001359,Debra Weaver,debra.w@yahoo.com,+1-707-580-7247,2026-02-01,Luxury,8EWG564,Palo Alto,3.61,False
DRV001360,Paul Obrien,paul.o@gmail.com,+1-925-385-7304,2025-01-05,Sedan,5BRG657,Financial District,3.77,True
DRV001361,Kenneth Shepherd,kenneth24@hotmail.com,+1-925-418-1914,2025-12-02,Sedan,7FUF797,Mountain View,3.63,True
DRV001362,Harold Nash,harold.nash@outlook.com,+1-707-371-3327,2025-05-20,Sedan,CSL5601,Castro,4.47,True
DRV001363,Patrick Lamb,patricklamb@outlook.com,+1-209-465-5375,2025-10-18,SUV,QRB9146,Marina,4.57,True
DRV001364,Dorothy Yates,dorothy.yates@aol.com,+1-831-549-3418,2025-11-18,Sedan,8MDL798,Castro,3.52,True
DRV001365,Deborah Montoya,deborah.montoya@hotmail.com,+1-415-861-1764,2025-09-13,SUV,QJD8197,Mountain View,3.14,True
DRV001366,Michael Flynn,michael.f@aol.com,+1-415-237-1414,2025-12-06,Sedan,MRS2076,Pacific Heights,4.3,True
DRV001367,Noah Delacruz,noah.delacruz@outlook.com,+1-415-818-5933,2025-11-22,Sedan,2UFK925,Oakland,4.39,True
DRV001368,Christian Holmes,christianholmes@gmail.com,+1-408-587-6666,2025-12-21,Sedan,3NKX127,Financial District,3.88,True
DRV001369,Theresa Gillespie,theresagillespie@hotmail.com,+1-650-936-7119,2025-11-03,Sedan,JXR4493,Mountain View,4.88,True
DRV001370,Carol Olson,colson@yahoo.com,+1-408-734-3855,2026-03-01,Sedan,6WRV900,Palo Alto,4.3,True
DRV001371,Alexander Sandoval,alexandersandoval@outlook.com,+1-831-289-9311,2026-04-23,Economy,1MCB570,Downtown SF,4.55,True
DRV001372,Heather Richmond,heather.richmond@icloud.com,+1-650-404-7244,2025-12-20,Sedan,1MEC760,Palo Alto,3.94,False
DRV001373,Julia Willis,julia.w@aol.com,+1-650-923-2468,2026-02-12,Economy,MUQ5294,Chinatown,4.62,True
DRV001374,Marie Small,mariesmall@hotmail.com,+1-209-971-5303,2026-04-10,Economy,4ZZZ256,SOMA,3.69,False
DRV001375,Eugene Ellison,eugene.ellison@icloud.com,+1-925-459-3522,2024-06-28,Sedan,3SRR980,SOMA,4.2,True
DRV001376,Alexander Hensley,ahensley@yahoo.com,+1-707-416-7088,2024-10-27,SUV,XGX8844,Palo Alto,3.69,False
DRV001377,Sarah Yates,sarah.y@gmail.com,+1-925-606-9057,2025-11-27,Van,4ARF672,Pacific Heights,3.93,True
DRV001378,Abigail Blevins,abigailblevins@gmail.com,+1-510-425-7313,2025-01-25,Luxury,1NHK684,Palo Alto,3.42,True
DRV001379,Willie Hodge,willie.hodge@hotmail.com,+1-925-687-1737,2026-03-09,SUV,5OUY775,Mission District,4.14,True
DRV001380,Kelly Stokes,kelly.stokes@icloud.com,+1-707-537-8016,2026-02-06,Economy,2OJZ705,Castro,4.1,True
DRV001381,Jacqueline Hood,jacqueline.hood@outlook.com,+1-415-340-1297,2026-02-15,SUV,7ZRB987,Oakland,4.72,True
DRV001382,Paul Osborn,paulosborn@hotmail.com,+1-510-406-4991,2026-01-29,Van,LYK9715,Financial District,4.81,True
DRV001383,Julie Flores,julie.f@outlook.com,+1-408-275-3702,2025-12-31,Economy,8GUZ289,SOMA,4.46,True
DRV001384,Heather Walker,heather68@aol.com,+1-209-864-9924,2024-12-20,Sedan,4VYY801,Financial District,4.39,False
DRV001385,Ralph Jefferson,ralph.jefferson@icloud.com,+1-510-845-7262,2026-04-04,Sedan,4ANS692,Oakland,4.49,True
DRV001386,Cynthia Gibson,cynthia.gibson@yahoo.com,+1-510-800-2134,2024-11-30,SUV,1UMJ389,Financial District,2.38,False
DRV001387,Larry Atkinson,larry.atkinson@gmail.com,+1-650-630-8606,2025-11-15,Van,5OTM404,Financial District,3.77,True
DRV001388,Evelyn Jefferson,ejefferson@yahoo.com,+1-831-555-7989,2026-01-31,Van,AWA7663,Marina,4.89,True
DRV001389,Ralph Richards,ralphrichards@gmail.com,+1-831-478-7989,2026-03-11,Economy,ZLC6867,SOMA,3.67,True
DRV001390,Maria Carpenter,mariacarpenter@gmail.com,+1-707-807-8634,2025-10-18,Sedan,EJE3639,North Beach,4.72,True
DRV001391,Timothy Shields,timothyshields@gmail.com,+1-707-828-5751,2024-09-21,SUV,QOO6495,Financial District,3.29,True
DRV001392,Larry Snow,lsnow@yahoo.com,+1-925-538-5288,2026-01-26,SUV,YHF5217,San Jose,2.68,True
DRV001393,Brandon Kline,bkline@icloud.com,+1-408-971-4972,2026-03-28,Sedan,YGP5670,Marina,4.01,True
DRV001394,Anna Contreras,anna.contreras@icloud.com,+1-650-349-4678,2025-02-23,SUV,6NDS840,Mountain View,3.42,True
DRV001395,Theresa Huynh,theresa.h@icloud.com,+1-925-302-5082,2025-05-19,Sedan,1ZTL162,Berkeley,4.55,True
DRV001396,Jeremy Campbell,jeremy71@hotmail.com,+1-707-397-5703,2026-04-25,Sedan,UJM3161,Palo Alto,4.41,True
DRV001397,Elizabeth Reid,elizabeth.reid@hotmail.com,+1-925-780-8091,2025-12-02,Sedan,JBS4660,Financial District,4.59,True
DRV001398,Linda Wells,linda.wells@yahoo.com,+1-510-408-8560,2025-09-25,Economy,7WNP294,Castro,3.6,True
DRV001399,Bruce Mcdowell,bruce.m@outlook.com,+1-510-787-4578,2025-11-17,SUV,GJH5249,Berkeley,4.59,True
DRV001400,Heather Contreras,heather.contreras@yahoo.com,+1-707-249-4353,2025-02-23,Luxury,3EKY858,SOMA,4.54,True
DRV001401,Amy Pierce,apierce@hotmail.com,+1-650-471-7661,2025-12-13,Luxury,2AGL693,Haight-Ashbury,4.64,True
DRV001402,Marie Lamb,marie.l@gmail.com,+1-415-765-6141,2025-03-13,Luxury,XOH1821,SOMA,4.53,False
DRV001403,Abigail Sanders,asanders@outlook.com,+1-925-265-8631,2026-01-04,Sedan,1HVB333,Chinatown,3.89,False
DRV001404,Janet Gomez,janetgomez@icloud.com,+1-925-632-7403,2026-04-27,Sedan,8TST876,SOMA,4.6,True
DRV001405,Paul Kent,paul.k@yahoo.com,+1-415-339-1266,2025-09-27,Economy,7OCF110,Marina,4.45,True
DRV001406,Ronald Blake,rblake@outlook.com,+1-510-951-3012,2026-03-21,Sedan,LLY1175,North Beach,4.49,False
DRV001407,Andrew Merritt,andrew.m@hotmail.com,+1-707-455-1928,2025-08-08,Sedan,6FCX336,Berkeley,4.38,True
DRV001408,Cynthia Paul,cynthiapaul@yahoo.com,+1-415-421-5437,2026-01-12,SUV,YDD5849,North Beach,3.87,True
DRV001409,Dylan Moore,dmoore@aol.com,+1-650-367-3169,2026-02-26,Sedan,6BVS951,Pacific Heights,4.53,True
DRV001410,Marie Salinas,msalinas@aol.com,+1-209-528-5267,2025-10-16,Sedan,3YBJ654,Marina,3.33,True
DRV001411,Nathan Hunter,nhunter@aol.com,+1-650-547-9286,2026-04-26,Sedan,BEP6623,Haight-Ashbury,4.45,True
DRV001412,Harold Schwartz,harold.s@aol.com,+1-650-453-8953,2025-05-28,Economy,4LUB290,Mission District,4.34,True
DRV001413,Daniel Gomez,daniel.g@outlook.com,+1-415-441-6679,2025-12-22,SUV,OUT1819,Oakland,4.18,False
DRV001414,Christopher Avila,cavila@hotmail.com,+1-415-844-4695,2025-04-20,Economy,JPQ5125,Berkeley,4.86,True
DRV001415,Denise Massey,dmassey@gmail.com,+1-650-379-3328,2025-08-25,Sedan,YTG8444,SOMA,4.73,True
DRV001416,Patrick Mclaughlin,patrickmclaughlin@gmail.com,+1-831-380-7174,2026-03-06,Sedan,RGW7266,Palo Alto,3.24,False
DRV001417,Deborah Johnson,deborah.j@yahoo.com,+1-408-496-5823,2025-07-10,Sedan,1HVM713,Financial District,4.18,False
DRV001418,Patricia Saunders,patricia.saunders@yahoo.com,+1-415-583-7185,2025-11-09,SUV,RBT6131,Marina,3.73,False
DRV001419,Zachary Prince,zachary.p@aol.com,+1-650-606-7998,2025-09-28,Economy,FYP6186,Haight-Ashbury,4.69,True
DRV001420,Melissa Beard,mbeard@hotmail.com,+1-650-363-6876,2025-11-01,Van,ACK9892,Mission District,4.87,True
DRV001421,Bryan Owens,bryan13@icloud.com,+1-650-354-5683,2025-06-01,Economy,6YYT323,Downtown SF,4.23,True
DRV001422,Samantha Huff,samantha.h@outlook.com,+1-408-646-5003,2026-04-09,Sedan,3QEQ403,Oakland,4.07,True
DRV001423,George Rivera,grivera@gmail.com,+1-707-879-5246,2025-06-10,Sedan,ARI4187,Marina,4.0,True
DRV001424,Laura Hendrix,laura.hendrix@gmail.com,+1-925-787-9756,2026-01-23,Sedan,FWB2371,SOMA,4.88,True
DRV001425,Matthew Fox,matthew19@aol.com,+1-925-723-2845,2025-07-22,SUV,NWO9778,North Beach,3.82,False
DRV001426,Scott Rodriguez,scott.r@gmail.com,+1-707-468-9802,2026-04-16,Sedan,5ZTV789,Downtown SF,3.16,True
DRV001427,Heather Rice,heather.r@outlook.com,+1-209-853-9592,2026-04-28,Sedan,6NUY753,Haight-Ashbury,2.96,True
DRV001428,Aaron Morton,aaron.m@outlook.com,+1-650-422-5852,2025-02-16,Sedan,CDY3372,SOMA,4.38,True
DRV001429,George Jackson,george.jackson@gmail.com,+1-925-367-5144,2026-04-29,Sedan,UCT9373,Mountain View,4.29,False
DRV001430,Cynthia Patterson,cpatterson@icloud.com,+1-209-357-7656,2026-02-27,SUV,PPO9631,Mission District,4.43,True
DRV001431,Gloria Santos,gloria.s@gmail.com,+1-415-424-8077,2025-12-14,Sedan,1TTS163,Downtown SF,3.7,True
DRV001432,Ronald Munoz,ronald79@yahoo.com,+1-831-393-2578,2026-04-09,SUV,1IEG642,Mountain View,4.74,True
DRV001433,Tiffany Johnson,tiffany.j@aol.com,+1-650-627-3800,2025-12-20,Luxury,OPB7522,Chinatown,3.73,True
DRV001434,Dorothy Blackwell,dorothyblackwell@yahoo.com,+1-650-769-4388,2026-03-01,Economy,NXR4339,Marina,4.58,True
DRV001435,Jose Mendoza,jose74@aol.com,+1-510-846-9885,2025-09-25,Sedan,TTE8452,Mission District,4.55,True
DRV001436,Julia Bass,julia.bass@gmail.com,+1-408-358-9287,2026-04-30,Economy,FFP2624,Oakland,4.72,True
DRV001437,Roger Lawrence,rogerlawrence@outlook.com,+1-510-741-8813,2024-08-04,Economy,1KXM197,Oakland,4.57,True
DRV001438,Ashley Terrell,ashley.t@yahoo.com,+1-415-850-9818,2026-04-02,Sedan,WVG2229,Financial District,3.86,True
DRV001439,Marilyn Humphrey,marilyn.humphrey@outlook.com,+1-510-560-7864,2025-10-17,Sedan,NGS6733,Oakland,3.38,True
DRV001440,Louis Jackson,ljackson@outlook.com,+1-707-912-7541,2025-01-17,Luxury,TPJ2543,SOMA,3.43,True
DRV001441,Timothy Wong,timothy.w@icloud.com,+1-650-551-6343,2025-04-08,Sedan,5RQA555,Berkeley,4.31,True
DRV001442,Paul Best,paul.best@outlook.com,+1-925-842-8785,2025-11-10,Economy,7KZH882,North Beach,3.96,True
DRV001443,Diane Tanner,diane.t@gmail.com,+1-209-514-9159,2026-04-12,Sedan,6RWH382,Mission District,4.14,False
DRV001444,Deborah Meadows,deborah74@gmail.com,+1-831-673-4973,2025-10-25,SUV,8NQF850,Financial District,3.35,True
DRV001445,Harold Fisher,harold58@icloud.com,+1-415-471-5751,2025-01-09,Sedan,3RNK110,Castro,4.22,False
DRV001446,Donald Wright,dwright@yahoo.com,+1-209-240-7499,2026-03-30,SUV,9PBV283,Pacific Heights,3.98,True
DRV001447,Nicholas Gates,nicholas.gates@yahoo.com,+1-415-769-9841,2026-03-24,SUV,ERB8904,Pacific Heights,4.94,True
DRV001448,Sean Dodson,sean.d@icloud.com,+1-209-468-2736,2025-11-12,Luxury,KWA8324,San Jose,4.44,True
DRV001449,Patricia Gomez,patriciagomez@gmail.com,+1-707-937-7395,2026-04-13,Van,KPW6830,Oakland,3.52,True
DRV001450,Carolyn Oneal,carolyn.oneal@icloud.com,+1-925-985-4138,2026-01-16,SUV,ZRX5820,Haight-Ashbury,4.15,True
DRV001451,Susan Farrell,susan.farrell@aol.com,+1-510-743-8734,2026-02-13,Sedan,1AQF481,Mountain View,4.52,True
DRV001452,Richard Ortega,richard44@hotmail.com,+1-925-334-1708,2026-04-24,SUV,5RYO510,Palo Alto,3.8,False
DRV001453,Kevin Poole,kpoole@yahoo.com,+1-650-319-6301,2025-06-19,Sedan,PLM6167,Mountain View,4.24,True
DRV001454,Amanda Soto,amanda.soto@icloud.com,+1-415-539-4865,2026-04-17,Economy,5LAM591,Mountain View,4.89,True
DRV001455,Sean Parsons,sean97@hotmail.com,+1-408-815-8161,2025-03-28,SUV,2WVN420,Downtown SF,4.45,True
DRV001456,Charles Mcdonald,charles46@aol.com,+1-707-423-2665,2026-04-21,Sedan,1AGD289,Mission District,3.74,False
DRV001457,Sarah Carey,sarahcarey@aol.com,+1-209-706-3573,2026-03-17,Sedan,5NOG454,Chinatown,4.57,True
DRV001458,Juan Carson,juan80@yahoo.com,+1-650-798-6001,2025-07-23,SUV,6DWC218,Chinatown,4.32,True
DRV001459,Jack Jacobson,jjacobson@gmail.com,+1-415-544-1855,2026-02-05,SUV,QJP5232,North Beach,4.69,True
DRV001460,Jonathan Mcdowell,jonathan39@aol.com,+1-408-565-3312,2025-08-07,Sedan,9TWH953,San Jose,3.16,False
DRV001461,Donald Chase,donald84@aol.com,+1-209-404-5259,2025-12-29,Sedan,4AGN131,Marina,4.75,True
DRV001462,Sara Johnston,sara.johnston@gmail.com,+1-408-445-9538,2026-04-11,Van,ZLA8773,Chinatown,4.28,True
DRV001463,Brian Barron,brian18@yahoo.com,+1-209-756-8785,2026-03-23,SUV,5VLI164,Castro,3.61,True
DRV001464,Joan Marsh,joan62@aol.com,+1-408-535-4709,2026-02-17,SUV,9BNW464,Haight-Ashbury,4.2,True
DRV001465,Edward Buchanan,ebuchanan@outlook.com,+1-510-952-8851,2025-09-29,Sedan,7YPK166,Pacific Heights,4.57,True
DRV001466,Diane Fernandez,diane.f@icloud.com,+1-925-585-8045,2026-04-27,SUV,6BPP129,Berkeley,4.01,True
DRV001467,Richard Sellers,richard.s@hotmail.com,+1-209-433-1277,2026-04-05,Sedan,GYS3682,Mission District,2.65,False
DRV001468,Sean Maddox,sean.m@hotmail.com,+1-925-374-5830,2026-03-21,Sedan,9UHT959,Oakland,4.75,True
DRV001469,Judith Dudley,jdudley@yahoo.com,+1-707-993-9032,2025-12-03,Luxury,6TDN213,Palo Alto,3.49,True
DRV001470,Amanda Henry,ahenry@aol.com,+1-209-948-9827,2026-03-09,Sedan,XVV3255,Pacific Heights,3.9,True
DRV001471,Edward Rollins,erollins@gmail.com,+1-209-214-6376,2026-03-17,Economy,NXG6385,San Jose,3.03,True
DRV001472,Jonathan Hudson,jhudson@yahoo.com,+1-831-735-2717,2026-03-30,Sedan,4QFN870,Haight-Ashbury,4.9,True
DRV001473,Sandra Bennett,sandrabennett@icloud.com,+1-209-751-2307,2026-04-26,Sedan,6OXA914,Financial District,4.89,True
DRV001474,Vincent Blackburn,vincentblackburn@gmail.com,+1-209-679-1769,2026-02-26,Sedan,3OLK312,Marina,4.61,True
DRV001475,Virginia Sanders,virginia90@aol.com,+1-415-972-8613,2025-05-28,SUV,AVI3073,Oakland,4.04,True
DRV001476,Angela Hayes,angela.h@yahoo.com,+1-510-210-5073,2025-07-06,Economy,NWZ6036,SOMA,3.57,True
DRV001477,Benjamin Wilcox,benjaminwilcox@aol.com,+1-831-243-1967,2026-03-27,Sedan,INC9229,Berkeley,4.09,True
DRV001478,Larry Casey,larrycasey@hotmail.com,+1-408-931-8553,2025-05-12,Sedan,2XYU643,North Beach,3.81,True
DRV001479,Ashley Wall,awall@gmail.com,+1-408-906-6712,2026-03-04,Sedan,POF4964,San Jose,2.99,True
DRV001480,Randy Davis,randy90@icloud.com,+1-707-969-8048,2025-09-03,Sedan,5LGQ981,Haight-Ashbury,4.68,True
DRV001481,Kathleen Blanchard,kathleen.b@yahoo.com,+1-707-555-2895,2026-04-06,Sedan,5GYP775,SOMA,3.71,False
DRV001482,Kathleen Mcdowell,kathleenmcdowell@outlook.com,+1-415-362-9924,2025-11-14,Economy,ZQK6621,Mountain View,3.72,True
DRV001483,Amanda Ayers,aayers@hotmail.com,+1-925-270-7753,2026-04-24,Luxury,2QSY431,Oakland,3.34,False
DRV001484,Christine Foley,christine91@outlook.com,+1-925-243-7116,2026-02-24,Sedan,ARO3217,North Beach,4.41,False
DRV001485,John Gibbs,jgibbs@outlook.com,+1-408-632-3200,2025-08-10,Sedan,NCQ5433,North Beach,4.05,True
DRV001486,Ashley Koch,ashley.k@hotmail.com,+1-408-222-7746,2026-04-02,Van,BMG1058,Financial District,4.07,True
DRV001487,Martha Bartlett,martha.b@icloud.com,+1-209-983-5417,2025-08-16,Van,TJW4885,Palo Alto,4.62,True
DRV001488,Frank Mercado,frankmercado@outlook.com,+1-510-664-5356,2026-01-22,Economy,AZU2963,San Jose,4.43,True
DRV001489,Jerry Saunders,jerrysaunders@hotmail.com,+1-408-804-9255,2025-11-10,Sedan,XNF8698,North Beach,4.11,True
DRV001490,Carolyn Mclean,carolynmclean@yahoo.com,+1-831-490-8780,2025-08-10,Sedan,5CSP737,Mountain View,4.49,True
DRV001491,Rachel Hawkins,rhawkins@gmail.com,+1-650-758-3092,2025-12-20,Sedan,6GEB368,Mission District,4.04,True
DRV001492,Carol Greene,carol.g@gmail.com,+1-707-661-8566,2026-01-24,Luxury,5TBB806,North Beach,3.81,True
DRV001493,Randy Wise,randy.w@yahoo.com,+1-650-477-7082,2025-12-04,Economy,GOB8908,Berkeley,3.81,True
DRV001494,Betty Sanford,bettysanford@hotmail.com,+1-209-228-8776,2026-04-09,Economy,7ZWO309,SOMA,4.68,True
DRV001495,Charles Strong,charlesstrong@yahoo.com,+1-925-214-5342,2025-11-18,SUV,SRE2633,Mission District,4.6,True
DRV001496,Danielle Diaz,daniellediaz@hotmail.com,+1-831-738-8071,2025-10-08,Sedan,7FMD508,North Beach,4.54,True
DRV001497,Carol Reyes,carol.reyes@gmail.com,+1-707-998-4873,2025-08-08,Economy,7SBJ519,Chinatown,4.52,True
DRV001498,John Collier,jcollier@icloud.com,+1-707-230-1981,2026-04-08,Sedan,4DYO112,Downtown SF,4.0,True
DRV001499,Sharon Gay,sharon.gay@yahoo.com,+1-415-870-8396,2025-05-13,Van,2COJ142,Berkeley,4.77,True
DRV001500,Karen Hendrix,khendrix@yahoo.com,+1-650-322-1408,2025-05-26,Sedan,GWS5576,Berkeley,4.26,True
DRV001501,Mark Strong,mark.s@yahoo.com,+1-510-685-1103,2026-01-02,Sedan,5GBZ944,Marina,4.57,True
DRV001502,Emma Ford,emma33@yahoo.com,+1-510-863-7509,2025-12-19,Luxury,6EXH184,SOMA,4.73,False
DRV001503,Alan Jackson,alan84@hotmail.com,+1-209-685-3953,2026-03-27,Sedan,1FEQ461,Castro,4.58,True
DRV001504,Kimberly Guerra,kimberly.guerra@aol.com,+1-209-817-5916,2026-04-14,Sedan,AZD6651,Palo Alto,3.89,True
DRV001505,Madison Walls,madison.walls@outlook.com,+1-415-334-2732,2025-12-01,Sedan,2IYP961,Mission District,4.51,True
DRV001506,Douglas Walls,douglas61@aol.com,+1-831-461-8847,2025-07-11,Sedan,UXN7902,SOMA,4.41,True
DRV001507,Maria Morales,maria.m@icloud.com,+1-925-519-8474,2025-09-14,Economy,9TLR190,Financial District,3.88,True
DRV001508,William Serrano,william.s@icloud.com,+1-650-287-8162,2026-04-23,Sedan,1KTT943,San Jose,4.42,False
DRV001509,Stephanie Hancock,stephaniehancock@yahoo.com,+1-707-435-5564,2026-01-31,Economy,NHY1640,Chinatown,3.6,True
DRV001510,Laura William,lwilliam@hotmail.com,+1-925-642-4071,2025-11-14,SUV,1EZF844,North Beach,4.35,True
DRV001511,Philip Guzman,philip11@hotmail.com,+1-415-413-4568,2026-01-18,Sedan,1ANG398,Berkeley,3.36,True
DRV001512,Julie Dalton,julie.d@gmail.com,+1-415-203-9456,2026-04-13,SUV,TOC5130,Mission District,4.3,True
DRV001513,James Sanchez,james.sanchez@outlook.com,+1-650-440-3275,2025-04-22,Economy,FLV9715,San Jose,4.47,True
DRV001514,Judith Hendricks,jhendricks@gmail.com,+1-707-507-9901,2025-12-23,SUV,YYW9972,Haight-Ashbury,4.55,True
DRV001515,Eric Bruce,eric.bruce@gmail.com,+1-415-811-9438,2026-03-29,Sedan,4GDC955,Marina,4.11,False
DRV001516,Nancy Powell,nancy.powell@hotmail.com,+1-510-878-7051,2025-11-22,SUV,IDO6063,SOMA,4.84,False
DRV001517,Edward Peck,edward.peck@gmail.com,+1-707-408-6307,2025-09-16,Sedan,HKL7145,Financial District,3.94,True
DRV001518,Nicholas Houston,nicholas84@outlook.com,+1-831-652-3429,2024-10-11,Sedan,COG1262,San Jose,4.07,True
DRV001519,Cynthia Durham,cynthia.d@yahoo.com,+1-650-868-4645,2024-11-05,SUV,PTZ3445,Mountain View,4.89,True
DRV001520,William Chang,william.c@gmail.com,+1-209-468-6320,2025-04-28,SUV,MUJ4156,Haight-Ashbury,4.51,True
DRV001521,Jeffrey Bridges,jeffrey.bridges@gmail.com,+1-925-289-3612,2026-01-13,Sedan,ZOD6439,Mission District,4.55,True
DRV001522,Alexis Beasley,alexisbeasley@aol.com,+1-707-554-1293,2025-03-16,Luxury,7CAM277,Marina,4.21,True
DRV001523,Kelly Grimes,kelly.grimes@gmail.com,+1-650-775-4969,2026-03-27,SUV,LAS3879,Marina,4.51,False
DRV001524,Steven Ashley,sashley@gmail.com,+1-707-291-3049,2025-08-14,Economy,5YSA853,Haight-Ashbury,4.1,True
DRV001525,Katherine Lawrence,katherine43@outlook.com,+1-415-512-3911,2025-12-26,Sedan,ZKF5912,Haight-Ashbury,4.43,True
DRV001526,Michael Fisher,michael.fisher@hotmail.com,+1-408-207-6995,2025-02-22,Sedan,4ZIV365,Marina,3.86,True
DRV001527,Victoria Mendoza,vmendoza@icloud.com,+1-650-367-6207,2025-10-22,Economy,TDL4002,Haight-Ashbury,3.17,True
DRV001528,James Sloan,jsloan@aol.com,+1-831-559-7556,2025-12-03,Sedan,WHB8240,Mountain View,4.83,False
DRV001529,Marie Navarro,marie75@icloud.com,+1-925-684-8652,2026-03-14,Sedan,RPQ6924,Downtown SF,3.55,True
DRV001530,Margaret Juarez,margaret.j@icloud.com,+1-209-508-3385,2025-12-18,SUV,6WVH414,Berkeley,4.62,True
DRV001531,Amy Skinner,amyskinner@gmail.com,+1-650-288-6509,2026-03-08,Sedan,LGT6837,SOMA,3.61,True
DRV001532,Theresa Salazar,tsalazar@aol.com,+1-925-489-2440,2025-10-07,Economy,CSM4204,Chinatown,4.46,True
DRV001533,Sara Tucker,saratucker@gmail.com,+1-831-439-6025,2025-10-31,Sedan,5NWU841,Mission District,3.52,True
DRV001534,Stephen Brennan,stephen.b@gmail.com,+1-831-614-5254,2025-12-28,Sedan,AWV1716,SOMA,4.76,True
DRV001535,Jack Morton,jack35@gmail.com,+1-650-453-1480,2026-03-15,Sedan,7BPY534,Downtown SF,4.18,False
DRV001536,Kathleen Prince,kathleen.prince@aol.com,+1-831-254-1957,2026-02-03,SUV,1ZFP663,Palo Alto,4.5,True
DRV001537,Bryan Evans,bryan.evans@hotmail.com,+1-415-213-4438,2025-11-08,Van,8VGT608,Berkeley,4.61,True
DRV001538,Megan Morton,mmorton@gmail.com,+1-510-845-7356,2025-12-22,Sedan,EZJ1834,Berkeley,4.45,True
DRV001539,Betty Mccullough,betty92@aol.com,+1-209-736-6384,2026-03-28,Sedan,XQC8168,Castro,4.51,True
DRV001540,Sara Palmer,sara.palmer@outlook.com,+1-650-771-9658,2026-03-10,Luxury,VNA3254,San Jose,3.57,True
DRV001541,Johnny Reyes,jreyes@gmail.com,+1-831-308-7991,2025-10-06,Van,9CQZ258,SOMA,4.57,False
DRV001542,Kathryn Mcknight,kmcknight@hotmail.com,+1-209-702-2976,2026-04-28,Sedan,MVB7868,Chinatown,4.05,False
DRV001543,Mary Nichols,mary.n@gmail.com,+1-707-560-8627,2026-01-06,Luxury,NAQ5803,Marina,4.17,True
DRV001544,Paul Delgado,pauldelgado@yahoo.com,+1-510-600-1623,2025-12-20,Luxury,JRJ6773,Palo Alto,4.5,True
DRV001545,Diane Barrera,diane.barrera@outlook.com,+1-209-898-6841,2026-04-21,Economy,2GWX473,Berkeley,4.64,True
DRV001546,Andrew Sanders,andrew.sanders@aol.com,+1-510-616-5885,2025-06-11,SUV,KAY4564,Marina,4.39,True
DRV001547,Albert Shannon,albertshannon@hotmail.com,+1-408-919-2843,2026-01-23,Sedan,WPH5797,Chinatown,3.21,True
DRV001548,Michael Hernandez,michael.hernandez@aol.com,+1-831-815-2222,2025-12-22,Sedan,IFD7034,Mountain View,3.38,True
DRV001549,Cheryl Dickerson,cdickerson@aol.com,+1-925-613-5015,2025-10-08,SUV,6GOC433,Downtown SF,4.62,True
DRV001550,Johnny Greer,jgreer@hotmail.com,+1-650-702-9283,2025-05-25,Luxury,PLY6243,North Beach,4.33,True
DRV001551,Gregory Carson,gregorycarson@icloud.com,+1-510-659-9072,2026-04-27,Luxury,2DPT609,Chinatown,4.14,True
DRV001552,Patrick Mccarthy,pmccarthy@aol.com,+1-415-980-8567,2025-12-19,Sedan,7AHH876,Berkeley,4.6,True
DRV001553,Jack Nunez,jnunez@outlook.com,+1-650-237-6867,2025-07-25,Sedan,2AFV574,Mission District,4.43,True
DRV001554,Shirley Morton,shirley.m@aol.com,+1-408-692-2002,2026-04-08,SUV,8IZN894,SOMA,4.24,False
DRV001555,Emma Kim,emma.k@hotmail.com,+1-209-887-3966,2025-12-11,Sedan,3OIU503,Oakland,4.13,True
DRV001556,Donna Bullock,donna.b@icloud.com,+1-925-246-8351,2026-04-27,SUV,5DLX799,Marina,4.19,True
DRV001557,Sarah Hudson,sarahhudson@aol.com,+1-831-687-7841,2025-12-22,Sedan,JDX8065,Berkeley,3.69,True
DRV001558,Cheryl Richmond,crichmond@aol.com,+1-415-469-9470,2025-08-07,Sedan,NKR3889,Downtown SF,3.74,True
DRV001559,Marie Monroe,marie40@gmail.com,+1-707-226-9598,2026-01-04,Sedan,PDF7850,Berkeley,4.57,True
DRV001560,Katherine Mcknight,kmcknight@hotmail.com,+1-415-521-4143,2025-09-26,Sedan,TKB8760,Chinatown,4.48,True
DRV001561,Noah Walter,noah53@hotmail.com,+1-650-646-2261,2025-11-22,SUV,WGU5254,SOMA,4.02,False
DRV001562,Jeremy Andrews,jeremyandrews@outlook.com,+1-408-384-1977,2025-06-23,Sedan,EQM2743,San Jose,3.99,True
DRV001563,Noah Monroe,nmonroe@outlook.com,+1-510-703-2746,2026-02-02,SUV,1UEW480,Mission District,3.87,True
DRV001564,Julia Melton,julia.m@yahoo.com,+1-415-583-3879,2026-02-09,SUV,VYA3935,SOMA,4.52,True
DRV001565,George Snow,george.s@gmail.com,+1-510-472-4020,2026-04-10,Sedan,GVB9951,Downtown SF,4.15,False
DRV001566,Evelyn Pruitt,evelynpruitt@gmail.com,+1-831-398-8301,2025-12-18,Sedan,BIA1539,Pacific Heights,4.81,True
DRV001567,Rebecca Weaver,rweaver@yahoo.com,+1-925-486-7172,2025-04-22,Sedan,WWL5565,San Jose,4.74,True
DRV001568,Kathleen Camacho,kathleen.c@yahoo.com,+1-415-959-7515,2025-02-25,Sedan,IBW6325,Mission District,3.46,True
DRV001569,Jeffrey Church,jeffreychurch@outlook.com,+1-650-976-9081,2025-09-22,Sedan,2EOV327,Castro,3.6,True
DRV001570,Scott Chen,scott.chen@yahoo.com,+1-831-935-7877,2026-03-21,Sedan,6VLE759,Pacific Heights,4.17,True
DRV001571,Timothy Kane,timothy72@icloud.com,+1-707-223-8416,2025-09-18,SUV,NOH1045,Haight-Ashbury,4.56,True
DRV001572,Janet Baxter,janetbaxter@gmail.com,+1-415-881-2692,2026-03-10,SUV,VEB4050,San Jose,4.59,True
DRV001573,Virginia Holloway,virginia.h@gmail.com,+1-925-465-9883,2026-04-03,Economy,AFX6709,Marina,3.81,True
DRV001574,Brian Miller,brianmiller@hotmail.com,+1-510-241-3522,2025-12-19,SUV,XUI1972,Mission District,4.32,True
DRV001575,Russell Guerrero,russell53@hotmail.com,+1-415-431-7632,2026-01-18,Sedan,VVH4410,Financial District,3.47,True
DRV001576,Ethan Parks,ethanparks@hotmail.com,+1-408-603-3674,2025-04-14,Luxury,DVA9820,Oakland,3.57,True
DRV001577,Steven Doyle,steven.doyle@yahoo.com,+1-415-654-6461,2026-02-08,Luxury,KXP3193,Downtown SF,4.32,True
DRV001578,Gary Prince,garyprince@gmail.com,+1-209-670-6062,2025-08-04,Economy,HBA3986,Financial District,3.55,False
DRV001579,Jonathan Dickson,jonathan.d@yahoo.com,+1-209-550-2602,2026-03-23,Sedan,ELS2636,North Beach,4.14,True
DRV001580,Vincent Fischer,vfischer@hotmail.com,+1-209-526-3476,2025-12-10,Sedan,NXG2685,Mountain View,3.5,False
DRV001581,Olivia Lewis,olewis@gmail.com,+1-209-984-4744,2025-12-30,Sedan,3RWX422,Palo Alto,4.47,True
DRV001582,Jessica Kelley,jessica.kelley@gmail.com,+1-707-907-4772,2026-04-01,Sedan,JIH3286,Mission District,4.65,True
DRV001583,Anthony Holloway,anthony.holloway@icloud.com,+1-209-696-8552,2025-07-28,Sedan,GPD5117,Palo Alto,4.55,True
DRV001584,Lisa Maynard,lisamaynard@aol.com,+1-925-843-6264,2025-12-04,Sedan,OCE1121,Pacific Heights,4.85,True
DRV001585,Andrea Hickman,ahickman@outlook.com,+1-831-788-4248,2025-06-04,Sedan,WTP8045,Castro,4.61,True
DRV001586,Joe Stewart,joe31@outlook.com,+1-925-643-5504,2026-02-08,Sedan,9INU852,Chinatown,4.96,True
DRV001587,Amy Barr,amy31@aol.com,+1-831-927-8828,2025-08-17,Luxury,3ANK228,Oakland,3.65,True
DRV001588,Carol Roman,carolroman@aol.com,+1-707-954-7115,2025-10-09,SUV,7EEE458,Downtown SF,4.13,True
DRV001589,Harold Stephens,hstephens@yahoo.com,+1-925-657-3819,2026-02-06,Sedan,ETW1208,Mission District,4.27,False
DRV001590,Carol Hunt,carol41@gmail.com,+1-925-783-3867,2026-03-30,Sedan,UPR7462,SOMA,4.37,True
DRV001591,Joan Nelson,jnelson@outlook.com,+1-415-468-6614,2025-11-29,Luxury,BPL4032,Mission District,4.08,True
DRV001592,Larry Lindsey,larry.lindsey@aol.com,+1-408-829-2226,2026-02-27,Sedan,2OGT651,Financial District,3.72,True
DRV001593,Dorothy Mccormick,dorothy.mccormick@gmail.com,+1-408-591-1094,2025-08-09,Sedan,KAN8559,North Beach,3.21,True
DRV001594,Samuel Mcclain,smcclain@gmail.com,+1-831-256-8766,2026-03-13,Sedan,WKF9613,Berkeley,3.77,False
DRV001595,John Taylor,john83@yahoo.com,+1-209-377-4274,2026-02-26,Sedan,2LLD328,Oakland,3.42,True
DRV001596,Ronald Christian,ronald.christian@aol.com,+1-925-489-2526,2026-01-12,SUV,HYS7374,Castro,3.48,True
DRV001597,Pamela Griffin,pgriffin@yahoo.com,+1-209-681-7362,2026-02-18,SUV,MKX1518,Haight-Ashbury,3.14,False
DRV001598,Rebecca Moody,rebecca87@yahoo.com,+1-415-484-8021,2025-08-31,Economy,MWC8231,Downtown SF,4.47,False
DRV001599,Christian Shepard,christian.s@yahoo.com,+1-650-506-3994,2026-01-25,Economy,3HFH890,Pacific Heights,4.04,True
DRV001600,Jacqueline Robertson,jacqueline38@hotmail.com,+1-831-999-6492,2025-08-25,Economy,NKG1176,SOMA,2.76,True
DRV001601,Emma Foley,emmafoley@outlook.com,+1-650-628-1679,2025-12-03,SUV,8ENT372,Mission District,4.65,True
DRV001602,James Russo,jamesrusso@icloud.com,+1-707-840-6127,2025-03-02,SUV,5EKH428,San Jose,4.34,True
DRV001603,Robert Scott,robertscott@outlook.com,+1-510-468-8001,2025-11-27,SUV,8WQT400,Marina,3.47,True
DRV001604,Teresa Estrada,teresaestrada@outlook.com,+1-415-605-7146,2026-02-23,Van,8VZJ525,Pacific Heights,4.36,False
DRV001605,Megan Ford,mford@yahoo.com,+1-831-766-2100,2025-05-24,SUV,5WCJ629,Berkeley,3.98,True
DRV001606,William Murphy,wmurphy@outlook.com,+1-650-790-2802,2026-02-26,Sedan,9IBL961,Palo Alto,4.39,True
DRV001607,Jennifer Zimmerman,jennifer40@outlook.com,+1-831-234-6528,2026-01-05,SUV,FGG7960,Financial District,3.45,True
DRV001608,Jason Robinson,jrobinson@aol.com,+1-209-881-4456,2025-07-12,Sedan,7MUX661,Mountain View,3.82,True
DRV001609,Louis Stephens,lstephens@outlook.com,+1-925-994-2331,2025-05-12,Economy,ULQ8059,Castro,4.31,True
DRV001610,Johnny Cortez,johnny.c@gmail.com,+1-831-682-4362,2026-03-23,Sedan,FRE9438,Berkeley,4.31,True
DRV001611,Keith Decker,keith.decker@aol.com,+1-707-852-6286,2025-10-24,Luxury,VQO3277,Palo Alto,4.23,True
DRV001612,Kyle Morales,kyle.m@outlook.com,+1-510-758-7577,2026-04-03,Sedan,LKF2002,San Jose,4.41,True
DRV001613,Emma Hunt,emma.hunt@outlook.com,+1-408-794-3905,2026-02-28,SUV,NQR9790,Mountain View,4.19,True
DRV001614,Donald Blevins,dblevins@aol.com,+1-707-987-4343,2025-12-17,Sedan,GCT1099,Chinatown,3.57,True
DRV001615,Brandon Knapp,brandonknapp@outlook.com,+1-925-361-1494,2026-02-07,Sedan,9RRZ189,Oakland,3.61,False
DRV001616,Katherine Frank,katherine.f@aol.com,+1-415-315-5624,2026-03-06,SUV,7LZP165,Financial District,3.86,True
DRV001617,Janice Wiley,janice.wiley@hotmail.com,+1-925-821-9691,2026-04-17,Luxury,5GXT384,Oakland,4.17,True
DRV001618,Susan Tucker,susan.tucker@outlook.com,+1-510-624-8724,2024-12-26,SUV,YKJ5441,Oakland,3.62,True
DRV001619,Sandra Allison,sandra.a@icloud.com,+1-415-305-7219,2026-04-22,Luxury,GUX3325,Mountain View,4.43,False
DRV001620,Roger Ross,roger.ross@yahoo.com,+1-209-993-1759,2026-03-11,Economy,1YZK405,Downtown SF,4.37,True
DRV001621,Richard Cunningham,richard.c@aol.com,+1-415-730-2074,2026-03-25,Sedan,7DEY663,SOMA,4.17,True
DRV001622,Cynthia Pittman,cynthia.p@hotmail.com,+1-415-876-1315,2026-03-01,SUV,9NPI678,SOMA,4.12,True
DRV001623,Megan Gillespie,megan.gillespie@gmail.com,+1-831-752-1035,2026-02-26,SUV,2SWK212,SOMA,4.39,True
DRV001624,Julie Heath,julie.heath@icloud.com,+1-415-743-3186,2026-04-18,Van,GDB3870,Mountain View,4.36,True
DRV001625,Juan Gibbs,juan45@yahoo.com,+1-707-809-7250,2026-01-04,Economy,EGZ8938,Mountain View,4.43,True
DRV001626,Amanda Lopez,amandalopez@hotmail.com,+1-650-873-7126,2024-05-07,Sedan,1PYE328,North Beach,3.52,True
DRV001627,John Stephens,john80@icloud.com,+1-209-614-1963,2026-04-08,SUV,7QLD872,Pacific Heights,4.81,True
DRV001628,Samantha Marshall,samantha98@gmail.com,+1-707-563-4642,2026-03-12,Economy,LNC9729,Palo Alto,3.58,True
DRV001629,Jack Waters,jack.waters@yahoo.com,+1-831-918-5456,2026-01-30,Sedan,XOD8401,North Beach,4.07,True
DRV001630,Jack Padilla,jpadilla@yahoo.com,+1-408-330-4781,2025-05-21,Economy,7KMU641,Haight-Ashbury,4.61,True
DRV001631,Christopher Stevens,christopher.s@hotmail.com,+1-209-882-3853,2026-01-01,Sedan,1YEN288,SOMA,3.9,False
DRV001632,Arthur Shepard,arthur.shepard@outlook.com,+1-831-607-2190,2025-12-17,SUV,YOK4098,Mountain View,4.31,True
DRV001633,Billy Joyce,billyjoyce@icloud.com,+1-408-420-6252,2025-11-14,SUV,TWK9433,North Beach,4.08,True
DRV001634,Evelyn Knapp,evelyn33@outlook.com,+1-415-508-2989,2025-08-24,Sedan,9ENW357,Mountain View,4.1,True
DRV001635,Amy Jimenez,amyjimenez@icloud.com,+1-408-982-2386,2026-03-15,Economy,3KAX396,Pacific Heights,4.84,True
DRV001636,Willie Callahan,williecallahan@icloud.com,+1-510-512-4716,2025-11-18,SUV,WTO4567,Pacific Heights,4.84,True
DRV001637,Timothy Villarreal,tvillarreal@hotmail.com,+1-650-850-9905,2026-04-29,Sedan,1POQ952,Oakland,4.49,True
DRV001638,Kenneth Huynh,kennethhuynh@hotmail.com,+1-415-537-3479,2025-12-26,Luxury,3GVA596,Haight-Ashbury,4.56,True
DRV001639,Anthony Cardenas,anthony.c@icloud.com,+1-831-328-9932,2026-04-29,Economy,ZAZ7062,Haight-Ashbury,4.58,True
DRV001640,Mary Hughes,mary70@yahoo.com,+1-415-659-7692,2026-04-05,Sedan,9LIM875,San Jose,4.9,True
DRV001641,Deborah Odom,deborah.odom@hotmail.com,+1-408-514-9040,2026-04-12,Sedan,3IZR593,Oakland,4.48,True
DRV001642,Julie Jenkins,julie.jenkins@outlook.com,+1-209-707-4218,2025-11-18,SUV,BZJ4698,Haight-Ashbury,3.49,True
DRV001643,Theresa Collier,theresa.collier@yahoo.com,+1-707-836-2162,2025-09-26,Sedan,NFL4110,Pacific Heights,4.74,True
DRV001644,Emma Park,epark@hotmail.com,+1-415-998-5438,2026-04-06,Economy,1LYK231,San Jose,4.25,True
DRV001645,Thomas Garcia,tgarcia@outlook.com,+1-707-278-2168,2026-04-07,Sedan,QZR6853,Mission District,4.29,True
DRV001646,Kathleen Lamb,kathleen.l@icloud.com,+1-707-280-5390,2025-03-29,Economy,4ZAV671,San Jose,4.33,True
DRV001647,James Bridges,james.b@aol.com,+1-510-946-2563,2026-02-27,Sedan,8GSQ785,Castro,4.13,True
DRV001648,Alan Griffin,alan.griffin@aol.com,+1-209-684-1044,2026-04-21,SUV,1PXU834,Pacific Heights,3.74,True
DRV001649,Helen Wallace,helen79@gmail.com,+1-408-818-9944,2025-12-05,Economy,2UAF491,Haight-Ashbury,4.21,True
DRV001650,Howard Nelson,howard.n@hotmail.com,+1-831-900-5566,2026-02-15,Sedan,SAL9855,Downtown SF,4.96,True
DRV001651,Samuel Shaw,samuel87@gmail.com,+1-831-489-8165,2025-11-06,SUV,FFG7840,SOMA,4.48,True
DRV001652,Edward Church,edward69@hotmail.com,+1-415-715-9310,2025-12-10,Sedan,TVM9283,Berkeley,4.64,False
DRV001653,Carl Hobbs,carl.h@yahoo.com,+1-415-895-2924,2025-11-16,SUV,POS5622,Palo Alto,4.28,True
DRV001654,Lisa Hart,lisahart@outlook.com,+1-831-302-2576,2026-04-16,Luxury,5OOI919,Haight-Ashbury,4.44,True
DRV001655,Willie West,willie.w@aol.com,+1-831-233-5837,2026-04-01,Sedan,URE1296,Castro,4.6,True
DRV001656,Ethan Davis,edavis@hotmail.com,+1-707-928-5563,2025-11-22,Economy,1WRR240,Mountain View,4.73,True
DRV001657,Ronald Wood,ronald.wood@hotmail.com,+1-831-963-2203,2026-01-24,Economy,OSO7901,Mountain View,4.5,True
DRV001658,Heather Cameron,hcameron@yahoo.com,+1-408-534-7159,2026-04-16,Sedan,JZD7297,Mission District,4.8,True
DRV001659,Nicole Moore,nicole26@outlook.com,+1-209-206-4540,2025-11-19,Sedan,NBY1849,Haight-Ashbury,4.69,True
DRV001660,Diane Shaffer,dshaffer@gmail.com,+1-707-245-3117,2026-01-22,SUV,XCQ5357,Palo Alto,4.54,True
DRV001661,Marie Mejia,marie.mejia@yahoo.com,+1-415-806-2937,2025-08-05,SUV,BTQ3345,Castro,3.81,True
DRV001662,Marilyn Estrada,marilynestrada@aol.com,+1-408-985-8537,2026-02-20,Sedan,OSJ2836,Financial District,4.3,True
DRV001663,Melissa Heath,melissa.heath@icloud.com,+1-831-244-3179,2026-04-15,Luxury,MXY5837,Oakland,3.25,True
DRV001664,Anna Morin,annamorin@gmail.com,+1-707-492-5612,2025-05-20,Sedan,YFC1266,Oakland,4.22,True
DRV001665,Kimberly Velez,kvelez@hotmail.com,+1-707-742-4462,2026-04-01,SUV,5TKK987,SOMA,3.67,True
DRV001666,Alexis Monroe,alexis.monroe@outlook.com,+1-209-253-6159,2026-03-11,Economy,JGV2680,San Jose,3.33,True
DRV001667,Emily Park,epark@gmail.com,+1-209-210-5855,2026-01-10,SUV,3TXK234,Marina,3.7,True
DRV001668,Thomas Hodge,thomas74@gmail.com,+1-510-583-4261,2026-02-25,Sedan,BFS2477,Haight-Ashbury,4.0,True
DRV001669,Matthew Huff,matthew.huff@hotmail.com,+1-209-785-2013,2025-05-25,SUV,3GBG434,Pacific Heights,3.74,True
DRV001670,Shirley Reyes,shirley58@aol.com,+1-707-418-2590,2026-03-08,SUV,IYX1891,Castro,3.93,True
DRV001671,Ashley Blackburn,ashley.b@aol.com,+1-831-645-5920,2026-04-21,Luxury,KFI3016,Chinatown,4.32,True
DRV001672,Samuel Richmond,samuel73@aol.com,+1-209-605-9961,2025-12-22,Economy,JMU4979,Berkeley,4.3,True
DRV001673,Cheryl Castillo,cheryl79@yahoo.com,+1-415-857-2642,2025-09-24,Sedan,EPL4963,Marina,3.83,True
DRV001674,Andrew Roach,aroach@yahoo.com,+1-650-415-7633,2026-04-01,SUV,1EOD345,San Jose,4.71,True
DRV001675,Diane Blankenship,diane.b@icloud.com,+1-650-464-3708,2025-11-13,Sedan,4QSF647,Palo Alto,4.34,True
DRV001676,Andrew Roberts,andrewroberts@aol.com,+1-650-222-2538,2026-02-07,Economy,1BQF917,SOMA,4.46,True
DRV001677,Emma Woods,emma37@outlook.com,+1-510-819-9606,2026-04-26,Sedan,1UMV982,Mission District,4.27,True
DRV001678,Jonathan Mcguire,jmcguire@gmail.com,+1-209-531-8150,2025-11-17,Luxury,PBO4623,Mission District,4.67,True
DRV001679,Kimberly Hancock,kimberlyhancock@yahoo.com,+1-650-388-8086,2025-05-10,Economy,SDD8362,North Beach,4.42,True
DRV001680,Timothy Richardson,timothy.r@aol.com,+1-415-607-7583,2026-03-05,Luxury,SAU1056,Marina,4.25,True
DRV001681,Susan Lynch,susan.lynch@hotmail.com,+1-707-373-9248,2026-01-26,Sedan,DHS1615,Oakland,4.43,True
DRV001682,Tiffany Brady,tiffanybrady@outlook.com,+1-925-218-8116,2026-02-03,SUV,6NLK480,Financial District,3.25,False
DRV001683,Douglas Mason,douglas.mason@yahoo.com,+1-831-395-9328,2026-01-13,SUV,JWV7611,Mountain View,4.39,False
DRV001684,Shirley Wyatt,shirley19@icloud.com,+1-209-473-6161,2025-09-26,Economy,QFN4564,Financial District,4.54,True
DRV001685,Lawrence Tanner,lawrence.t@aol.com,+1-925-812-2267,2025-09-04,Sedan,9LPQ422,Palo Alto,3.6,True
DRV001686,Larry Buck,larrybuck@yahoo.com,+1-831-993-8151,2025-10-28,Sedan,3DFP490,Mission District,4.47,True
DRV001687,Kenneth Velez,kenneth.v@aol.com,+1-510-876-2709,2025-01-11,SUV,5OIG104,Berkeley,3.36,True
DRV001688,Alexis Bullock,alexisbullock@yahoo.com,+1-408-805-9700,2026-02-06,SUV,HME3647,Castro,3.6,True
DRV001689,Noah Hurst,nhurst@gmail.com,+1-650-331-4359,2025-08-04,Sedan,9QBR968,Pacific Heights,4.81,True
DRV001690,Teresa Evans,teresa.evans@aol.com,+1-408-914-5184,2026-02-23,Luxury,JHT9789,Palo Alto,4.66,False
DRV001691,Tyler Ramirez,tyler96@icloud.com,+1-831-903-8271,2026-01-06,Sedan,OUF9873,Marina,4.42,False
DRV001692,Joe Humphrey,joehumphrey@outlook.com,+1-510-251-9896,2025-06-13,Sedan,3KJD201,Haight-Ashbury,4.04,True
DRV001693,Samantha Dorsey,samantha.d@outlook.com,+1-925-538-9179,2025-06-10,Economy,NKI6873,Mountain View,4.92,True
DRV001694,Betty Salazar,bsalazar@outlook.com,+1-925-205-1112,2026-01-01,Sedan,9LNV927,Chinatown,4.04,False
DRV001695,Justin Stewart,justin.stewart@outlook.com,+1-831-561-5183,2024-12-09,SUV,3EGH170,San Jose,4.32,True
DRV001696,Billy Carey,billy.carey@yahoo.com,+1-408-406-9671,2025-09-11,Luxury,9ZAU956,Castro,4.25,True
DRV001697,David Ortiz,david.ortiz@yahoo.com,+1-831-398-1746,2025-10-29,SUV,HYE4476,Chinatown,3.85,True
DRV001698,Jessica Fox,jessica15@aol.com,+1-415-753-9760,2026-03-06,Economy,5TFR112,Financial District,3.52,False
DRV001699,Brittany Cooper,bcooper@icloud.com,+1-209-789-8978,2026-02-01,SUV,5IDG314,Castro,4.57,True
DRV001700,Anna Leblanc,anna11@hotmail.com,+1-415-675-4352,2026-02-02,Sedan,7TMZ114,Financial District,4.55,True
DRV001701,Brittany Rollins,brittany.r@hotmail.com,+1-415-544-9986,2026-03-10,SUV,7ASG250,Oakland,4.85,True
DRV001702,Barbara Greene,barbara21@icloud.com,+1-650-540-9529,2026-01-28,Economy,1MVD332,Mission District,4.64,True
DRV001703,Nathan Pittman,npittman@hotmail.com,+1-831-671-6940,2024-12-02,Sedan,YCI9412,Mountain View,3.43,True
DRV001704,Jonathan Shannon,jonathanshannon@gmail.com,+1-650-820-6242,2025-11-04,Sedan,NKN5529,Mission District,4.09,True
DRV001705,Kenneth Reid,kennethreid@yahoo.com,+1-831-231-6907,2026-03-03,Sedan,JQH8524,Haight-Ashbury,4.42,True
DRV001706,Justin Villarreal,justin.villarreal@outlook.com,+1-408-916-1040,2025-08-06,SUV,3VFZ797,Mission District,3.37,True
DRV001707,Sara Patel,sara.p@icloud.com,+1-650-501-3403,2025-09-15,Luxury,VVO7788,Financial District,4.02,True
DRV001708,Jennifer Petersen,jenniferpetersen@yahoo.com,+1-209-942-3366,2026-02-04,Luxury,8DQY127,SOMA,4.64,False
DRV001709,Ryan Mcdowell,ryan.m@gmail.com,+1-415-925-8019,2026-01-17,Economy,5WSQ558,Downtown SF,4.55,True
DRV001710,Julia Ballard,jballard@icloud.com,+1-707-920-5251,2026-03-06,Sedan,8KIF637,Mission District,4.73,False
DRV001711,Marie Walls,marie.walls@outlook.com,+1-408-673-9424,2026-02-25,Sedan,2IPO409,Castro,4.06,True
DRV001712,Marilyn Donaldson,marilyndonaldson@outlook.com,+1-408-717-5318,2026-03-11,Van,LFA3548,Downtown SF,4.5,True
DRV001713,Aaron Wood,aaronwood@icloud.com,+1-831-897-2782,2026-02-14,SUV,1QIC999,San Jose,4.87,True
DRV001714,Michelle Harding,michelle.h@icloud.com,+1-831-871-2610,2025-09-06,Sedan,DVQ9002,Downtown SF,4.77,False
DRV001715,Heather Mcknight,heather.mcknight@gmail.com,+1-209-800-3161,2026-03-18,SUV,3PDO336,Marina,4.66,True
DRV001716,Randy Winters,rwinters@aol.com,+1-925-822-8440,2026-04-21,Van,GIK6372,North Beach,4.47,True
DRV001717,Joyce Carrillo,joycecarrillo@hotmail.com,+1-707-907-8308,2025-12-24,SUV,8LTT960,San Jose,4.69,True
DRV001718,Sharon Sullivan,sharon51@hotmail.com,+1-415-897-6214,2024-11-17,SUV,1JQN732,Financial District,4.65,True
DRV001719,Amy Willis,amy76@aol.com,+1-925-469-1732,2026-04-09,Economy,9NCB165,Pacific Heights,4.44,False
DRV001720,Susan Morton,susan.morton@yahoo.com,+1-408-863-6287,2025-09-07,Sedan,FNL6313,Oakland,4.67,True
DRV001721,Ethan Herring,ethan.herring@aol.com,+1-415-796-8174,2026-01-27,Sedan,LLB3328,Marina,3.64,True
DRV001722,Nicole Donaldson,nicole44@outlook.com,+1-925-469-7750,2024-11-01,Luxury,OHX4799,Palo Alto,4.09,True
DRV001723,Emily Horn,emily.horn@gmail.com,+1-831-423-3207,2026-04-30,Sedan,MTN4412,Palo Alto,4.4,True
DRV001724,Madison Conway,mconway@aol.com,+1-650-815-3413,2025-01-26,Economy,GNZ4414,Berkeley,4.5,True
DRV001725,Arthur Castillo,arthur.c@hotmail.com,+1-925-857-3681,2026-02-06,Sedan,FEC7108,Mission District,4.43,True
DRV001726,Bruce Maxwell,brucemaxwell@icloud.com,+1-831-598-1392,2025-01-27,Luxury,XHU8715,Berkeley,4.41,True
DRV001727,Amanda Bryant,amanda.b@hotmail.com,+1-925-865-2348,2026-01-13,Economy,MTY2882,Haight-Ashbury,4.71,True
DRV001728,James Underwood,jamesunderwood@yahoo.com,+1-510-725-2540,2025-08-20,SUV,9BVH201,Marina,4.22,True
DRV001729,Scott Gill,sgill@outlook.com,+1-415-922-5180,2025-06-28,Van,FML1423,Berkeley,3.0,False
DRV001730,Beverly Ellis,bellis@hotmail.com,+1-408-406-1469,2026-03-09,Economy,LWJ1484,Financial District,4.38,True
DRV001731,Madison Charles,madison.charles@icloud.com,+1-408-625-7178,2026-01-12,Luxury,2PJK545,Mission District,3.49,True
DRV001732,Benjamin Gallagher,benjamin40@yahoo.com,+1-415-337-3097,2025-11-25,SUV,4GPB313,Berkeley,4.56,True
DRV001733,Adam Weeks,aweeks@outlook.com,+1-707-832-1264,2026-04-12,SUV,8PIQ382,Palo Alto,4.15,True
DRV001734,Stephen Moran,stephen.m@yahoo.com,+1-408-451-6741,2025-12-16,Economy,5WXL414,SOMA,4.39,False
DRV001735,Dennis Parker,dennis.p@outlook.com,+1-408-701-3101,2026-02-08,Sedan,2OUJ758,Haight-Ashbury,4.42,False
DRV001736,Gabriel Cain,gabriel.c@yahoo.com,+1-650-697-8187,2025-11-04,Van,5VHB321,Mountain View,4.22,False
DRV001737,Austin Barton,austinbarton@aol.com,+1-707-551-2041,2025-01-06,Luxury,ZVU5441,San Jose,4.37,True
DRV001738,Wayne Pope,wpope@outlook.com,+1-650-384-9739,2026-01-15,SUV,FAM4951,Marina,3.87,True
DRV001739,Patrick Greer,patrick.greer@hotmail.com,+1-209-499-4243,2025-05-09,Sedan,2CSP638,Chinatown,4.47,True
DRV001740,Samantha Delgado,samanthadelgado@aol.com,+1-415-496-1228,2026-04-11,SUV,HLQ7961,Mission District,4.3,True
DRV001741,Susan Velasquez,susan.v@gmail.com,+1-415-302-9780,2026-02-16,Economy,4CFC194,Mission District,4.07,True
DRV001742,Douglas Orr,dorr@yahoo.com,+1-510-215-8960,2025-05-15,Sedan,CLB7641,Oakland,4.53,True
DRV001743,Adam Poole,adam26@outlook.com,+1-415-616-9977,2025-09-09,Sedan,AWV4242,Marina,4.86,False
DRV001744,Vincent Ramos,vincent57@yahoo.com,+1-408-212-7623,2025-11-27,Sedan,3FEN995,Castro,4.81,False
DRV001745,Roy Bryan,roy.bryan@aol.com,+1-707-341-3755,2026-01-02,Luxury,2CUA518,North Beach,2.93,True
DRV001746,Benjamin Richardson,benjamin42@aol.com,+1-650-219-2563,2025-12-09,Sedan,KXF9508,SOMA,3.83,True
DRV001747,Paul Simon,paul.simon@hotmail.com,+1-408-801-3137,2026-02-14,SUV,3BJR197,Oakland,4.72,True
DRV001748,Ashley Roberts,ashley.roberts@yahoo.com,+1-925-747-6025,2025-11-17,Luxury,2FQJ629,Haight-Ashbury,3.51,False
DRV001749,Sandra Berry,sandraberry@aol.com,+1-925-543-7745,2026-04-03,Economy,IFE7549,Pacific Heights,3.91,True
DRV001750,Scott Oneill,soneill@gmail.com,+1-650-470-9388,2025-06-06,SUV,4GTS697,Castro,3.88,True
DRV001751,Bobby Dalton,bdalton@aol.com,+1-408-483-6906,2025-12-24,SUV,8VJV194,Castro,4.25,True
DRV001752,Jerry Melton,jerry57@icloud.com,+1-510-473-8994,2026-01-21,SUV,KEU9370,Downtown SF,4.3,True
DRV001753,Henry Larsen,henry.larsen@hotmail.com,+1-209-578-4590,2025-09-11,Economy,6EWU377,Mountain View,3.7,True
DRV001754,Christina Massey,christinamassey@hotmail.com,+1-408-774-7680,2025-06-24,Sedan,9XTE307,Mountain View,4.9,False
DRV001755,Ashley Bruce,ashley.b@yahoo.com,+1-925-305-6550,2026-01-19,Economy,3QWS528,Marina,4.16,True
DRV001756,Austin Lawrence,austin51@yahoo.com,+1-925-620-9987,2025-08-21,Sedan,7GPK203,Haight-Ashbury,4.36,True
DRV001757,Donna Pittman,dpittman@icloud.com,+1-408-830-9951,2026-04-01,SUV,CCW9193,Mission District,3.64,True
DRV001758,Gloria Rasmussen,grasmussen@gmail.com,+1-415-450-1378,2026-03-10,Luxury,4MJM270,San Jose,3.76,False
DRV001759,Mary Jimenez,mary.j@icloud.com,+1-831-693-1312,2026-04-22,Economy,DTO2930,SOMA,4.13,False
DRV001760,Pamela Wiggins,pamela.w@hotmail.com,+1-209-606-4013,2026-02-27,Luxury,5VTZ748,SOMA,4.7,True
DRV001761,Olivia Pittman,opittman@yahoo.com,+1-408-812-2783,2025-10-20,Sedan,5AKO617,Palo Alto,3.67,True
DRV001762,Alan Romero,aromero@aol.com,+1-831-935-5786,2026-03-29,Sedan,CKZ1419,Haight-Ashbury,4.27,True
DRV001763,Austin Lawrence,austin37@yahoo.com,+1-510-233-2718,2024-08-08,Sedan,CJU1451,Mission District,4.42,True
DRV001764,Kimberly Casey,kimberly.c@hotmail.com,+1-415-979-2332,2026-04-03,SUV,4HHM781,Haight-Ashbury,4.31,False
DRV001765,Willie Armstrong,willie97@icloud.com,+1-510-488-1746,2026-01-23,Luxury,ORC2017,Mission District,4.34,False
DRV001766,Christian Crosby,christian.crosby@gmail.com,+1-925-757-2493,2026-02-03,SUV,1ZPS778,Oakland,4.53,True
DRV001767,Michael Gomez,michaelgomez@gmail.com,+1-650-742-7835,2026-01-18,Economy,YKO1540,Berkeley,4.31,False
DRV001768,Joe Dotson,joedotson@hotmail.com,+1-650-324-4286,2026-04-27,Economy,6HGE161,Marina,4.91,True
DRV001769,Karen Vincent,kvincent@icloud.com,+1-510-697-2633,2025-03-30,SUV,9JCU201,Palo Alto,3.13,True
DRV001770,Daniel Strong,danielstrong@yahoo.com,+1-510-796-6069,2026-02-10,SUV,VZH8601,Oakland,4.7,True
DRV001771,Dorothy Ayers,dorothy.ayers@hotmail.com,+1-510-322-3171,2025-03-02,Sedan,LQI8939,Mountain View,3.69,True
DRV001772,Cynthia Meadows,cmeadows@outlook.com,+1-707-702-7235,2026-03-17,Sedan,7EBO181,Downtown SF,3.84,False
DRV001773,Jacqueline Poole,jacqueline.poole@aol.com,+1-831-325-5690,2026-04-20,Economy,3DHB827,Marina,4.84,True
DRV001774,Christine Matthews,christine.matthews@outlook.com,+1-831-877-4039,2025-08-07,Luxury,7OVI430,SOMA,4.65,True
DRV001775,Jacqueline Abbott,jacqueline.abbott@yahoo.com,+1-707-489-8971,2025-03-10,Sedan,BSP5520,Chinatown,4.71,True
DRV001776,Carolyn Shields,carolyn.s@hotmail.com,+1-408-259-1501,2026-04-02,SUV,6LJR511,Marina,4.9,True
DRV001777,Marie Hurst,mariehurst@yahoo.com,+1-209-853-2415,2025-10-02,SUV,7KTJ475,Downtown SF,4.73,True
DRV001778,John Wilkinson,john.wilkinson@gmail.com,+1-925-869-5496,2026-03-09,Sedan,4AVN531,Palo Alto,4.72,True
DRV001779,David Mclean,david.mclean@gmail.com,+1-415-853-7747,2026-03-23,Economy,1RZU202,North Beach,3.66,True
DRV001780,Andrew Davis,adavis@yahoo.com,+1-408-713-2823,2026-01-13,Economy,3DDD279,Chinatown,4.05,True
DRV001781,Patricia Foley,pfoley@hotmail.com,+1-650-738-4155,2026-02-19,SUV,5AHB869,Chinatown,3.98,True
DRV001782,Bryan Reynolds,bryan39@gmail.com,+1-510-452-6685,2026-03-11,Sedan,VYI6221,San Jose,4.45,False
DRV001783,Donna Holmes,donna.h@icloud.com,+1-650-207-8154,2026-01-29,SUV,6YOB877,North Beach,4.2,True
DRV001784,Linda Medina,linda.medina@gmail.com,+1-415-507-2676,2025-09-29,Sedan,XSI5936,Mission District,3.58,True
DRV001785,Johnny Tran,johnny.tran@aol.com,+1-925-494-8692,2026-03-08,Sedan,UHW3111,Chinatown,4.45,True
DRV001786,Nancy Dickson,nancy.d@icloud.com,+1-408-223-7316,2026-04-06,SUV,6MXQ125,Oakland,3.99,False
DRV001787,Noah Livingston,noah.livingston@aol.com,+1-650-299-4635,2025-09-17,Economy,QXL4924,Palo Alto,4.29,True
DRV001788,Jordan Woodward,jordan11@hotmail.com,+1-707-552-9077,2026-01-19,SUV,PHT9924,San Jose,4.51,True
DRV001789,Theresa Smith,theresa.s@outlook.com,+1-415-906-5883,2026-04-05,Sedan,3NUL486,Mission District,4.39,True
DRV001790,Heather Mathis,hmathis@yahoo.com,+1-408-663-5478,2025-12-21,SUV,1CIL195,Mountain View,4.55,True
DRV001791,Jane Spears,jane18@icloud.com,+1-415-343-6860,2025-10-20,SUV,1NFS730,Financial District,4.66,True
DRV001792,Billy Wiggins,billy47@hotmail.com,+1-209-992-9173,2024-12-22,Sedan,EUV9708,Pacific Heights,3.85,True
DRV001793,Kathleen Wells,kathleenwells@yahoo.com,+1-925-724-1078,2025-02-01,SUV,HLD2812,Berkeley,3.51,True
DRV001794,Amy Wiggins,amy.wiggins@hotmail.com,+1-707-522-8512,2026-03-27,Sedan,1JVO487,Downtown SF,4.23,True
DRV001795,Kevin Espinoza,kevin.espinoza@yahoo.com,+1-408-426-3365,2026-04-19,Luxury,IPJ4641,Palo Alto,4.17,True
DRV001796,Brittany Mercado,brittany.m@outlook.com,+1-408-247-5579,2025-08-18,SUV,3PKX806,Financial District,4.92,True
DRV001797,Joan Shaw,jshaw@hotmail.com,+1-650-814-3274,2025-08-18,Luxury,ACM3897,Mountain View,4.53,True
DRV001798,Alexis Mccoy,alexismccoy@outlook.com,+1-831-818-4439,2026-04-27,SUV,1KZV869,Downtown SF,4.36,False
DRV001799,Ashley Ortega,ashleyortega@icloud.com,+1-415-509-9710,2025-11-05,Economy,VAD7848,Mission District,4.45,True
DRV001800,Richard Gonzales,richardgonzales@aol.com,+1-408-416-7122,2025-05-16,SUV,MMP1033,Downtown SF,4.69,True
DRV001801,Melissa Mccullough,melissa92@outlook.com,+1-510-585-3395,2026-02-26,SUV,6JSH604,Mission District,4.51,True
DRV001802,Jack Richard,jack86@gmail.com,+1-209-793-3336,2025-12-27,Sedan,5UIU322,SOMA,4.6,True
DRV001803,Nancy Gilmore,ngilmore@outlook.com,+1-510-491-6431,2024-07-06,Economy,8TVL901,Berkeley,3.88,True
DRV001804,Emma Burnett,emma.b@aol.com,+1-510-282-8395,2026-01-04,SUV,LKL1957,Castro,4.37,True
DRV001805,Ethan Yates,ethan.yates@yahoo.com,+1-415-789-3623,2025-02-01,Luxury,VQM1900,Haight-Ashbury,4.15,True
DRV001806,Vincent Whitney,vincentwhitney@yahoo.com,+1-408-270-2865,2026-03-14,Sedan,9RLK945,North Beach,3.79,True
DRV001807,Timothy Bryan,timothybryan@yahoo.com,+1-408-900-8967,2026-04-27,SUV,6PBD938,Oakland,3.87,True
DRV001808,Larry Lindsey,larry75@outlook.com,+1-408-709-2372,2026-03-30,Sedan,3PFB864,Marina,4.68,True
DRV001809,Gregory Parks,gregory.p@icloud.com,+1-650-449-2198,2026-01-01,Sedan,5LPQ971,Haight-Ashbury,4.31,True
DRV001810,Rebecca Tran,rebecca.t@aol.com,+1-925-305-9042,2025-06-19,Sedan,FRK2172,Mountain View,4.0,False
DRV001811,Rebecca Sexton,rebecca.sexton@gmail.com,+1-510-997-5502,2026-04-21,Economy,AKJ8011,Haight-Ashbury,4.22,True
DRV001812,Douglas Humphrey,douglas38@gmail.com,+1-650-699-3999,2025-12-23,Luxury,IIZ5078,North Beach,4.36,False
DRV001813,Janet Heath,jheath@icloud.com,+1-209-620-5262,2025-04-17,Sedan,NPE5565,Palo Alto,4.71,True
DRV001814,Pamela Flynn,pamela.flynn@hotmail.com,+1-831-840-3262,2026-02-01,SUV,7PZK492,Chinatown,4.36,False
DRV001815,Mark Henry,mark.henry@outlook.com,+1-650-968-8328,2026-01-07,Sedan,SEY6235,Berkeley,3.99,True
DRV001816,Nathan Blanchard,nathan37@aol.com,+1-925-341-2195,2026-03-03,Sedan,2HWR104,SOMA,3.81,True
DRV001817,Ronald Buchanan,rbuchanan@icloud.com,+1-415-493-6650,2025-10-21,Sedan,SMW7120,Mission District,4.67,True
DRV001818,Justin Rasmussen,jrasmussen@gmail.com,+1-408-435-9678,2026-01-20,Luxury,5LRY247,San Jose,4.38,True
DRV001819,Joan Strickland,joan.strickland@icloud.com,+1-925-524-2049,2025-04-05,Economy,KKS1192,Haight-Ashbury,4.79,True
DRV001820,Rose Pena,rosepena@icloud.com,+1-831-405-1071,2026-03-27,Sedan,3WVA961,Downtown SF,4.72,False
DRV001821,Vincent Gentry,vincent.g@hotmail.com,+1-650-597-5147,2025-12-02,SUV,WFZ4481,Haight-Ashbury,4.92,True
DRV001822,Juan Finley,juan.finley@icloud.com,+1-650-907-9851,2025-12-10,Luxury,MTC4388,Haight-Ashbury,4.01,True
DRV001823,Christine Gamble,christine96@icloud.com,+1-925-645-3180,2026-03-20,SUV,6XHS153,Mission District,4.27,False
DRV001824,Donna Lindsey,donna89@gmail.com,+1-408-583-1817,2026-04-12,Sedan,ZWC6436,Pacific Heights,4.63,True
DRV001825,Cheryl Wilkerson,cheryl.wilkerson@icloud.com,+1-415-421-9583,2026-02-17,Economy,PTT5683,Pacific Heights,4.34,True
DRV001826,Jessica Schwartz,jessica17@yahoo.com,+1-510-556-7646,2026-01-17,Sedan,9IRV295,Chinatown,3.85,True
DRV001827,Anthony Alvarado,anthonyalvarado@outlook.com,+1-925-669-6238,2026-01-20,Sedan,1FQA512,Chinatown,4.6,False
DRV001828,Maria Schwartz,maria.schwartz@outlook.com,+1-209-762-5296,2026-01-24,Sedan,1EMX205,Haight-Ashbury,4.03,False
DRV001829,Gerald Middleton,geraldmiddleton@outlook.com,+1-510-646-2530,2025-12-09,Sedan,9YLU532,Mission District,3.26,True
DRV001830,Lawrence Guerra,lguerra@hotmail.com,+1-408-879-4263,2026-03-19,Sedan,2MBI128,Castro,4.09,False
DRV001831,Janice Carroll,janicecarroll@hotmail.com,+1-707-859-9832,2025-12-08,Sedan,6KLD478,Marina,4.85,True
DRV001832,Kathleen Baldwin,kathleen.b@icloud.com,+1-650-489-3608,2025-04-24,Economy,3CXS443,Chinatown,4.6,True
DRV001833,Wayne Clarke,wayne79@outlook.com,+1-831-761-8944,2026-02-25,Economy,FVU1105,SOMA,3.51,False
DRV001834,Debra Duncan,dduncan@yahoo.com,+1-209-972-7295,2026-04-09,Economy,9VFI753,Castro,4.63,True
DRV001835,Tiffany Cook,tiffany31@yahoo.com,+1-707-507-7987,2026-01-05,Economy,4AOV107,Chinatown,4.1,False
DRV001836,Ethan Ellis,eellis@yahoo.com,+1-650-695-8784,2025-11-19,Van,2DTH426,SOMA,4.48,True
DRV001837,Andrea Melendez,amelendez@yahoo.com,+1-415-998-2007,2025-10-13,SUV,2DBD978,Pacific Heights,3.41,True
DRV001838,Emma Zimmerman,emmazimmerman@aol.com,+1-415-557-8920,2026-04-09,Sedan,RLM7999,Mountain View,3.76,True
DRV001839,Dylan Dudley,ddudley@gmail.com,+1-831-573-8118,2025-11-16,Van,7KLH721,Financial District,3.73,True
DRV001840,Dennis Sexton,dennissexton@hotmail.com,+1-925-216-1286,2026-04-25,Sedan,JEV5612,SOMA,4.46,False
DRV001841,Maria Dickerson,mdickerson@icloud.com,+1-408-911-3986,2026-04-04,Economy,2PTG738,Berkeley,3.34,True
DRV001842,Jennifer Sawyer,jennifer98@outlook.com,+1-408-631-1820,2026-01-31,Sedan,IUP2353,Mountain View,4.87,False
DRV001843,Elizabeth Powell,elizabeth.powell@outlook.com,+1-650-629-1146,2026-02-14,SUV,1DJO313,Oakland,4.11,True
DRV001844,Megan Underwood,munderwood@icloud.com,+1-408-425-6220,2026-02-08,Luxury,9SJX714,SOMA,4.06,True
DRV001845,Lawrence Small,lawrence.s@gmail.com,+1-925-593-4972,2026-01-01,Sedan,SYZ7346,Palo Alto,4.52,True
DRV001846,Kathleen Mendez,kathleenmendez@gmail.com,+1-209-909-3272,2026-04-17,Economy,KJU3326,Pacific Heights,3.78,True
DRV001847,Christine Gibbs,christinegibbs@aol.com,+1-209-885-3105,2025-11-20,Sedan,1VRT773,SOMA,4.01,True
DRV001848,Tyler Pittman,tyler.pittman@hotmail.com,+1-831-217-6236,2025-07-10,Sedan,1OIF246,North Beach,4.8,True
DRV001849,Aaron Morton,aaron.morton@aol.com,+1-408-440-6247,2026-04-05,Economy,VXJ4289,San Jose,3.9,True
DRV001850,Joseph Stewart,joseph.s@gmail.com,+1-408-267-8264,2025-11-09,SUV,SVI9711,Downtown SF,2.93,True
DRV001851,Logan Ortega,logan52@gmail.com,+1-707-756-3944,2026-04-11,Sedan,BTB5300,Berkeley,4.78,True
DRV001852,Joan Hoover,joan.hoover@yahoo.com,+1-831-603-3791,2026-02-16,Sedan,QNV3299,SOMA,3.55,True
DRV001853,Kelly Kent,kelly18@icloud.com,+1-925-998-8518,2026-04-09,Sedan,ZTW6693,Mountain View,4.39,True
DRV001854,Christopher Castillo,christopher14@aol.com,+1-408-890-5006,2026-02-16,Van,7MFL615,Pacific Heights,4.22,False
DRV001855,Matthew Livingston,matthew.livingston@aol.com,+1-925-343-7917,2025-07-17,SUV,MKW1471,San Jose,4.9,True
DRV001856,Julie Knox,jknox@aol.com,+1-510-721-9114,2024-05-10,SUV,3ROY518,Mountain View,4.09,True
DRV001857,Marie Hull,marie95@gmail.com,+1-510-946-7496,2026-04-23,Sedan,UEY3816,Financial District,3.9,True
DRV001858,Adam Woodard,awoodard@icloud.com,+1-415-783-4190,2025-01-07,Economy,7CKV273,SOMA,4.76,True
DRV001859,Logan Dotson,logan.d@icloud.com,+1-415-674-5774,2025-10-12,Sedan,GIN3221,Castro,4.35,True
DRV001860,Jeremy Atkinson,jeremyatkinson@outlook.com,+1-707-817-9126,2026-02-27,Economy,1OEO859,Chinatown,3.53,True
DRV001861,Linda Kim,linda.kim@outlook.com,+1-510-999-7349,2026-01-20,SUV,9POY242,Financial District,4.14,False
DRV001862,Alexander Shaffer,alexander.shaffer@icloud.com,+1-209-282-2870,2025-12-30,SUV,ILB6915,San Jose,4.58,True
DRV001863,Kimberly Mays,kimberly33@hotmail.com,+1-650-735-8327,2026-02-13,SUV,XJM1815,Oakland,4.01,True
DRV001864,Robert Wells,robertwells@gmail.com,+1-510-304-3456,2026-03-27,Economy,1BNV136,North Beach,4.18,True
DRV001865,Lawrence Sanchez,lawrence.s@hotmail.com,+1-650-385-3655,2025-10-05,Sedan,4KFD674,Downtown SF,4.14,True
DRV001866,David Anderson,davidanderson@gmail.com,+1-650-467-3830,2026-01-19,Van,QLG8392,Castro,4.72,True
DRV001867,Louis Bentley,louis.bentley@aol.com,+1-707-706-2507,2025-07-29,Sedan,THY7020,Mountain View,4.3,True
DRV001868,Ethan Strong,ethan.strong@aol.com,+1-831-755-9076,2026-02-14,Sedan,JHY4585,Pacific Heights,4.78,True
DRV001869,Thomas Ballard,tballard@icloud.com,+1-831-562-9423,2025-10-18,Sedan,5NUO976,Marina,4.83,True
DRV001870,Alexander Hendrix,ahendrix@aol.com,+1-650-626-9102,2026-03-31,Economy,7VNG130,Palo Alto,4.3,True
DRV001871,Judith Stafford,judith.s@outlook.com,+1-415-720-5763,2025-12-13,Sedan,7UPF949,Oakland,4.12,True
DRV001872,Gary Schroeder,gary86@icloud.com,+1-415-564-1389,2025-08-05,Sedan,UIB1522,Financial District,4.1,True
DRV001873,Jonathan Fischer,jonathanfischer@aol.com,+1-415-252-8501,2025-06-15,Sedan,3XTT680,Downtown SF,4.6,True
DRV001874,Zachary George,zacharygeorge@icloud.com,+1-707-476-6658,2026-02-06,Sedan,ZAO1468,Mission District,4.18,True
DRV001875,Christine Middleton,christine.middleton@hotmail.com,+1-415-892-3173,2025-12-17,Luxury,QHI4030,Chinatown,4.89,True
DRV001876,Rebecca Allison,rebecca.allison@yahoo.com,+1-209-810-5338,2026-01-11,Sedan,RRV9052,Financial District,3.38,False
DRV001877,Johnny Clarke,johnny.clarke@aol.com,+1-510-314-3330,2025-10-06,Luxury,6OHW510,Castro,4.29,True
DRV001878,Judith Gibbs,judith.g@outlook.com,+1-831-387-6635,2025-11-17,Sedan,1NMN667,Berkeley,3.72,True
DRV001879,Rachel Buchanan,rachel.buchanan@hotmail.com,+1-831-241-2324,2026-01-25,Sedan,ICR5987,Castro,4.31,True
DRV001880,Benjamin Richards,brichards@aol.com,+1-415-983-7846,2026-04-03,Sedan,3OCL353,North Beach,4.68,True
DRV001881,Matthew Kennedy,matthew21@outlook.com,+1-707-633-3732,2024-06-13,SUV,GCT1470,Chinatown,4.72,True
DRV001882,Donald Winters,dwinters@outlook.com,+1-650-214-1970,2026-01-10,SUV,4CVG909,Palo Alto,4.82,True
DRV001883,Joe Moon,joe.moon@outlook.com,+1-209-260-6091,2025-04-04,SUV,6SVO940,SOMA,3.78,False
DRV001884,Randy Beasley,randybeasley@aol.com,+1-510-377-4527,2025-06-13,SUV,4VNO139,Pacific Heights,4.16,True
DRV001885,Lisa Lamb,lisalamb@gmail.com,+1-650-578-4969,2025-12-24,Van,6BRO904,Berkeley,3.35,True
DRV001886,Amy Pope,apope@hotmail.com,+1-707-652-7202,2026-04-28,Economy,2CIP866,Pacific Heights,4.33,True
DRV001887,Deborah Hughes,deborahhughes@aol.com,+1-925-454-8141,2026-01-21,Sedan,JXC1624,Oakland,4.62,True
DRV001888,Kenneth Pittman,kpittman@outlook.com,+1-510-894-2756,2026-02-26,Sedan,7DPY578,Financial District,4.35,True
DRV001889,Gregory Ortiz,gregoryortiz@yahoo.com,+1-510-637-3314,2025-09-22,Economy,CBN4745,Palo Alto,4.63,True
DRV001890,Kenneth Perry,kenneth.p@yahoo.com,+1-831-780-2237,2026-03-18,Sedan,LRL8930,Mission District,4.3,True
DRV001891,Carolyn Mcdonald,carolyn.m@aol.com,+1-209-699-1016,2026-03-17,Sedan,5JPQ846,Mission District,3.69,True
DRV001892,Ronald Reyes,ronald42@hotmail.com,+1-415-210-3909,2026-03-15,Economy,7TNO668,Financial District,3.83,True
DRV001893,Jason Park,jason91@gmail.com,+1-650-808-6180,2026-04-17,Van,LKG1778,Pacific Heights,3.44,True
DRV001894,Marie Armstrong,marmstrong@aol.com,+1-209-895-6701,2025-07-09,Sedan,2NSG534,Chinatown,4.74,True
DRV001895,Barbara Richardson,barbara.r@aol.com,+1-650-657-3826,2025-10-15,Van,6CGJ202,Chinatown,4.48,True
DRV001896,Joshua Williams,joshuawilliams@icloud.com,+1-650-570-4867,2026-03-31,SUV,9TRB870,Oakland,3.21,True
DRV001897,Ashley Key,ashleykey@outlook.com,+1-415-443-9805,2025-06-02,SUV,RCY8846,Marina,3.89,True
DRV001898,Denise Wilson,denise.w@icloud.com,+1-925-863-8964,2026-04-30,SUV,3BAD363,Berkeley,3.96,True
DRV001899,Marie Turner,marie.turner@outlook.com,+1-510-644-4955,2026-02-22,Sedan,6WAR645,Palo Alto,3.26,True
DRV001900,Anthony Daniels,adaniels@gmail.com,+1-707-282-2804,2026-04-14,Sedan,PCG5979,Castro,4.6,True
DRV001901,Janet Petersen,jpetersen@yahoo.com,+1-831-552-6544,2025-10-07,SUV,2PLM341,North Beach,4.68,True
DRV001902,Alexis Griffin,alexis.g@icloud.com,+1-831-968-3316,2025-10-17,SUV,GJC7581,San Jose,3.75,False
DRV001903,Ethan Cline,ethancline@gmail.com,+1-707-572-9100,2025-11-23,Economy,2FVN865,Pacific Heights,4.29,True
DRV001904,Barbara Palmer,barbarapalmer@aol.com,+1-925-883-7238,2025-08-02,Economy,HUX3882,North Beach,4.71,True
DRV001905,Russell Matthews,russell10@aol.com,+1-510-273-8488,2025-07-04,Sedan,2RER483,SOMA,4.87,True
DRV001906,Ryan Alexander,ralexander@icloud.com,+1-831-412-7810,2025-12-11,Sedan,1VKJ678,Haight-Ashbury,4.2,True
DRV001907,Andrea Harris,aharris@icloud.com,+1-408-203-1463,2026-03-06,Sedan,4MPQ511,Berkeley,4.37,True
DRV001908,Charles Bridges,charlesbridges@aol.com,+1-650-998-2861,2025-10-29,Sedan,EYJ4654,Pacific Heights,4.54,True
DRV001909,Shirley Turner,shirleyturner@icloud.com,+1-510-283-9900,2025-12-05,Sedan,3NHD297,Downtown SF,4.73,True
DRV001910,Sandra Duran,sandra.d@outlook.com,+1-415-691-6483,2025-11-15,Luxury,NSV9530,Oakland,4.54,True
DRV001911,Theresa Booker,theresa.b@icloud.com,+1-209-839-1931,2026-04-15,Sedan,3CDH974,Haight-Ashbury,4.72,True
DRV001912,Henry Chase,henry.chase@icloud.com,+1-510-209-8088,2024-12-08,Sedan,4QRY823,Castro,4.43,True
DRV001913,Gary Foster,garyfoster@gmail.com,+1-650-810-8552,2025-11-27,Economy,JJV7789,Mission District,4.18,True
DRV001914,Brandon Faulkner,brandonfaulkner@outlook.com,+1-510-290-4461,2025-09-14,Sedan,RPP1877,Haight-Ashbury,4.2,True
DRV001915,Kevin Gomez,kevingomez@aol.com,+1-415-711-2259,2026-01-27,Economy,8JUS217,Haight-Ashbury,4.8,True
DRV001916,Roy Pierce,roy.pierce@yahoo.com,+1-510-681-9632,2025-09-30,Luxury,1TBR954,Downtown SF,4.2,True
DRV001917,Juan Hicks,juan86@aol.com,+1-925-580-9452,2026-02-28,Sedan,NIK4840,Oakland,4.46,True
DRV001918,Jesse Velez,jessevelez@outlook.com,+1-925-950-4568,2025-10-14,Economy,EXU6603,Mission District,4.15,True
DRV001919,Anna Kelly,annakelly@hotmail.com,+1-510-844-5162,2026-02-20,Sedan,WXX2741,Palo Alto,4.09,True
DRV001920,George Payne,george.payne@gmail.com,+1-831-438-5278,2026-02-27,Economy,2VSO425,Marina,3.61,True
DRV001921,Heather Johnston,heather.j@yahoo.com,+1-415-990-8705,2026-01-29,Sedan,NTU1755,Oakland,4.42,True
DRV001922,Ralph Osborn,ralph49@icloud.com,+1-209-338-5547,2025-10-06,SUV,AZP3880,Berkeley,4.33,True
DRV001923,Andrea Peck,andrea34@aol.com,+1-510-628-7561,2025-09-12,SUV,BFZ8708,Marina,4.44,False
DRV001924,Evelyn Young,evelynyoung@gmail.com,+1-209-872-4708,2025-12-31,Sedan,ZSE3172,Oakland,4.04,True
DRV001925,Carol Sherman,carol.s@icloud.com,+1-408-262-7746,2026-03-26,Economy,GTL6055,Mountain View,4.02,True
DRV001926,Marie Sullivan,marie93@hotmail.com,+1-925-372-5858,2025-10-17,SUV,OWE1504,SOMA,4.4,True
DRV001927,Gary Flynn,gary.f@hotmail.com,+1-209-621-6751,2025-12-04,Sedan,YDT7976,Oakland,4.29,True
DRV001928,Gregory Larsen,gregory.larsen@icloud.com,+1-925-305-6061,2025-11-30,Sedan,4QQB297,North Beach,4.63,True
DRV001929,Helen Peck,helen27@hotmail.com,+1-510-900-1914,2026-03-08,SUV,VKB2156,Downtown SF,4.83,True
DRV001930,Samantha Bradford,samantha.b@hotmail.com,+1-650-967-3874,2025-10-15,SUV,3GJJ697,Oakland,3.95,False
DRV001931,Adam Crosby,adamcrosby@icloud.com,+1-707-439-4796,2026-04-13,Economy,CGV9876,San Jose,4.66,True
DRV001932,Marilyn Moore,marilynmoore@hotmail.com,+1-650-487-3437,2026-03-27,Sedan,7LET376,Haight-Ashbury,4.29,True
DRV001933,Scott Mccall,scott.m@yahoo.com,+1-408-463-4419,2026-03-18,Sedan,2YTJ726,Pacific Heights,4.72,True
DRV001934,Martha Deleon,martha56@yahoo.com,+1-925-455-3893,2025-08-15,SUV,3OIL309,Castro,4.33,True
DRV001935,Jennifer Mcintosh,jennifermcintosh@icloud.com,+1-707-823-5456,2025-09-15,SUV,XVW5075,Financial District,4.67,True
DRV001936,Bryan Meyers,bryan46@yahoo.com,+1-707-815-2574,2026-03-26,Luxury,MIG3041,San Jose,3.44,True
DRV001937,Stephanie Jones,stephanie.j@icloud.com,+1-707-480-3234,2026-04-04,Sedan,YFH5666,Berkeley,4.45,True
DRV001938,Diana Wall,dwall@icloud.com,+1-831-640-8372,2026-01-11,Sedan,PGA2744,North Beach,4.36,True
DRV001939,Logan Harris,logan.h@gmail.com,+1-510-467-8214,2026-01-24,Van,CZF9578,Pacific Heights,3.6,False
DRV001940,Kimberly Hutchinson,kimberly23@outlook.com,+1-209-567-7862,2025-12-04,Sedan,6AIO617,Haight-Ashbury,4.16,False
DRV001941,Alexis Powell,apowell@aol.com,+1-925-467-3960,2026-03-13,Sedan,4ZJX545,Financial District,4.75,True
DRV001942,Robert Simon,robert.simon@aol.com,+1-707-618-7693,2026-02-26,Sedan,OYM6093,Downtown SF,4.24,True
DRV001943,Eugene Gibbs,eugene.g@outlook.com,+1-510-682-9799,2026-03-22,Economy,XUD1545,Palo Alto,4.47,True
DRV001944,Joseph Mccoy,joseph78@aol.com,+1-209-638-3825,2026-03-27,Sedan,WHZ2168,Oakland,3.7,True
DRV001945,Ashley Flowers,ashley76@icloud.com,+1-408-976-7671,2026-01-28,Sedan,WRF9391,Castro,3.8,True
DRV001946,Vincent Ruiz,vincent.ruiz@yahoo.com,+1-209-762-7182,2026-04-01,SUV,CUQ1025,San Jose,4.47,True
DRV001947,Keith Espinoza,kespinoza@outlook.com,+1-707-736-7161,2026-01-25,Luxury,BFI3403,Downtown SF,4.6,False
DRV001948,Angela Meyers,angela37@hotmail.com,+1-925-416-5229,2025-11-05,SUV,7TSG650,Mission District,3.99,True
DRV001949,Joshua Vazquez,joshua38@outlook.com,+1-831-290-8811,2026-01-28,SUV,TBW3032,Mountain View,4.67,True
DRV001950,Brenda Davenport,bdavenport@outlook.com,+1-650-891-7774,2025-10-16,Economy,KYL6130,Berkeley,4.48,True
DRV001951,Amber Weeks,aweeks@outlook.com,+1-925-707-7133,2026-01-18,SUV,RQY9231,Berkeley,4.78,True
DRV001952,Jesse Richard,jrichard@aol.com,+1-209-459-1450,2025-07-11,SUV,UMM8787,Pacific Heights,4.77,True
DRV001953,Joshua Sanchez,jsanchez@outlook.com,+1-707-282-6048,2025-07-29,Economy,JHB8719,San Jose,4.45,True
DRV001954,Ethan Carroll,ethan.c@icloud.com,+1-415-233-1762,2025-04-23,Luxury,HAK7527,Castro,4.38,True
DRV001955,Joshua Curtis,joshua47@hotmail.com,+1-408-737-6464,2025-05-27,Luxury,KGY4281,Palo Alto,3.81,True
DRV001956,Joyce Schroeder,joyce.schroeder@gmail.com,+1-925-677-1473,2025-03-29,SUV,OCB5022,Palo Alto,4.35,True
DRV001957,Bobby Velazquez,bvelazquez@gmail.com,+1-510-814-9222,2025-11-11,Sedan,TVZ2421,Chinatown,4.59,True
DRV001958,Samantha Farrell,sfarrell@hotmail.com,+1-831-636-2253,2024-12-12,SUV,5MLC758,San Jose,3.96,True
DRV001959,Roger Pacheco,roger.pacheco@hotmail.com,+1-209-950-7743,2025-07-14,SUV,7ODP858,Castro,4.72,True
DRV001960,Jack Melton,jack.m@icloud.com,+1-707-217-9630,2025-09-15,SUV,BSS4793,Downtown SF,4.57,True
DRV001961,Theresa Ryan,tryan@hotmail.com,+1-415-523-5558,2025-10-11,Sedan,RQK3548,Mission District,4.52,True
DRV001962,Alexander Peterson,alexander.peterson@icloud.com,+1-831-585-1528,2026-03-18,Luxury,5LGO958,Mission District,3.31,True
DRV001963,Deborah Roth,deborahroth@hotmail.com,+1-209-506-5955,2026-02-27,SUV,AIG2689,Downtown SF,4.46,False
DRV001964,Angela Wagner,angela.w@outlook.com,+1-408-565-2344,2026-03-13,SUV,TSW7776,Pacific Heights,4.81,False
DRV001965,Jacqueline Miranda,jacqueline.miranda@yahoo.com,+1-510-408-7004,2025-01-16,Economy,4AJJ373,Mountain View,4.18,False
DRV001966,Victoria Massey,victoria.massey@hotmail.com,+1-408-836-9638,2025-12-23,Sedan,JED6371,Castro,3.71,False
DRV001967,Joe Morris,joe.m@hotmail.com,+1-510-374-7145,2026-04-29,SUV,9VZC571,Castro,4.21,True
DRV001968,Amanda Perkins,amandaperkins@gmail.com,+1-408-518-9724,2026-04-09,Sedan,OOS1672,Berkeley,4.14,True
DRV001969,Ronald Sellers,ronald18@outlook.com,+1-408-465-3082,2026-04-23,Van,ZEX2684,Berkeley,4.42,True
DRV001970,Jack Pennington,jackpennington@gmail.com,+1-510-377-2037,2025-10-02,Van,EXH2427,Pacific Heights,4.52,True
DRV001971,Daniel Hansen,daniel.hansen@hotmail.com,+1-707-571-4207,2025-10-30,Economy,YIB1964,San Jose,4.14,True
DRV001972,John Dorsey,john.d@gmail.com,+1-510-248-7672,2025-12-12,SUV,9HTI516,Berkeley,3.88,False
DRV001973,Douglas Lynch,douglas49@hotmail.com,+1-510-771-4010,2025-10-10,SUV,CKP5372,Castro,4.56,True
DRV001974,Henry Drake,henry.drake@icloud.com,+1-510-223-7870,2026-02-09,SUV,XTZ7234,Berkeley,4.05,True
DRV001975,Robert Morales,robert.m@aol.com,+1-650-363-5096,2026-01-15,SUV,2KDV228,SOMA,4.64,True
DRV001976,Gabriel Walter,gwalter@yahoo.com,+1-831-833-7249,2026-01-21,SUV,AFH2414,Berkeley,4.77,True
DRV001977,Raymond Solis,raymondsolis@aol.com,+1-707-704-3121,2025-01-13,SUV,OLS3587,SOMA,4.52,True
DRV001978,Diana Cline,diana69@icloud.com,+1-707-830-9082,2025-06-25,Sedan,GEM3000,SOMA,3.62,True
DRV001979,Daniel Roy,danielroy@aol.com,+1-415-539-9384,2026-02-09,SUV,UAY9454,Haight-Ashbury,3.61,True
DRV001980,Maria Campbell,maria.c@gmail.com,+1-650-386-5295,2026-01-27,Luxury,6WXG923,Haight-Ashbury,4.78,True
DRV001981,Marilyn Phelps,marilyn.p@gmail.com,+1-925-285-9235,2025-06-29,Economy,PIK5253,Marina,4.37,True
DRV001982,Heather Cortez,heather90@outlook.com,+1-650-425-9434,2026-03-15,Sedan,NYL7240,Castro,4.36,True
DRV001983,Amber Mcintyre,amber.mcintyre@yahoo.com,+1-831-874-1859,2026-03-23,Sedan,3XDP190,Mission District,4.89,True
DRV001984,Deborah Bean,deborah.bean@hotmail.com,+1-209-803-5539,2026-03-21,Economy,LWT1252,Marina,3.85,True
DRV001985,Rebecca Cortez,rebecca25@icloud.com,+1-707-947-5028,2024-08-10,Sedan,YOI2999,Pacific Heights,4.82,True
DRV001986,Arthur Gomez,arthurgomez@hotmail.com,+1-209-331-4921,2025-11-25,SUV,WYK4523,Oakland,4.92,True
DRV001987,Arthur Mathis,arthurmathis@aol.com,+1-831-705-1128,2025-10-21,Sedan,GNN9662,Berkeley,4.6,True
DRV001988,Frank Molina,frankmolina@icloud.com,+1-650-576-9762,2026-03-28,SUV,WEX9790,Mountain View,3.67,True
DRV001989,Emma Jordan,emmajordan@yahoo.com,+1-408-582-4435,2025-11-10,SUV,9NLS797,Palo Alto,4.22,True
DRV001990,Jose Rollins,jose.r@gmail.com,+1-831-485-6307,2024-11-27,SUV,FZT6332,Palo Alto,4.14,True
DRV001991,Christine Tucker,christinetucker@hotmail.com,+1-408-283-8824,2026-04-30,Sedan,6RSP262,Mountain View,4.32,True
DRV001992,Danielle Glass,danielle.g@aol.com,+1-209-483-2425,2025-12-13,SUV,BQZ7320,Oakland,4.0,False
DRV001993,Kenneth Savage,kenneth66@gmail.com,+1-510-831-9077,2026-01-30,Sedan,6FPJ425,Mission District,4.38,True
DRV001994,Marie Dickson,marie65@gmail.com,+1-831-651-9673,2026-02-01,Economy,GSX1816,Financial District,4.7,False
DRV001995,Rachel Hurst,rachel.hurst@gmail.com,+1-831-396-1616,2026-02-26,SUV,6OQE387,SOMA,4.31,True
DRV001996,Brenda Barr,brenda37@aol.com,+1-650-691-7251,2026-03-13,Luxury,1ONG770,Berkeley,3.63,True
DRV001997,Nancy Tillman,nancy.tillman@hotmail.com,+1-415-408-4220,2025-12-04,Economy,OBW4590,North Beach,4.2,True
DRV001998,Virginia Leblanc,vleblanc@aol.com,+1-209-306-6667,2026-04-30,SUV,5KAG257,Mountain View,4.43,True
DRV001999,Amber Patel,amber72@aol.com,+1-831-848-3257,2025-11-03,Economy,1QTK813,Palo Alto,4.29,True
DRV002000,Danielle William,danielle.william@icloud.com,+1-650-927-9695,2026-03-24,Luxury,JLQ3515,San Jose,4.49,True
