passenger_id,name,email,phone,registration_date,city,preferred_payment_method,rating
PAS000001,Louis Rivera,louis.rivera@hotmail.com,+1-707-939-4563,2025-09-23,Chinatown,Credit Card,4.58
PAS000002,Gary Thompson,gthompson@outlook.com,+1-707-527-9995,2026-02-20,SOMA,Credit Card,4.84
PAS000003,Daniel Snyder,danielsnyder@outlook.com,+1-925-422-7074,2026-04-25,Haight-Ashbury,Credit Card,4.52
PAS000004,Jeremy Dickson,jeremy75@hotmail.com,+1-831-202-8304,2025-02-11,Chinatown,Cash,4.57
PAS000005,Billy Harris,billy71@gmail.com,+1-510-821-9271,2025-11-26,Mission District,Apple Pay,4.58
PAS000006,Kyle Hobbs,kyle57@gmail.com,+1-650-786-5543,2025-11-25,Pacific Heights,Credit Card,4.73
PAS000007,Matthew Drake,matthewdrake@hotmail.com,+1-408-888-2643,2026-04-19,Haight-Ashbury,Credit Card,3.76
PAS000008,Stephen Shepard,stephenshepard@icloud.com,+1-408-729-6510,2026-01-16,Oakland,Cash,4.79
PAS000009,Lawrence Wilkinson,lwilkinson@outlook.com,+1-831-558-7213,2025-12-02,San Jose,Credit Card,4.62
PAS000010,Samantha Dudley,sdudley@gmail.com,+1-707-533-5964,2025-11-04,Berkeley,Credit Card,3.92
PAS000011,Billy Sandoval,billysandoval@aol.com,+1-925-427-8076,2025-08-20,Chinatown,Credit Card,4.69
PAS000012,Ethan Lamb,ethan.lamb@hotmail.com,+1-831-777-3862,2026-01-25,SOMA,Credit Card,4.64
PAS000013,Emily Williams,emily84@icloud.com,+1-415-698-7634,2026-03-10,Berkeley,Credit Card,4.19
PAS000014,Kathleen Mccormick,kathleen24@yahoo.com,+1-707-807-8599,2026-01-06,North Beach,Debit Card,4.6
PAS000015,Ashley Diaz,ashley.diaz@gmail.com,+1-510-541-5133,2026-03-18,North Beach,Debit Card,4.88
PAS000016,Kyle Rios,kyle.r@hotmail.com,+1-408-879-2175,2026-04-04,Palo Alto,Debit Card,4.13
PAS000017,Willie Estrada,willie.e@outlook.com,+1-650-377-6773,2026-01-19,Castro,Credit Card,4.4
PAS000018,Megan Roth,mroth@hotmail.com,+1-510-428-6613,2026-03-14,Pacific Heights,Cash,4.78
PAS000019,Diana Sanford,diana72@gmail.com,+1-831-746-6387,2026-02-25,Mountain View,Apple Pay,4.06
PAS000020,Albert Randall,albertrandall@icloud.com,+1-707-355-4895,2025-09-28,Palo Alto,Credit Card,4.9
PAS000021,Donna Bartlett,donna56@hotmail.com,+1-415-993-6636,2026-01-27,North Beach,Credit Card,4.39
PAS000022,Angela Moon,amoon@hotmail.com,+1-510-869-7697,2025-11-27,Haight-Ashbury,Credit Card,4.74
PAS000023,Barbara Mendez,barbara77@aol.com,+1-510-995-4168,2026-03-04,Haight-Ashbury,Credit Card,4.22
PAS000024,Kevin Barker,kevin37@outlook.com,+1-415-507-1298,2025-09-18,North Beach,PayPal,4.47
PAS000025,Anthony Moody,anthony.m@outlook.com,+1-510-460-9072,2026-01-05,Oakland,Debit Card,4.08
PAS000026,Beverly Glass,beverlyglass@hotmail.com,+1-510-769-6722,2026-04-09,Berkeley,Apple Pay,4.97
PAS000027,Samantha Giles,samantha.giles@icloud.com,+1-408-711-5643,2026-04-06,Castro,Debit Card,4.52
PAS000028,Eugene Small,eugene.small@outlook.com,+1-415-395-7361,2025-08-10,Mission District,Credit Card,4.82
PAS000029,Robert Brooks,robert68@icloud.com,+1-415-874-1644,2026-04-30,San Jose,Cash,4.86
PAS000030,Anthony Calhoun,acalhoun@outlook.com,+1-925-788-1547,2026-03-11,North Beach,Debit Card,3.75
PAS000031,Marie Woodard,marie.w@yahoo.com,+1-707-521-2603,2026-04-01,Haight-Ashbury,Credit Card,4.5
PAS000032,Randy Mendez,randy24@icloud.com,+1-408-880-7950,2025-04-10,North Beach,PayPal,4.45
PAS000033,Aaron Flowers,aaronflowers@outlook.com,+1-209-445-7029,2025-10-21,Mountain View,Credit Card,4.85
PAS000034,Juan Chase,juan.c@outlook.com,+1-415-700-1946,2025-06-06,North Beach,Credit Card,4.05
PAS000035,Steven Marshall,steven.m@yahoo.com,+1-925-997-2398,2025-11-01,Marina,PayPal,3.85
PAS000036,Cynthia Wilkerson,cynthiawilkerson@icloud.com,+1-415-276-5458,2025-11-13,Marina,Credit Card,3.73
PAS000037,Richard Roach,richard69@yahoo.com,+1-209-850-6075,2026-04-05,Financial District,Apple Pay,3.34
PAS000038,Ryan Woodard,ryanwoodard@hotmail.com,+1-209-929-7783,2026-04-16,North Beach,Cash,3.84
PAS000039,Howard Gutierrez,howard98@icloud.com,+1-415-400-1180,2026-01-16,Oakland,Debit Card,4.55
PAS000040,Susan Rich,susanrich@hotmail.com,+1-831-573-3512,2026-01-12,Haight-Ashbury,Credit Card,4.48
PAS000041,Michael Randolph,michael32@yahoo.com,+1-831-442-8714,2025-12-13,San Jose,Credit Card,4.78
PAS000042,Beverly Gibbs,beverlygibbs@icloud.com,+1-831-639-2698,2024-10-05,Mission District,Debit Card,4.68
PAS000043,Steven Aguilar,stevenaguilar@gmail.com,+1-925-841-3726,2026-04-09,Castro,Credit Card,4.65
PAS000044,Kenneth Oconnor,kenneth.oconnor@icloud.com,+1-209-857-9954,2026-04-19,Financial District,Credit Card,4.48
PAS000045,Donna Wilkins,donna89@outlook.com,+1-707-662-5327,2026-04-24,Oakland,Credit Card,3.49
PAS000046,Rose Colon,rose58@aol.com,+1-408-385-7140,2026-01-13,Oakland,Debit Card,4.2
PAS000047,Samantha Nunez,samantha.nunez@gmail.com,+1-510-991-9721,2026-01-25,Oakland,Debit Card,4.85
PAS000048,Emma Mcguire,emmamcguire@outlook.com,+1-209-392-9375,2026-03-28,Downtown SF,Credit Card,3.76
PAS000049,Alexis Mckenzie,alexis.mckenzie@yahoo.com,+1-510-906-4545,2026-03-22,North Beach,Debit Card,4.61
PAS000050,Vincent Olsen,vincent75@gmail.com,+1-925-708-2315,2026-03-18,Pacific Heights,Debit Card,4.15
PAS000051,Maria Barrera,mariabarrera@gmail.com,+1-510-467-9556,2026-03-18,Marina,Debit Card,4.11
PAS000052,Ronald Briggs,ronald51@gmail.com,+1-510-313-4024,2026-01-24,North Beach,PayPal,4.05
PAS000053,Carol Barr,cbarr@gmail.com,+1-408-201-9325,2026-04-01,North Beach,PayPal,3.67
PAS000054,Marie Gaines,mgaines@outlook.com,+1-415-949-1173,2026-02-03,Haight-Ashbury,Credit Card,3.78
PAS000055,Jane Pittman,jpittman@gmail.com,+1-408-994-8619,2026-02-22,Haight-Ashbury,Credit Card,4.73
PAS000056,Andrew Roach,andrew.roach@outlook.com,+1-831-869-8909,2025-10-30,Berkeley,Credit Card,4.61
PAS000057,Thomas Peck,thomaspeck@gmail.com,+1-209-350-1684,2026-04-13,Pacific Heights,Credit Card,4.69
PAS000058,Marie Sexton,msexton@icloud.com,+1-415-872-5911,2025-08-20,Mission District,Debit Card,4.88
PAS000059,Keith Combs,keithcombs@gmail.com,+1-408-887-3651,2025-05-29,Haight-Ashbury,Credit Card,4.84
PAS000060,Scott Hendrix,shendrix@hotmail.com,+1-831-678-5890,2026-04-11,Mission District,Credit Card,3.96
PAS000061,Jesse Barry,jbarry@gmail.com,+1-707-935-4779,2025-08-10,Financial District,Credit Card,3.21
PAS000062,Wayne Thompson,wayne59@icloud.com,+1-415-778-8971,2026-02-23,Oakland,Credit Card,4.58
PAS000063,Patricia Rios,patriciarios@hotmail.com,+1-510-922-8383,2026-02-17,Oakland,Credit Card,4.43
PAS000064,Susan Herrera,susan.herrera@aol.com,+1-707-772-2635,2026-04-06,Marina,Credit Card,4.83
PAS000065,Diane Rivers,diane.r@outlook.com,+1-209-211-8575,2025-11-14,Pacific Heights,Credit Card,4.4
PAS000066,Brian Wallace,brianwallace@gmail.com,+1-408-852-7520,2025-12-27,Berkeley,Debit Card,4.08
PAS000067,Emily Phelps,ephelps@gmail.com,+1-650-378-2852,2026-02-01,Haight-Ashbury,Apple Pay,4.39
PAS000068,Lawrence Ramirez,lawrence.r@outlook.com,+1-707-482-9427,2026-01-13,Downtown SF,Cash,4.9
PAS000069,Andrew Mays,andrewmays@hotmail.com,+1-408-974-9249,2025-11-04,Palo Alto,Credit Card,4.41
PAS000070,Scott Spencer,scott.s@aol.com,+1-510-204-7688,2026-02-19,Castro,Credit Card,4.67
PAS000071,Zachary Obrien,zachary.obrien@outlook.com,+1-925-546-5156,2026-03-05,Haight-Ashbury,PayPal,4.41
PAS000072,Lawrence Johnston,lawrence98@gmail.com,+1-415-366-2335,2025-09-20,Pacific Heights,Debit Card,4.19
PAS000073,Richard Castillo,richard.c@yahoo.com,+1-408-288-6413,2026-03-20,Castro,Apple Pay,4.44
PAS000074,Gloria Bentley,gbentley@icloud.com,+1-415-425-6552,2026-01-01,San Jose,Credit Card,4.42
PAS000075,Johnny Mays,johnny.mays@outlook.com,+1-209-283-8961,2025-05-15,Berkeley,Apple Pay,3.7
PAS000076,Michael Spencer,michael14@outlook.com,+1-209-258-5971,2026-01-22,Mission District,Credit Card,4.47
PAS000077,Kimberly Blake,kblake@gmail.com,+1-707-295-7425,2026-04-05,Pacific Heights,Credit Card,4.6
PAS000078,Sean Watkins,sean.w@icloud.com,+1-707-413-4916,2026-02-15,North Beach,Apple Pay,4.69
PAS000079,Jerry Middleton,jerry.middleton@icloud.com,+1-209-982-7614,2024-10-19,North Beach,PayPal,4.67
PAS000080,Noah Huynh,noah.huynh@gmail.com,+1-831-486-4677,2025-04-19,Pacific Heights,Apple Pay,4.08
PAS000081,Katherine Rasmussen,krasmussen@aol.com,+1-408-281-8740,2026-04-09,San Jose,PayPal,4.55
PAS000082,Jacob Mitchell,jacobmitchell@yahoo.com,+1-925-794-7884,2026-04-19,Berkeley,Credit Card,4.01
PAS000083,Vincent Robles,vrobles@hotmail.com,+1-707-319-1005,2026-03-27,Pacific Heights,Credit Card,4.9
PAS000084,Sean Ballard,sean.ballard@icloud.com,+1-925-917-8189,2026-04-06,Berkeley,Debit Card,4.64
PAS000085,Sharon Griffin,sharon.griffin@hotmail.com,+1-831-220-6585,2025-10-25,Palo Alto,Debit Card,4.79
PAS000086,Justin Hunt,justin.hunt@outlook.com,+1-707-793-5897,2026-01-20,San Jose,PayPal,4.39
PAS000087,Jeremy Snow,jeremy.snow@gmail.com,+1-415-695-8744,2026-02-27,Haight-Ashbury,Debit Card,4.23
PAS000088,Brandon Dorsey,brandon56@aol.com,+1-707-628-6593,2026-03-09,North Beach,Credit Card,4.69
PAS000089,Joshua Mclean,jmclean@yahoo.com,+1-650-596-4442,2025-11-19,Pacific Heights,Apple Pay,4.73
PAS000090,Martha Hogan,martha.hogan@yahoo.com,+1-415-823-9314,2025-08-23,Pacific Heights,PayPal,4.34
PAS000091,Alexis Molina,alexis77@aol.com,+1-831-211-8108,2025-08-03,Haight-Ashbury,Credit Card,4.3
PAS000092,Emily Joyce,emilyjoyce@aol.com,+1-831-269-4579,2026-03-01,Chinatown,Credit Card,4.58
PAS000093,Kimberly Contreras,kcontreras@gmail.com,+1-209-651-8474,2026-03-17,North Beach,Credit Card,3.9
PAS000094,Jordan Randall,jordan.randall@aol.com,+1-408-783-7656,2025-12-25,SOMA,Credit Card,4.71
PAS000095,Dennis Carpenter,dcarpenter@icloud.com,+1-650-963-8275,2026-01-11,Mission District,Credit Card,4.4
PAS000096,Lori Hughes,lhughes@yahoo.com,+1-707-326-3130,2026-02-28,Chinatown,Credit Card,4.94
PAS000097,Jordan Glenn,jordanglenn@aol.com,+1-415-616-9841,2026-02-15,Mountain View,Apple Pay,4.85
PAS000098,Abigail Black,abigailblack@yahoo.com,+1-408-397-4962,2026-02-23,Downtown SF,Credit Card,3.5
PAS000099,Andrew Perkins,andrew.p@yahoo.com,+1-925-486-7210,2026-04-12,Downtown SF,Debit Card,4.73
PAS000100,Aaron Walker,aaron.w@hotmail.com,+1-408-896-1037,2026-01-31,Haight-Ashbury,Credit Card,4.76
PAS000101,Billy Bridges,billybridges@yahoo.com,+1-707-648-9809,2025-11-27,Mountain View,Apple Pay,4.02
PAS000102,Tyler Roberson,tyler.r@hotmail.com,+1-510-339-9287,2025-10-29,Castro,Credit Card,4.52
PAS000103,Gary Decker,gary.decker@outlook.com,+1-925-459-9700,2026-02-02,Mountain View,Credit Card,4.52
PAS000104,Carl Underwood,carl.u@outlook.com,+1-707-451-2747,2025-12-24,Mission District,Credit Card,4.62
PAS000105,Dylan Gillespie,dylan.gillespie@hotmail.com,+1-650-570-6735,2026-04-03,Pacific Heights,Apple Pay,4.43
PAS000106,Andrew Leach,andrew10@yahoo.com,+1-209-620-5959,2026-01-24,SOMA,Apple Pay,4.23
PAS000107,Janet Wilkins,jwilkins@icloud.com,+1-831-763-9684,2026-03-26,Oakland,PayPal,4.53
PAS000108,Zachary Rivers,zachary.rivers@aol.com,+1-650-243-4746,2025-06-29,Berkeley,Credit Card,4.21
PAS000109,Beverly Murray,beverly.murray@yahoo.com,+1-510-692-1560,2026-01-16,Mountain View,PayPal,4.75
PAS000110,Lisa Cherry,lisa.c@outlook.com,+1-831-413-3158,2025-06-23,Chinatown,Credit Card,4.61
PAS000111,Ethan Hatfield,ehatfield@yahoo.com,+1-209-407-2249,2026-04-26,Pacific Heights,Credit Card,4.06
PAS000112,Kenneth Park,kenneth82@outlook.com,+1-650-790-2853,2026-04-22,North Beach,Cash,4.07
PAS000113,Alan Mcintosh,alan60@hotmail.com,+1-510-637-1136,2026-02-22,Marina,PayPal,4.73
PAS000114,Deborah Stephens,deborah.s@icloud.com,+1-415-682-1073,2026-03-29,Downtown SF,PayPal,4.77
PAS000115,Samuel Chavez,samuel.chavez@yahoo.com,+1-209-519-6545,2024-05-02,Oakland,Apple Pay,4.76
PAS000116,Charles Crawford,charlescrawford@aol.com,+1-650-948-1059,2026-03-23,Mission District,Debit Card,4.27
PAS000117,Emily Glass,emily56@hotmail.com,+1-925-268-7526,2025-11-09,Pacific Heights,Debit Card,4.91
PAS000118,Sara Conway,saraconway@aol.com,+1-510-256-5408,2025-10-25,Haight-Ashbury,Credit Card,3.56
PAS000119,Henry Ford,henry69@aol.com,+1-415-998-2600,2026-04-16,Castro,PayPal,4.77
PAS000120,Carol Bond,carol.b@outlook.com,+1-925-482-3798,2026-04-29,Palo Alto,Credit Card,4.78
PAS000121,Susan Estrada,susan.estrada@outlook.com,+1-707-499-9894,2025-09-05,Mountain View,Credit Card,4.14
PAS000122,Edward Knight,edward.k@hotmail.com,+1-209-345-4897,2026-04-21,Berkeley,Credit Card,3.79
PAS000123,Carl Hoffman,carl.h@aol.com,+1-415-636-1802,2025-01-06,San Jose,PayPal,3.67
PAS000124,Daniel Mccarthy,dmccarthy@icloud.com,+1-650-434-3204,2026-04-02,Haight-Ashbury,Cash,4.64
PAS000125,Walter Richardson,walter.r@hotmail.com,+1-510-835-8541,2026-04-01,Downtown SF,Debit Card,4.13
PAS000126,Matthew Dickerson,matthew.dickerson@icloud.com,+1-831-708-8919,2026-03-28,Oakland,Debit Card,4.73
PAS000127,Kimberly Walker,kimberlywalker@hotmail.com,+1-510-785-3141,2026-04-13,Downtown SF,Credit Card,4.55
PAS000128,Donald Blevins,donald.b@aol.com,+1-707-329-4903,2026-03-12,Marina,Credit Card,4.87
PAS000129,Randy Burns,rburns@gmail.com,+1-925-789-4239,2026-01-14,San Jose,Credit Card,4.25
PAS000130,Jeremy Rivas,jeremy.r@yahoo.com,+1-510-551-9774,2024-12-15,Oakland,Apple Pay,3.75
PAS000131,Virginia Roberson,virginia.roberson@outlook.com,+1-408-818-8268,2025-03-27,Mission District,Credit Card,4.12
PAS000132,Larry Berg,larry.berg@outlook.com,+1-707-670-5959,2026-03-10,Berkeley,Cash,4.85
PAS000133,Mark Park,mark33@icloud.com,+1-209-443-7750,2026-03-14,SOMA,Debit Card,4.75
PAS000134,Jerry Murray,jerry.m@gmail.com,+1-408-909-2148,2026-04-06,SOMA,Debit Card,3.86
PAS000135,Scott Melendez,smelendez@aol.com,+1-209-441-8114,2025-04-19,Berkeley,Credit Card,4.61
PAS000136,Noah Atkinson,noah31@hotmail.com,+1-408-850-6008,2026-01-21,Marina,Cash,4.5
PAS000137,Rose Mcguire,rose.m@outlook.com,+1-209-368-7166,2026-03-20,Castro,Credit Card,3.9
PAS000138,Cheryl Romero,cromero@aol.com,+1-925-428-9495,2025-10-09,Palo Alto,Credit Card,4.08
PAS000139,Kathryn Yates,kathrynyates@icloud.com,+1-415-981-4709,2026-03-22,Pacific Heights,Credit Card,4.52
PAS000140,Harold Lindsey,harold12@yahoo.com,+1-925-682-7860,2025-12-21,Downtown SF,Credit Card,3.47
PAS000141,Bruce King,bruce.k@hotmail.com,+1-415-815-2078,2025-12-11,Haight-Ashbury,Credit Card,3.75
PAS000142,Ralph Richard,ralphrichard@outlook.com,+1-831-330-5718,2026-02-21,Mountain View,Debit Card,3.71
PAS000143,Kevin Bond,kevinbond@yahoo.com,+1-707-467-3519,2025-12-12,Mountain View,Debit Card,4.88
PAS000144,William Contreras,william.c@yahoo.com,+1-415-809-2384,2026-02-04,Berkeley,Debit Card,3.72
PAS000145,Jonathan Terrell,jonathan.terrell@aol.com,+1-707-351-8647,2025-12-29,Marina,PayPal,4.47
PAS000146,Margaret Hamilton,margarethamilton@yahoo.com,+1-831-518-2078,2025-08-18,Pacific Heights,Debit Card,4.39
PAS000147,Hannah Boone,hannah.b@gmail.com,+1-415-849-2077,2026-03-17,Chinatown,PayPal,4.81
PAS000148,Jonathan Ellis,jonathanellis@yahoo.com,+1-707-825-9642,2025-12-17,Berkeley,PayPal,4.96
PAS000149,Anna Hess,annahess@yahoo.com,+1-408-979-6292,2026-04-19,Financial District,Credit Card,4.06
PAS000150,Henry Shepherd,hshepherd@outlook.com,+1-510-561-5082,2026-02-16,Palo Alto,Cash,4.93
PAS000151,Jordan Thompson,jordanthompson@outlook.com,+1-650-959-5934,2026-02-09,North Beach,PayPal,4.76
PAS000152,Russell Valdez,russell61@gmail.com,+1-415-936-4322,2026-02-14,SOMA,PayPal,4.4
PAS000153,Bryan Chen,bryan.c@gmail.com,+1-415-642-5925,2026-02-16,Palo Alto,PayPal,4.72
PAS000154,Kyle Dyer,kyle18@hotmail.com,+1-650-662-9245,2026-04-20,North Beach,Credit Card,4.12
PAS000155,Amy Tran,amy50@aol.com,+1-415-931-5655,2026-01-27,SOMA,Debit Card,3.59
PAS000156,Logan Hammond,lhammond@icloud.com,+1-209-813-3352,2025-08-03,Berkeley,Cash,4.47
PAS000157,Randy Cook,rcook@hotmail.com,+1-925-784-4680,2026-04-07,Financial District,PayPal,4.63
PAS000158,Ronald Marsh,ronald.m@outlook.com,+1-415-483-6234,2026-04-18,Palo Alto,Credit Card,4.18
PAS000159,Jason Huynh,jasonhuynh@aol.com,+1-707-378-9411,2025-07-07,North Beach,Credit Card,3.93
PAS000160,Carl Willis,cwillis@yahoo.com,+1-408-723-2615,2025-09-30,Mountain View,Apple Pay,4.61
PAS000161,Jeffrey Casey,jcasey@yahoo.com,+1-925-548-5072,2026-02-24,Oakland,Credit Card,4.76
PAS000162,Kathryn Lane,kathrynlane@yahoo.com,+1-831-517-2662,2026-02-09,Palo Alto,Apple Pay,4.3
PAS000163,Amanda Porter,aporter@hotmail.com,+1-415-848-9826,2025-12-19,Castro,Credit Card,4.81
PAS000164,Edward York,edward.york@yahoo.com,+1-408-555-1734,2026-04-29,Castro,Credit Card,4.36
PAS000165,Christopher Mcclain,christophermcclain@yahoo.com,+1-650-534-2570,2026-04-30,Palo Alto,Debit Card,4.47
PAS000166,Linda Stephenson,linda21@hotmail.com,+1-707-747-9169,2026-04-06,Downtown SF,Debit Card,4.5
PAS000167,Jesse Fitzgerald,jesse.fitzgerald@hotmail.com,+1-650-355-5901,2026-03-29,Castro,Credit Card,4.75
PAS000168,Tyler Bass,tyler.bass@icloud.com,+1-650-580-7099,2025-11-29,Palo Alto,Credit Card,4.37
PAS000169,Daniel Ford,danielford@icloud.com,+1-415-697-9468,2025-08-12,Mission District,Credit Card,4.87
PAS000170,Jesse Myers,jesse41@gmail.com,+1-707-932-4657,2026-04-13,Berkeley,Credit Card,4.35
PAS000171,Roy Park,roy88@gmail.com,+1-209-312-6458,2026-02-16,Berkeley,Credit Card,4.62
PAS000172,Jacqueline Patrick,jpatrick@gmail.com,+1-831-642-4778,2026-03-07,SOMA,Credit Card,4.7
PAS000173,Gloria Gillespie,gloriagillespie@hotmail.com,+1-831-451-1285,2026-02-22,Palo Alto,Cash,3.75
PAS000174,Douglas Cole,douglascole@gmail.com,+1-707-933-8087,2026-02-15,Marina,Cash,4.44
PAS000175,Benjamin Ford,benjamin.ford@outlook.com,+1-831-274-6122,2026-02-01,Downtown SF,Cash,4.45
PAS000176,Justin Hunter,justin17@icloud.com,+1-831-712-6873,2026-04-26,Oakland,Cash,4.84
PAS000177,Albert Petersen,apetersen@outlook.com,+1-510-513-4110,2025-09-25,Oakland,PayPal,4.89
PAS000178,Sharon Meyers,sharon.m@gmail.com,+1-415-311-1723,2025-09-27,Mission District,Credit Card,4.08
PAS000179,Larry Hoover,larry.hoover@aol.com,+1-408-814-3437,2025-11-03,North Beach,Credit Card,4.7
PAS000180,Gloria Pace,gloria.p@gmail.com,+1-408-239-5604,2026-01-30,San Jose,Credit Card,4.7
PAS000181,Tyler Tanner,ttanner@yahoo.com,+1-510-617-9327,2026-01-23,North Beach,Apple Pay,3.96
PAS000182,Tiffany Foley,tiffany.foley@icloud.com,+1-707-630-1749,2025-11-23,Castro,Debit Card,4.27
PAS000183,Bruce Hill,bruce.h@outlook.com,+1-707-609-9786,2026-03-04,San Jose,Apple Pay,4.33
PAS000184,Dorothy Molina,dorothymolina@icloud.com,+1-415-212-8850,2026-04-28,SOMA,PayPal,4.2
PAS000185,Eugene Stephenson,eugene.stephenson@aol.com,+1-510-889-5757,2025-12-24,North Beach,Credit Card,4.94
PAS000186,Michelle Fuentes,mfuentes@yahoo.com,+1-707-630-5632,2026-03-10,Downtown SF,Credit Card,4.08
PAS000187,Megan Villarreal,megan.villarreal@icloud.com,+1-408-250-7559,2025-08-12,Financial District,Credit Card,4.6
PAS000188,Joan Kent,joan.k@aol.com,+1-707-305-5182,2026-04-04,Castro,Credit Card,4.36
PAS000189,Larry Meadows,larrymeadows@outlook.com,+1-209-281-5263,2026-03-28,Haight-Ashbury,Credit Card,4.69
PAS000190,Andrea Sandoval,andrea.sandoval@outlook.com,+1-831-739-9439,2025-08-10,Berkeley,Cash,4.82
PAS000191,Henry Dorsey,henry.dorsey@icloud.com,+1-707-981-9051,2026-01-21,Mountain View,Credit Card,4.48
PAS000192,Betty Ruiz,betty64@hotmail.com,+1-831-246-6752,2025-09-26,Oakland,Credit Card,4.22
PAS000193,Marilyn Hodge,marilynhodge@hotmail.com,+1-408-968-2464,2026-04-22,Chinatown,Apple Pay,4.7
PAS000194,Richard Waller,rwaller@yahoo.com,+1-650-216-1530,2026-02-17,SOMA,Apple Pay,4.68
PAS000195,Rachel Velasquez,rvelasquez@hotmail.com,+1-408-445-8695,2026-02-14,Berkeley,PayPal,4.34
PAS000196,Jeremy Decker,jeremy.decker@aol.com,+1-408-301-7201,2025-11-12,North Beach,Credit Card,4.89
PAS000197,Roy Barron,roy.barron@icloud.com,+1-650-625-2765,2026-02-13,Castro,Cash,4.58
PAS000198,Larry Pugh,larrypugh@gmail.com,+1-510-347-5302,2026-03-10,Oakland,Credit Card,4.64
PAS000199,Joseph Woods,joseph57@hotmail.com,+1-707-224-1947,2024-12-31,Castro,Credit Card,4.8
PAS000200,Emma Joyce,emma.j@aol.com,+1-415-881-4420,2026-03-29,Financial District,PayPal,4.19
PAS000201,Christian Wall,cwall@yahoo.com,+1-209-338-6076,2026-03-21,Haight-Ashbury,Credit Card,2.69
PAS000202,Matthew Heath,matthew.heath@yahoo.com,+1-925-454-9620,2025-12-24,Marina,Credit Card,4.38
PAS000203,Cynthia Huynh,cynthia.huynh@gmail.com,+1-510-498-4660,2026-02-27,Castro,Debit Card,4.69
PAS000204,Kenneth Jacobson,kenneth.j@yahoo.com,+1-415-703-5554,2026-04-23,Mission District,Debit Card,4.6
PAS000205,Nathan Ashley,nashley@hotmail.com,+1-925-623-7348,2025-11-04,SOMA,Credit Card,4.63
PAS000206,Gloria Shepard,gloriashepard@hotmail.com,+1-510-734-7186,2024-12-08,SOMA,Debit Card,4.65
PAS000207,Donna Underwood,dunderwood@hotmail.com,+1-831-257-1068,2026-02-15,SOMA,Credit Card,3.79
PAS000208,Steven Flowers,stevenflowers@yahoo.com,+1-925-239-7099,2026-01-13,Haight-Ashbury,Credit Card,3.98
PAS000209,Philip Montoya,philip.montoya@yahoo.com,+1-707-280-7045,2025-06-05,Chinatown,Cash,4.7
PAS000210,Arthur Campbell,arthur.campbell@icloud.com,+1-650-990-9304,2025-11-06,Mountain View,PayPal,4.08
PAS000211,Patricia Underwood,punderwood@outlook.com,+1-831-244-9884,2026-03-02,San Jose,PayPal,4.29
PAS000212,Sandra Daniels,sandra.d@yahoo.com,+1-209-739-5815,2026-03-27,San Jose,Credit Card,3.79
PAS000213,Stephen Knox,stephen.k@gmail.com,+1-831-398-7820,2026-03-06,Mission District,PayPal,4.86
PAS000214,Katherine Kennedy,kkennedy@icloud.com,+1-707-764-5617,2025-10-31,Pacific Heights,Credit Card,4.89
PAS000215,Nicole Mendez,nicolemendez@yahoo.com,+1-925-910-3444,2026-02-26,Pacific Heights,Apple Pay,3.89
PAS000216,Janice Rivers,janicerivers@aol.com,+1-510-450-8561,2026-01-05,Marina,Apple Pay,4.44
PAS000217,Noah Watson,noah48@gmail.com,+1-408-275-2800,2026-01-26,Mountain View,Credit Card,4.07
PAS000218,Harold Wright,haroldwright@outlook.com,+1-831-846-2995,2025-09-25,Mountain View,Apple Pay,4.14
PAS000219,Shirley Hayes,shirleyhayes@aol.com,+1-831-206-7278,2026-01-28,Mission District,Credit Card,4.53
PAS000220,Michael Gibbs,michael.gibbs@icloud.com,+1-510-304-3051,2026-03-02,Berkeley,Debit Card,4.22
PAS000221,Benjamin Skinner,benjamin.s@yahoo.com,+1-925-943-8965,2026-04-26,Haight-Ashbury,Credit Card,4.01
PAS000222,Grace Morse,gracemorse@hotmail.com,+1-510-246-4611,2026-04-28,Pacific Heights,Apple Pay,4.69
PAS000223,Charles Ballard,charlesballard@gmail.com,+1-510-313-2696,2025-11-10,Pacific Heights,Cash,4.72
PAS000224,John Mcguire,johnmcguire@yahoo.com,+1-707-851-2897,2025-12-23,North Beach,Credit Card,4.68
PAS000225,Jesse Barrera,jesse10@hotmail.com,+1-209-239-9230,2025-12-28,Castro,Cash,3.63
PAS000226,Henry Johnson,henry83@gmail.com,+1-831-664-2639,2026-01-26,Pacific Heights,Debit Card,4.48
PAS000227,Jane Lowery,jane.l@yahoo.com,+1-510-222-4242,2026-01-29,Mission District,Credit Card,4.82
PAS000228,Shirley Richard,shirley59@hotmail.com,+1-209-328-3498,2026-03-09,North Beach,Credit Card,4.44
PAS000229,Katherine Osborn,katherine.o@hotmail.com,+1-415-665-5386,2026-04-28,Downtown SF,Credit Card,4.53
PAS000230,Jeffrey Berry,jeffrey67@hotmail.com,+1-209-203-4762,2026-01-12,Marina,PayPal,4.68
PAS000231,Marilyn Fisher,mfisher@aol.com,+1-925-291-4044,2026-01-24,Palo Alto,Credit Card,4.68
PAS000232,Rose Hensley,rose.hensley@gmail.com,+1-831-217-4672,2026-01-28,SOMA,Credit Card,3.11
PAS000233,Kelly Bullock,kellybullock@gmail.com,+1-415-556-9010,2026-04-27,Mountain View,Debit Card,4.59
PAS000234,Diane Curtis,diane.curtis@gmail.com,+1-415-746-7652,2026-03-09,Oakland,Debit Card,3.74
PAS000235,Christine Roy,christine.roy@yahoo.com,+1-707-431-7490,2025-11-21,Downtown SF,Credit Card,2.87
PAS000236,Heather Parsons,heather.parsons@hotmail.com,+1-209-497-9536,2025-04-20,Haight-Ashbury,PayPal,3.8
PAS000237,Noah Mcmillan,noah.m@outlook.com,+1-925-720-5134,2026-01-28,Chinatown,Credit Card,4.98
PAS000238,Sarah Golden,sarahgolden@outlook.com,+1-510-225-1877,2025-12-17,Mountain View,Credit Card,4.75
PAS000239,Kyle Montoya,kyle.montoya@outlook.com,+1-209-983-4635,2025-11-24,Oakland,Cash,4.38
PAS000240,Andrea Sparks,andrea83@icloud.com,+1-408-406-1605,2025-10-01,North Beach,Apple Pay,4.45
PAS000241,Sara Butler,sara.butler@outlook.com,+1-510-787-7932,2026-03-29,Palo Alto,Debit Card,4.95
PAS000242,Susan Flores,susan.f@gmail.com,+1-650-295-5391,2026-02-01,Pacific Heights,Credit Card,4.8
PAS000243,Emma Price,emma55@icloud.com,+1-831-658-5576,2026-04-14,Marina,Debit Card,3.7
PAS000244,Cynthia Greene,cynthia.g@hotmail.com,+1-831-918-6610,2026-02-02,Castro,PayPal,4.76
PAS000245,Dorothy Rios,dorothy.rios@outlook.com,+1-415-416-4836,2025-11-10,Castro,Credit Card,4.84
PAS000246,Gary Johnson,gary17@icloud.com,+1-650-593-7622,2026-01-17,Castro,Apple Pay,4.9
PAS000247,Jason Dominguez,jason.d@outlook.com,+1-209-441-2700,2025-11-24,North Beach,Apple Pay,4.33
PAS000248,Sharon Ashley,sashley@aol.com,+1-650-479-9299,2025-12-13,North Beach,Debit Card,4.25
PAS000249,Kimberly Simpson,kimberly.s@hotmail.com,+1-831-537-4991,2025-12-11,Palo Alto,Apple Pay,4.63
PAS000250,Danielle Hunter,dhunter@icloud.com,+1-209-879-2515,2026-02-24,Pacific Heights,Credit Card,4.24
PAS000251,Olivia Chavez,olivia40@icloud.com,+1-408-327-8890,2026-01-08,Mountain View,Credit Card,4.62
PAS000252,Marilyn Combs,marilyn.combs@outlook.com,+1-415-574-6961,2026-02-14,Chinatown,Credit Card,4.81
PAS000253,Logan Bell,loganbell@hotmail.com,+1-209-822-3052,2025-07-01,Mission District,Apple Pay,4.87
PAS000254,Kimberly Hayes,kimberlyhayes@hotmail.com,+1-415-602-4079,2026-02-23,Mountain View,Credit Card,4.17
PAS000255,Jack Sandoval,jack60@outlook.com,+1-408-806-9767,2026-02-05,Berkeley,Credit Card,4.5
PAS000256,Jordan Hutchinson,jordan.hutchinson@hotmail.com,+1-707-569-8962,2026-01-09,Downtown SF,Credit Card,4.52
PAS000257,Cynthia Mcmillan,cynthia40@aol.com,+1-650-686-2622,2026-02-03,Berkeley,Apple Pay,4.65
PAS000258,Sean Gaines,sean.g@yahoo.com,+1-707-529-3066,2026-03-24,Financial District,Cash,4.68
PAS000259,Albert Collins,albert.collins@icloud.com,+1-650-598-1878,2026-02-06,Downtown SF,Debit Card,4.03
PAS000260,Richard Barrera,richard.barrera@aol.com,+1-415-285-6352,2025-11-10,Haight-Ashbury,Debit Card,4.7
PAS000261,Christopher Shepherd,christopher.s@outlook.com,+1-408-775-5225,2024-04-30,San Jose,Credit Card,4.94
PAS000262,Nicholas Mcintyre,nicholas.m@gmail.com,+1-650-289-4784,2026-04-11,Downtown SF,Apple Pay,3.62
PAS000263,Richard Bean,richardbean@aol.com,+1-408-743-5963,2025-09-26,Oakland,Debit Card,3.95
PAS000264,Dennis Blackburn,dennis.blackburn@aol.com,+1-831-689-3094,2026-04-17,Marina,Credit Card,4.96
PAS000265,Juan Matthews,juan.matthews@hotmail.com,+1-925-741-3045,2026-01-10,North Beach,Cash,4.62
PAS000266,Kathryn Callahan,kathryncallahan@aol.com,+1-831-571-6193,2026-01-22,Berkeley,Debit Card,3.92
PAS000267,Victoria Kelly,victoriakelly@yahoo.com,+1-510-990-9688,2026-03-11,Chinatown,Cash,4.71
PAS000268,Paul Kennedy,pkennedy@yahoo.com,+1-510-738-7514,2025-11-06,Palo Alto,Apple Pay,4.66
PAS000269,Pamela Hayes,phayes@gmail.com,+1-408-229-3548,2026-02-28,Marina,Apple Pay,4.88
PAS000270,Joyce Estrada,jestrada@icloud.com,+1-408-633-9302,2025-11-17,Marina,Debit Card,4.78
PAS000271,Samantha Waller,samantha.w@gmail.com,+1-831-673-8119,2026-01-20,Pacific Heights,Debit Card,4.44
PAS000272,Patricia Newton,patricianewton@icloud.com,+1-510-930-4737,2025-09-16,Oakland,Debit Card,4.33
PAS000273,Amanda Allison,amanda.a@yahoo.com,+1-831-665-2666,2025-09-28,SOMA,Credit Card,3.78
PAS000274,Maria Dotson,mdotson@icloud.com,+1-925-819-6257,2026-03-07,Palo Alto,Debit Card,3.54
PAS000275,Kevin Ryan,kevinryan@icloud.com,+1-831-979-5214,2026-02-13,Pacific Heights,PayPal,4.71
PAS000276,Nicole Kent,nicolekent@aol.com,+1-831-985-9882,2025-12-28,Haight-Ashbury,Apple Pay,4.59
PAS000277,Martha Alexander,martha.alexander@hotmail.com,+1-408-426-1759,2026-02-07,Haight-Ashbury,PayPal,3.34
PAS000278,Angela Clark,angela.c@gmail.com,+1-707-775-9186,2025-12-18,North Beach,Credit Card,4.57
PAS000279,Nancy Wilkins,nancy50@icloud.com,+1-415-989-7367,2025-12-10,Berkeley,Credit Card,4.61
PAS000280,Kevin Decker,kdecker@icloud.com,+1-415-375-6838,2026-02-01,Financial District,Credit Card,4.6
PAS000281,Betty Simpson,betty12@outlook.com,+1-408-679-3757,2026-02-13,Mission District,Credit Card,4.58
PAS000282,Joyce Schmidt,jschmidt@aol.com,+1-415-421-3388,2026-04-13,Marina,Debit Card,4.2
PAS000283,Samuel Ellison,samuel.ellison@icloud.com,+1-415-379-6234,2026-02-28,Castro,Debit Card,3.99
PAS000284,Willie Shepard,willie.s@outlook.com,+1-209-988-4725,2026-04-27,Berkeley,Debit Card,4.0
PAS000285,Kyle Frost,kyle.f@hotmail.com,+1-209-792-6174,2025-08-16,San Jose,Credit Card,4.76
PAS000286,Raymond Bailey,raymondbailey@hotmail.com,+1-209-475-2398,2025-11-18,Mission District,PayPal,4.33
PAS000287,Thomas Miranda,thomasmiranda@outlook.com,+1-209-212-4578,2025-08-04,Berkeley,Credit Card,4.65
PAS000288,Sara Vincent,sara28@outlook.com,+1-209-641-2705,2026-01-08,Mission District,Credit Card,4.7
PAS000289,Dorothy Dickerson,dorothy81@aol.com,+1-650-410-4407,2026-03-11,Downtown SF,Credit Card,4.35
PAS000290,Patricia Bauer,patricia15@outlook.com,+1-408-232-9325,2026-03-24,Berkeley,PayPal,3.91
PAS000291,Donna Mcintosh,donna31@aol.com,+1-650-723-8640,2026-04-16,Marina,Apple Pay,3.77
PAS000292,Carol Jordan,cjordan@aol.com,+1-408-285-3814,2026-01-10,Oakland,Credit Card,3.94
PAS000293,Nathan Estrada,nathan64@hotmail.com,+1-707-352-4012,2026-02-08,Downtown SF,Credit Card,2.91
PAS000294,Ethan Marshall,ethan.marshall@icloud.com,+1-209-223-5832,2026-04-17,SOMA,Apple Pay,4.57
PAS000295,Marie Guerra,marie.guerra@outlook.com,+1-650-701-8043,2026-03-20,San Jose,Debit Card,4.5
PAS000296,Rebecca Terrell,rebecca60@gmail.com,+1-650-839-6361,2025-12-17,Castro,Credit Card,4.62
PAS000297,Frank Myers,frank.myers@gmail.com,+1-707-282-1530,2026-04-21,Chinatown,Credit Card,4.58
PAS000298,Sandra Horne,sandra.h@hotmail.com,+1-650-331-8033,2025-07-12,Mountain View,Credit Card,4.06
PAS000299,Brian Carroll,brian.carroll@gmail.com,+1-408-628-1175,2026-04-05,North Beach,Debit Card,4.58
PAS000300,Paul Stevens,paul40@gmail.com,+1-650-963-9666,2026-04-19,Marina,PayPal,3.9
PAS000301,James Dunn,james95@aol.com,+1-650-855-5499,2026-03-28,Marina,Credit Card,4.79
PAS000302,Kyle Clarke,kyle.c@gmail.com,+1-831-985-3319,2026-04-06,Palo Alto,Debit Card,4.14
PAS000303,Grace Allen,grace.allen@outlook.com,+1-831-426-3031,2026-03-05,Haight-Ashbury,Debit Card,4.49
PAS000304,Kelly Kline,kelly.k@outlook.com,+1-925-209-5075,2026-02-12,Marina,Cash,4.63
PAS000305,James Maxwell,james57@hotmail.com,+1-510-219-7382,2025-10-20,Mission District,Credit Card,4.71
PAS000306,Christina Kramer,christina.k@outlook.com,+1-415-231-9955,2025-12-29,Pacific Heights,Cash,4.17
PAS000307,Justin Mathis,justin.mathis@gmail.com,+1-707-946-2556,2025-12-19,North Beach,PayPal,2.91
PAS000308,Jose Holloway,jose.h@outlook.com,+1-650-728-1058,2026-04-06,Financial District,Debit Card,4.54
PAS000309,Kimberly Roy,kimberly.roy@hotmail.com,+1-415-525-1297,2026-03-08,Oakland,Apple Pay,4.34
PAS000310,Billy Cameron,billy.c@aol.com,+1-831-301-4197,2025-09-16,Mission District,Cash,3.69
PAS000311,Frank Hunt,frank52@yahoo.com,+1-408-913-3664,2025-08-08,SOMA,Apple Pay,4.12
PAS000312,Jane Morse,jane16@icloud.com,+1-408-666-8291,2025-12-10,Oakland,Credit Card,4.52
PAS000313,Nicole Wheeler,nicole54@aol.com,+1-415-916-6014,2026-03-02,North Beach,Cash,4.74
PAS000314,Julie Warren,juliewarren@icloud.com,+1-707-247-2745,2026-04-21,Mission District,Debit Card,4.08
PAS000315,Sandra Cortez,sandra30@hotmail.com,+1-831-385-8585,2026-03-30,North Beach,Apple Pay,4.14
PAS000316,Randy Bauer,randy.b@yahoo.com,+1-831-241-4621,2025-08-06,Mission District,Credit Card,4.88
PAS000317,Joan Greer,joan.g@gmail.com,+1-408-220-5173,2026-02-09,Mountain View,Credit Card,3.85
PAS000318,Carolyn Herring,carolyn.herring@aol.com,+1-209-320-9905,2025-09-26,Haight-Ashbury,Credit Card,4.83
PAS000319,Sarah Jefferson,sarahjefferson@icloud.com,+1-408-576-6381,2026-03-01,Berkeley,Credit Card,4.16
PAS000320,Howard Roy,howard94@icloud.com,+1-650-246-6340,2026-01-21,Berkeley,Credit Card,4.6
PAS000321,Alexander Kerr,akerr@hotmail.com,+1-209-707-2446,2025-07-04,Mission District,Credit Card,4.15
PAS000322,Wayne Payne,wayne.p@icloud.com,+1-408-218-6004,2026-03-15,San Jose,PayPal,4.6
PAS000323,Frank Golden,frankgolden@outlook.com,+1-925-532-2705,2026-02-28,Mission District,Credit Card,4.69
PAS000324,Heather Smith,heather.s@hotmail.com,+1-209-239-2786,2025-12-23,Mountain View,PayPal,4.82
PAS000325,Rachel Valdez,rachelvaldez@gmail.com,+1-408-406-7208,2026-03-15,Berkeley,Credit Card,4.53
PAS000326,Teresa Russo,teresa.russo@gmail.com,+1-408-478-8512,2026-03-27,Haight-Ashbury,Debit Card,4.48
PAS000327,Wayne Howard,wayne.h@aol.com,+1-408-207-9123,2025-10-14,Pacific Heights,Cash,3.9
PAS000328,Heather Gonzales,heathergonzales@aol.com,+1-209-791-3074,2025-12-13,North Beach,Debit Card,4.6
PAS000329,Anthony Tillman,atillman@gmail.com,+1-408-416-9533,2026-03-27,Oakland,Apple Pay,4.88
PAS000330,Walter Walls,walter76@yahoo.com,+1-707-951-9390,2026-01-23,Haight-Ashbury,PayPal,3.71
PAS000331,Gloria Morton,gloria.m@hotmail.com,+1-408-789-8658,2026-02-28,Haight-Ashbury,Debit Card,4.17
PAS000332,Ralph Briggs,ralph.b@gmail.com,+1-415-681-4886,2025-12-03,North Beach,Cash,4.63
PAS000333,Jesse Christensen,jesse.c@icloud.com,+1-925-483-6122,2026-03-21,North Beach,Debit Card,3.83
PAS000334,Alexis Odom,alexis94@hotmail.com,+1-925-312-1708,2026-04-23,North Beach,Apple Pay,4.63
PAS000335,Julie Mccullough,jmccullough@yahoo.com,+1-831-855-6625,2026-01-11,Pacific Heights,Debit Card,4.97
PAS000336,Abigail Watkins,awatkins@hotmail.com,+1-510-905-7406,2026-03-08,Downtown SF,Debit Card,4.48
PAS000337,Deborah Mccarthy,deborah41@icloud.com,+1-408-825-9449,2026-02-12,Castro,PayPal,4.36
PAS000338,Bruce Key,bruce.key@outlook.com,+1-831-572-9294,2025-10-08,Palo Alto,Credit Card,4.6
PAS000339,Benjamin Bullock,benjaminbullock@aol.com,+1-209-537-7826,2026-01-01,Oakland,Apple Pay,4.82
PAS000340,Julia Ramos,jramos@icloud.com,+1-925-423-6023,2026-04-20,Oakland,Apple Pay,4.9
PAS000341,Elizabeth Glass,elizabethglass@gmail.com,+1-209-867-2603,2025-11-28,San Jose,Apple Pay,4.04
PAS000342,Alexis Callahan,acallahan@gmail.com,+1-408-523-1418,2026-04-05,Oakland,Debit Card,3.63
PAS000343,Bruce Williams,bruce.w@icloud.com,+1-408-597-3567,2026-04-27,SOMA,Credit Card,4.44
PAS000344,Edward Peters,edward74@hotmail.com,+1-415-441-4098,2025-05-31,Haight-Ashbury,Apple Pay,4.74
PAS000345,Dylan Mejia,dylan87@yahoo.com,+1-707-898-1708,2026-04-06,Berkeley,Credit Card,4.58
PAS000346,Melissa Lawrence,melissalawrence@aol.com,+1-831-522-4204,2026-04-20,SOMA,Credit Card,3.56
PAS000347,Judith Lynch,judith50@gmail.com,+1-925-838-8380,2024-10-28,SOMA,Credit Card,4.8
PAS000348,Shirley Maddox,shirley.maddox@yahoo.com,+1-650-331-5025,2025-12-03,Pacific Heights,Debit Card,4.44
PAS000349,Andrea Pacheco,andrea19@outlook.com,+1-707-234-4981,2026-04-19,Berkeley,Credit Card,3.94
PAS000350,Carolyn Patrick,carolyn57@aol.com,+1-209-242-3437,2026-01-12,Downtown SF,Credit Card,3.81
PAS000351,David Christian,dchristian@hotmail.com,+1-510-399-7850,2026-03-28,Pacific Heights,Credit Card,4.98
PAS000352,Shirley Ayala,shirley82@outlook.com,+1-831-313-3623,2026-04-23,Mission District,Credit Card,4.92
PAS000353,Julia Kerr,julia.k@gmail.com,+1-650-689-1233,2026-04-02,Palo Alto,Credit Card,4.97
PAS000354,Victoria Tran,vtran@aol.com,+1-831-305-3520,2026-02-17,SOMA,PayPal,4.63
PAS000355,Joshua Barr,joshuabarr@aol.com,+1-415-573-7327,2026-01-18,Pacific Heights,Debit Card,4.29
PAS000356,Larry Glenn,larry81@yahoo.com,+1-415-462-7078,2026-03-01,Castro,Credit Card,4.72
PAS000357,Samuel Luna,samuel84@gmail.com,+1-650-617-4477,2026-03-01,Berkeley,Credit Card,3.84
PAS000358,Christine Savage,csavage@outlook.com,+1-209-986-9829,2025-12-22,Financial District,Credit Card,4.86
PAS000359,Juan Abbott,juanabbott@aol.com,+1-650-699-7716,2025-03-19,Palo Alto,Debit Card,4.83
PAS000360,Deborah Finley,deborah.finley@hotmail.com,+1-831-236-1478,2025-12-13,Chinatown,Apple Pay,3.53
PAS000361,Amanda Reid,amanda.r@outlook.com,+1-650-634-1284,2026-03-09,SOMA,PayPal,4.43
PAS000362,Alexis Soto,alexis.soto@icloud.com,+1-209-583-6524,2026-02-22,Oakland,PayPal,4.29
PAS000363,Jennifer Fischer,jfischer@icloud.com,+1-415-642-8573,2026-01-08,Downtown SF,PayPal,4.49
PAS000364,Vincent Peterson,vincent.peterson@yahoo.com,+1-415-257-4394,2026-04-18,Financial District,PayPal,4.89
PAS000365,Rebecca Quinn,rebecca.q@gmail.com,+1-209-646-8792,2026-03-27,Mountain View,Cash,4.41
PAS000366,Dorothy Graham,dorothygraham@aol.com,+1-510-764-4172,2026-04-27,Oakland,Credit Card,4.01
PAS000367,Jacob Ortega,jacob.ortega@aol.com,+1-650-791-7191,2026-03-01,San Jose,Cash,4.87
PAS000368,Albert Oneill,albert.oneill@gmail.com,+1-707-429-1407,2026-02-09,North Beach,Credit Card,4.44
PAS000369,Nancy Mason,nmason@gmail.com,+1-415-772-3063,2026-01-05,Mountain View,Credit Card,4.38
PAS000370,Donna Winters,dwinters@outlook.com,+1-925-386-8438,2025-07-14,San Jose,PayPal,4.95
PAS000371,Susan Huff,susan.h@icloud.com,+1-707-702-9871,2025-10-07,Chinatown,Credit Card,4.37
PAS000372,Joan Wagner,joanwagner@gmail.com,+1-831-398-3469,2026-03-30,SOMA,PayPal,4.85
PAS000373,Marie Cline,marie.cline@gmail.com,+1-650-631-1868,2026-03-21,Mountain View,Debit Card,4.28
PAS000374,Justin Paul,jpaul@hotmail.com,+1-707-340-5435,2026-03-19,North Beach,Credit Card,4.5
PAS000375,Jose Anderson,janderson@aol.com,+1-415-862-7989,2026-02-24,Mountain View,Credit Card,4.18
PAS000376,Shirley Eaton,shirley29@hotmail.com,+1-650-570-8553,2026-04-22,Marina,Apple Pay,3.41
PAS000377,Evelyn Estes,evelyn69@outlook.com,+1-209-760-9787,2026-04-01,Pacific Heights,Apple Pay,4.58
PAS000378,Patricia Navarro,patricia.n@hotmail.com,+1-831-525-8840,2026-03-07,North Beach,Credit Card,4.83
PAS000379,Judith Cruz,judith.cruz@yahoo.com,+1-209-356-9941,2025-12-02,Pacific Heights,PayPal,3.14
PAS000380,Michelle Mathews,michelle.mathews@icloud.com,+1-650-724-3402,2026-04-23,Mountain View,Credit Card,3.89
PAS000381,Aaron Howard,ahoward@hotmail.com,+1-510-648-1439,2026-03-03,Downtown SF,PayPal,4.87
PAS000382,Debra Vazquez,debra.vazquez@aol.com,+1-831-234-6483,2026-04-29,Haight-Ashbury,Credit Card,4.82
PAS000383,Russell Wiggins,russell.w@gmail.com,+1-408-276-7576,2026-04-07,Haight-Ashbury,Debit Card,4.93
PAS000384,Brandon Carey,brandon83@aol.com,+1-510-347-8638,2026-04-18,Financial District,Credit Card,4.48
PAS000385,Gerald Kelley,geraldkelley@hotmail.com,+1-650-770-6914,2024-06-12,Marina,Credit Card,4.79
PAS000386,Virginia Sherman,vsherman@gmail.com,+1-510-790-2402,2026-02-21,Financial District,Credit Card,4.07
PAS000387,Carl Lindsey,carl.lindsey@icloud.com,+1-209-202-2941,2026-02-16,North Beach,Credit Card,4.66
PAS000388,James Leon,jleon@outlook.com,+1-510-575-3794,2025-08-19,Downtown SF,Credit Card,4.94
PAS000389,Jeremy Golden,jeremy.golden@aol.com,+1-415-682-5673,2026-02-17,Downtown SF,Credit Card,4.41
PAS000390,Larry Guerrero,lguerrero@icloud.com,+1-707-949-8252,2026-03-29,Financial District,Credit Card,3.71
PAS000391,Maria Beard,mariabeard@aol.com,+1-925-622-2363,2025-12-15,Oakland,Apple Pay,4.5
PAS000392,Susan Casey,susan.casey@gmail.com,+1-415-252-8683,2026-03-23,Downtown SF,Credit Card,4.74
PAS000393,Margaret Prince,margaret81@gmail.com,+1-650-212-7098,2026-03-19,Downtown SF,Debit Card,4.38
PAS000394,Joshua Atkins,joshua95@icloud.com,+1-209-367-4762,2026-02-07,Berkeley,Cash,4.45
PAS000395,Wayne Hendricks,wayne.hendricks@gmail.com,+1-415-890-3820,2026-03-07,Financial District,Credit Card,4.14
PAS000396,Ethan Dickerson,ethan.d@outlook.com,+1-925-863-8548,2026-02-19,Oakland,Credit Card,4.82
PAS000397,Marie Oconnor,marie94@aol.com,+1-408-813-7918,2026-02-16,Castro,Credit Card,4.89
PAS000398,Jordan Robles,jordan49@yahoo.com,+1-707-354-7284,2026-04-21,Oakland,Apple Pay,4.71
PAS000399,Kathryn Gay,kathryngay@gmail.com,+1-925-285-7626,2026-04-26,Pacific Heights,Apple Pay,4.3
PAS000400,Mark Wilcox,mwilcox@hotmail.com,+1-415-896-7002,2026-04-29,Mission District,Credit Card,4.51
PAS000401,Edward Barker,edward.b@yahoo.com,+1-209-633-7479,2026-04-07,Berkeley,Apple Pay,4.81
PAS000402,Lawrence Meadows,lmeadows@icloud.com,+1-510-961-7172,2025-06-09,San Jose,Credit Card,4.6
PAS000403,Mary Leach,mary50@outlook.com,+1-510-668-5934,2026-03-01,Financial District,Apple Pay,4.9
PAS000404,Willie Roberts,willie.r@hotmail.com,+1-831-728-9341,2026-03-31,Mission District,Credit Card,4.67
PAS000405,Stephen Colon,stephen.c@gmail.com,+1-415-416-6528,2025-11-12,Chinatown,Apple Pay,4.54
PAS000406,Aaron Stone,aaron.stone@aol.com,+1-707-654-5185,2026-01-18,Pacific Heights,PayPal,4.77
PAS000407,Frank Robinson,frank.r@icloud.com,+1-831-414-3992,2025-08-20,Pacific Heights,Credit Card,4.75
PAS000408,Virginia Newton,virginianewton@outlook.com,+1-510-299-2909,2026-03-14,Mission District,PayPal,4.47
PAS000409,Marie Stewart,marie.s@hotmail.com,+1-510-747-5100,2026-04-08,Haight-Ashbury,Credit Card,4.94
PAS000410,Kathryn Garrison,kathryn.g@icloud.com,+1-707-810-4643,2026-04-12,Palo Alto,Credit Card,4.08
PAS000411,Kevin Watson,kevin41@icloud.com,+1-831-320-9193,2025-11-04,Oakland,Cash,4.82
PAS000412,Rebecca Parker,rparker@aol.com,+1-408-866-5505,2025-10-13,Berkeley,Apple Pay,4.64
PAS000413,Harold Rodriguez,haroldrodriguez@yahoo.com,+1-831-471-3537,2025-10-24,Castro,Debit Card,4.87
PAS000414,Amber Strong,amberstrong@gmail.com,+1-707-539-5857,2026-02-09,Chinatown,Credit Card,4.68
PAS000415,Dorothy Pennington,dpennington@icloud.com,+1-510-935-3308,2025-09-10,Mission District,Debit Card,4.73
PAS000416,Johnny Schwartz,johnny70@icloud.com,+1-925-657-5997,2025-08-29,Haight-Ashbury,PayPal,4.33
PAS000417,Mary Copeland,mary.c@yahoo.com,+1-209-306-8893,2025-11-18,Berkeley,Debit Card,3.26
PAS000418,Austin Quinn,aquinn@yahoo.com,+1-510-468-8041,2025-06-01,Mission District,Credit Card,4.54
PAS000419,Judith Stephens,judith73@icloud.com,+1-415-477-6638,2026-04-30,San Jose,Credit Card,4.46
PAS000420,Andrew Cherry,acherry@outlook.com,+1-831-834-9248,2026-02-13,Chinatown,Credit Card,3.68
PAS000421,Albert Horne,albert.h@icloud.com,+1-209-681-6417,2026-03-02,Pacific Heights,Cash,4.92
PAS000422,Brenda Cortez,brenda75@outlook.com,+1-925-270-4860,2024-09-06,Pacific Heights,Cash,4.75
PAS000423,Mary Reynolds,maryreynolds@aol.com,+1-408-625-1053,2025-10-14,Berkeley,Debit Card,4.35
PAS000424,Frank Dotson,frankdotson@aol.com,+1-209-540-2048,2026-02-16,Berkeley,Credit Card,3.99
PAS000425,Dylan Lane,dlane@yahoo.com,+1-415-313-3509,2026-03-04,Palo Alto,PayPal,3.25
PAS000426,Brenda Browning,brenda46@outlook.com,+1-408-632-6725,2026-04-26,Haight-Ashbury,PayPal,4.93
PAS000427,Donald Kelly,dkelly@icloud.com,+1-831-339-3167,2026-01-20,Berkeley,Apple Pay,3.8
PAS000428,Kathleen Rogers,kathleen.rogers@aol.com,+1-831-543-5134,2025-09-22,Chinatown,Apple Pay,4.49
PAS000429,Linda Huff,linda.huff@outlook.com,+1-415-334-3138,2026-04-15,North Beach,Credit Card,4.66
PAS000430,Gabriel Holloway,gabrielholloway@gmail.com,+1-408-650-3887,2026-04-19,San Jose,Credit Card,4.94
PAS000431,Albert Marks,albert.m@outlook.com,+1-650-491-5886,2025-08-23,North Beach,Credit Card,4.55
PAS000432,Alexander Beasley,alexander.beasley@gmail.com,+1-650-840-2253,2026-01-23,Marina,Credit Card,4.43
PAS000433,Marie Thomas,marie.t@yahoo.com,+1-209-752-1778,2025-12-27,Mountain View,Cash,4.94
PAS000434,Diane Larsen,diane19@aol.com,+1-925-555-9366,2025-08-19,Castro,Cash,4.04
PAS000435,Gloria Fischer,gloriafischer@hotmail.com,+1-831-533-5857,2025-12-27,Mission District,Credit Card,4.46
PAS000436,Teresa Young,teresa.y@aol.com,+1-650-546-3285,2026-02-13,Mission District,Apple Pay,4.53
PAS000437,Carol Delacruz,carol.d@outlook.com,+1-831-798-1679,2025-10-03,Mountain View,PayPal,4.27
PAS000438,Benjamin Ochoa,bochoa@icloud.com,+1-925-379-9795,2025-09-30,Chinatown,Apple Pay,4.87
PAS000439,Kenneth Sellers,ksellers@gmail.com,+1-707-357-1728,2025-08-10,Marina,Credit Card,4.11
PAS000440,Charles Huynh,charleshuynh@icloud.com,+1-209-293-3745,2025-07-19,Marina,Credit Card,4.91
PAS000441,Philip Mason,philipmason@outlook.com,+1-831-735-8151,2025-05-18,Pacific Heights,Credit Card,4.39
PAS000442,Steven Harrell,steven.h@outlook.com,+1-650-637-9873,2026-02-11,Berkeley,Credit Card,4.23
PAS000443,Jane Mckenzie,jmckenzie@yahoo.com,+1-209-956-7204,2025-02-08,Downtown SF,Debit Card,3.8
PAS000444,Vincent Newton,vincent.newton@icloud.com,+1-209-659-4710,2026-03-18,Palo Alto,Credit Card,4.66
PAS000445,Jonathan Calhoun,jonathan.calhoun@outlook.com,+1-650-881-9797,2026-01-08,Marina,Credit Card,4.74
PAS000446,Jeffrey Gross,jeffrey91@aol.com,+1-707-691-4976,2026-02-20,Castro,Debit Card,4.69
PAS000447,Adam Fox,adamfox@outlook.com,+1-209-859-1598,2024-05-20,Downtown SF,Credit Card,2.92
PAS000448,Angela Clarke,angela37@icloud.com,+1-707-922-8697,2025-09-10,Marina,PayPal,4.4
PAS000449,Jessica Ellis,jessicaellis@aol.com,+1-650-374-6642,2026-03-17,Palo Alto,PayPal,4.16
PAS000450,Zachary Sanchez,zacharysanchez@hotmail.com,+1-415-981-3496,2025-06-12,Castro,Debit Card,4.45
PAS000451,Debra Hogan,dhogan@icloud.com,+1-408-792-8370,2026-01-01,Mountain View,Apple Pay,4.34
PAS000452,Judith Lynn,judith14@gmail.com,+1-510-625-8809,2024-07-29,Chinatown,Credit Card,4.37
PAS000453,Janice Reed,janice.r@outlook.com,+1-925-609-8540,2025-03-14,Marina,Credit Card,3.89
PAS000454,Sara Kramer,skramer@icloud.com,+1-415-504-5563,2026-04-14,Chinatown,Apple Pay,4.01
PAS000455,Lori Gibbs,lgibbs@outlook.com,+1-408-412-4070,2026-04-25,Berkeley,Cash,3.81
PAS000456,Amanda Mcintyre,amandamcintyre@hotmail.com,+1-707-560-9759,2026-04-17,North Beach,Cash,4.78
PAS000457,Roy Calhoun,roy.calhoun@aol.com,+1-831-365-4918,2026-03-18,Oakland,Credit Card,2.91
PAS000458,Amber Estrada,amber.e@icloud.com,+1-925-363-7909,2025-12-11,Pacific Heights,Credit Card,4.93
PAS000459,William Stephenson,william.stephenson@aol.com,+1-707-411-1969,2026-04-24,Mission District,Cash,4.37
PAS000460,Steven Gomez,stevengomez@icloud.com,+1-415-910-2922,2026-02-20,Marina,Apple Pay,4.24
PAS000461,Vincent Hurst,vincent.hurst@outlook.com,+1-650-757-4667,2025-04-21,Marina,Debit Card,3.59
PAS000462,Carolyn Garrison,carolyn.g@gmail.com,+1-707-761-2240,2025-06-19,Downtown SF,Debit Card,4.21
PAS000463,Sean Jackson,sean24@yahoo.com,+1-408-668-5590,2026-04-07,Palo Alto,Debit Card,4.81
PAS000464,Ronald Lamb,rlamb@gmail.com,+1-650-851-8370,2026-04-07,North Beach,Debit Card,4.62
PAS000465,Kevin Winters,kevin.winters@hotmail.com,+1-831-574-8069,2026-03-26,Oakland,Credit Card,4.63
PAS000466,Joe Flynn,joe.f@aol.com,+1-925-561-9104,2026-02-25,Castro,Debit Card,4.75
PAS000467,Judy Allison,judy.a@hotmail.com,+1-707-226-6613,2026-03-20,Castro,Credit Card,4.31
PAS000468,Albert Obrien,aobrien@yahoo.com,+1-510-653-2879,2025-11-25,Pacific Heights,Credit Card,4.37
PAS000469,Gloria Dickerson,gloria.dickerson@icloud.com,+1-408-839-6652,2026-04-30,SOMA,Apple Pay,4.37
PAS000470,Roy Sparks,roy26@yahoo.com,+1-415-664-9676,2025-06-19,Oakland,Debit Card,4.83
PAS000471,Keith Hicks,khicks@aol.com,+1-707-298-2099,2026-03-03,Financial District,Credit Card,3.79
PAS000472,Rose Weaver,rose21@hotmail.com,+1-209-502-5847,2026-02-01,Castro,Credit Card,4.87
PAS000473,Joshua Murphy,joshua.murphy@aol.com,+1-650-684-7319,2025-11-12,San Jose,Credit Card,4.4
PAS000474,Danielle Estrada,danielleestrada@gmail.com,+1-650-507-1928,2026-01-15,Marina,Credit Card,4.89
PAS000475,Russell Roman,russellroman@yahoo.com,+1-510-372-5661,2026-03-05,Mountain View,Credit Card,4.84
PAS000476,Pamela Martinez,pamelamartinez@icloud.com,+1-408-991-8151,2026-04-23,Marina,Debit Card,4.95
PAS000477,Justin Morrison,justin.m@hotmail.com,+1-510-380-2450,2026-04-03,Palo Alto,Credit Card,3.75
PAS000478,Julia Adams,juliaadams@hotmail.com,+1-209-785-6193,2026-01-11,Financial District,Debit Card,4.63
PAS000479,Judy Cook,judy13@outlook.com,+1-925-290-3233,2025-12-18,San Jose,Credit Card,4.81
PAS000480,Abigail Harper,abigail29@hotmail.com,+1-831-208-2414,2026-04-08,Chinatown,Credit Card,4.09
PAS000481,Jordan Alvarez,jordanalvarez@hotmail.com,+1-408-468-9230,2025-05-04,Berkeley,Debit Card,4.91
PAS000482,Janet Stafford,janetstafford@yahoo.com,+1-831-908-3881,2025-08-02,Mountain View,Credit Card,3.36
PAS000483,Noah Horn,nhorn@gmail.com,+1-650-705-4919,2025-12-25,Pacific Heights,Apple Pay,3.9
PAS000484,Steven Reynolds,stevenreynolds@gmail.com,+1-650-834-2414,2025-11-25,Mountain View,Credit Card,3.83
PAS000485,Ralph Cunningham,ralph.cunningham@yahoo.com,+1-415-294-5751,2026-02-01,Financial District,Apple Pay,4.94
PAS000486,Brandon Spears,brandonspears@icloud.com,+1-415-769-9929,2026-03-20,Oakland,Apple Pay,4.03
PAS000487,Sara Kelly,skelly@aol.com,+1-831-509-6905,2025-12-09,SOMA,Apple Pay,3.46
PAS000488,Edward Griffin,edward.griffin@aol.com,+1-415-725-3524,2026-04-10,Mission District,Apple Pay,4.47
PAS000489,Lori Johnston,lori34@outlook.com,+1-408-296-8246,2025-09-17,SOMA,Credit Card,4.39
PAS000490,Cynthia Hartman,chartman@outlook.com,+1-415-507-2133,2026-04-25,Mountain View,PayPal,4.83
PAS000491,Andrea Hughes,andreahughes@aol.com,+1-510-833-2886,2026-02-11,Mountain View,Credit Card,3.94
PAS000492,Martha Miranda,martha.miranda@hotmail.com,+1-415-314-4918,2026-03-21,Berkeley,Credit Card,4.24
PAS000493,Timothy Snyder,timothysnyder@hotmail.com,+1-925-806-7027,2026-02-23,Haight-Ashbury,Debit Card,4.8
PAS000494,Linda Hickman,linda19@icloud.com,+1-209-988-7403,2026-03-04,Castro,Debit Card,4.3
PAS000495,Joseph Strong,joseph68@aol.com,+1-650-566-8524,2026-04-27,SOMA,Credit Card,4.67
PAS000496,Laura Richardson,laurarichardson@gmail.com,+1-831-226-4208,2026-03-12,Oakland,Credit Card,4.71
PAS000497,Jacqueline Odom,jacqueline.odom@gmail.com,+1-415-523-8200,2026-01-07,Palo Alto,Credit Card,4.86
PAS000498,Linda Payne,linda.p@outlook.com,+1-408-261-7955,2026-04-01,Haight-Ashbury,Credit Card,4.03
PAS000499,Noah Sanchez,noah11@icloud.com,+1-925-612-7502,2025-08-26,Haight-Ashbury,Debit Card,4.64
PAS000500,Alexis Church,alexischurch@yahoo.com,+1-408-906-8556,2026-04-07,Downtown SF,Apple Pay,3.99
PAS000501,Linda Hickman,linda23@icloud.com,+1-415-227-9117,2026-02-20,Palo Alto,Apple Pay,4.07
PAS000502,Thomas Gill,thomas.gill@icloud.com,+1-831-402-5090,2026-02-26,SOMA,Apple Pay,3.35
PAS000503,Sharon Mccormick,sharon.mccormick@outlook.com,+1-707-747-9043,2026-04-27,Pacific Heights,Debit Card,3.85
PAS000504,Pamela Barr,pamela.b@icloud.com,+1-408-838-3803,2024-09-30,Marina,Credit Card,4.38
PAS000505,Megan Bryan,megan.bryan@icloud.com,+1-209-390-3328,2026-04-10,Chinatown,Cash,4.32
PAS000506,Katherine Barr,katherinebarr@aol.com,+1-707-763-6532,2025-10-10,Berkeley,Debit Card,3.74
PAS000507,Stephen Chase,stephen.chase@yahoo.com,+1-510-789-7894,2026-01-31,San Jose,Debit Card,4.6
PAS000508,Michael Berry,michael.b@yahoo.com,+1-408-638-9120,2026-04-17,Chinatown,Cash,4.45
PAS000509,Grace Hudson,ghudson@yahoo.com,+1-831-776-4154,2025-12-08,SOMA,Debit Card,4.47
PAS000510,Kathleen House,kathleen.house@hotmail.com,+1-408-621-5183,2026-04-09,North Beach,Credit Card,4.66
PAS000511,Janet Carrillo,jcarrillo@outlook.com,+1-925-729-8057,2025-12-24,Berkeley,Credit Card,4.39
PAS000512,Jeremy Gross,jgross@yahoo.com,+1-209-985-2447,2025-12-28,SOMA,Apple Pay,4.84
PAS000513,Elizabeth Mcclain,elizabeth.mcclain@outlook.com,+1-707-553-3763,2026-04-01,Financial District,Debit Card,4.91
PAS000514,Joan Orr,joan.orr@gmail.com,+1-925-566-9411,2026-03-30,Pacific Heights,Credit Card,3.6
PAS000515,Mary Randolph,mary.randolph@aol.com,+1-925-459-2302,2026-04-24,Castro,Cash,4.57
PAS000516,Nathan Schmidt,nathan.schmidt@aol.com,+1-925-928-4509,2026-02-10,Berkeley,Debit Card,4.72
PAS000517,Maria Reed,mreed@icloud.com,+1-831-321-2670,2026-04-12,Pacific Heights,Debit Card,4.38
PAS000518,Jerry King,jking@gmail.com,+1-510-728-3726,2025-10-02,Haight-Ashbury,Credit Card,4.78
PAS000519,Angela Harris,angela52@hotmail.com,+1-925-588-6744,2025-09-19,Mountain View,Debit Card,4.58
PAS000520,Eric Mills,eric.m@yahoo.com,+1-831-718-5185,2026-04-12,Mountain View,Credit Card,4.65
PAS000521,Marie Watkins,mwatkins@gmail.com,+1-925-227-4250,2026-01-21,Pacific Heights,Credit Card,4.22
PAS000522,Kathryn Colon,kathryn90@hotmail.com,+1-707-780-6802,2026-03-30,Oakland,Credit Card,4.54
PAS000523,Joyce Garrison,joyce.garrison@yahoo.com,+1-415-288-2519,2026-01-14,Financial District,Credit Card,3.17
PAS000524,Joyce Acevedo,joyceacevedo@outlook.com,+1-650-425-9563,2026-04-27,Haight-Ashbury,Credit Card,4.29
PAS000525,Jesse Mcdowell,jessemcdowell@aol.com,+1-510-867-8291,2026-03-24,Berkeley,Credit Card,4.95
PAS000526,Rebecca Combs,rebeccacombs@icloud.com,+1-707-873-1906,2025-11-30,Financial District,Credit Card,4.18
PAS000527,Katherine Gillespie,katherine.gillespie@icloud.com,+1-408-464-1481,2025-12-14,San Jose,Debit Card,4.32
PAS000528,Kimberly Church,kimberly.church@outlook.com,+1-707-233-9906,2026-04-11,Mission District,Debit Card,4.41
PAS000529,Sarah Grant,sarah62@gmail.com,+1-408-481-9645,2026-01-09,Oakland,Debit Card,3.74
PAS000530,Nicholas Blevins,nicholasblevins@aol.com,+1-209-674-1555,2025-04-22,Downtown SF,Cash,4.7
PAS000531,Roy Petersen,rpetersen@icloud.com,+1-707-929-6494,2026-03-16,Mountain View,Credit Card,4.48
PAS000532,Tiffany Gibson,tiffanygibson@icloud.com,+1-707-461-5670,2026-04-27,Financial District,Credit Card,3.88
PAS000533,Angela Oneal,angela.o@hotmail.com,+1-925-341-2385,2026-03-26,Berkeley,Debit Card,4.79
PAS000534,Bobby Wilkinson,bobby99@outlook.com,+1-650-686-6616,2026-02-02,SOMA,PayPal,4.92
PAS000535,Keith Davis,keith.davis@outlook.com,+1-510-863-8320,2025-10-23,Marina,Credit Card,4.07
PAS000536,Anna Marsh,anna.m@aol.com,+1-925-913-6225,2025-12-14,Financial District,Debit Card,4.68
PAS000537,Melissa Nunez,melissa.nunez@outlook.com,+1-408-764-4734,2026-04-23,Palo Alto,Cash,4.89
PAS000538,Dorothy Meyers,dorothy.m@icloud.com,+1-209-935-2492,2026-01-31,Oakland,Credit Card,3.9
PAS000539,Wayne Roberts,wayne.roberts@outlook.com,+1-415-676-2694,2025-12-26,SOMA,Apple Pay,3.41
PAS000540,Wayne Cardenas,wayne46@outlook.com,+1-831-276-4922,2026-02-25,Downtown SF,Credit Card,4.96
PAS000541,Anna Hatfield,anna.h@hotmail.com,+1-510-915-5725,2026-02-08,SOMA,Debit Card,4.8
PAS000542,Bruce Key,bruce41@aol.com,+1-707-992-3453,2025-12-05,San Jose,Credit Card,4.62
PAS000543,Sean Knight,seanknight@outlook.com,+1-650-890-9763,2025-07-26,San Jose,Debit Card,4.28
PAS000544,Ethan Gates,egates@icloud.com,+1-510-875-4409,2025-03-16,Downtown SF,Credit Card,4.7
PAS000545,Emily Mosley,emosley@hotmail.com,+1-209-928-8739,2025-12-12,Mission District,PayPal,4.62
PAS000546,Nancy Phelps,nancy.p@yahoo.com,+1-510-737-8679,2026-04-23,Downtown SF,Debit Card,4.48
PAS000547,Juan Lara,juan86@gmail.com,+1-415-699-2979,2026-04-15,Mission District,Debit Card,4.48
PAS000548,Henry West,henry19@outlook.com,+1-925-460-7255,2026-01-25,Berkeley,Debit Card,4.0
PAS000549,Albert Bennett,albert.b@icloud.com,+1-408-261-8495,2026-04-14,Castro,Debit Card,4.34
PAS000550,Nicole Salazar,nsalazar@yahoo.com,+1-707-927-4026,2025-12-15,Marina,PayPal,4.88
PAS000551,Jacqueline Huynh,jacqueline71@icloud.com,+1-209-669-1077,2026-04-28,Downtown SF,Apple Pay,4.52
PAS000552,Ethan Spears,ethan.spears@aol.com,+1-650-548-4969,2026-03-17,SOMA,Credit Card,4.03
PAS000553,Christine Jimenez,christine.jimenez@aol.com,+1-415-763-3677,2026-03-19,San Jose,Credit Card,3.87
PAS000554,Kevin Bond,kevin.b@icloud.com,+1-415-829-7702,2025-09-12,Oakland,Debit Card,4.61
PAS000555,Julie Wyatt,juliewyatt@icloud.com,+1-831-569-4330,2026-03-26,Chinatown,Debit Card,4.09
PAS000556,Sharon Frost,sharon92@outlook.com,+1-510-619-6037,2026-02-23,Haight-Ashbury,Cash,4.87
PAS000557,Johnny Barrera,johnnybarrera@gmail.com,+1-415-214-4095,2026-02-01,Oakland,Credit Card,3.87
PAS000558,Philip Carey,philip.c@gmail.com,+1-209-247-5029,2026-03-08,North Beach,Cash,4.85
PAS000559,Teresa Cook,teresa.c@aol.com,+1-831-930-8121,2026-03-09,San Jose,Apple Pay,4.67
PAS000560,Dylan Sandoval,dylan.sandoval@outlook.com,+1-415-784-9435,2026-04-26,Marina,Cash,4.51
PAS000561,Anna Hurst,anna.h@yahoo.com,+1-831-703-5988,2026-03-13,Chinatown,Cash,4.79
PAS000562,Nathan Contreras,nathancontreras@icloud.com,+1-831-555-1971,2025-11-26,Palo Alto,Credit Card,4.74
PAS000563,Cheryl Pratt,cheryl96@hotmail.com,+1-831-524-8235,2025-10-22,SOMA,Debit Card,4.48
PAS000564,Kelly Mcdowell,kelly60@aol.com,+1-925-291-9353,2026-03-26,SOMA,PayPal,4.47
PAS000565,Keith Butler,keith.b@hotmail.com,+1-209-688-6734,2026-04-15,Downtown SF,PayPal,4.17
PAS000566,David Arnold,david49@yahoo.com,+1-650-262-4045,2026-04-20,Haight-Ashbury,Debit Card,4.44
PAS000567,Amanda Short,amandashort@gmail.com,+1-408-328-7372,2026-04-03,Oakland,PayPal,3.98
PAS000568,Angela Wilkerson,angela31@outlook.com,+1-408-447-1165,2025-12-21,Financial District,PayPal,4.94
PAS000569,Kimberly Scott,kimberly69@gmail.com,+1-831-432-6488,2026-02-13,Mission District,Credit Card,4.41
PAS000570,Douglas Boyer,douglasboyer@aol.com,+1-650-478-8618,2025-12-26,Haight-Ashbury,Credit Card,4.44
PAS000571,Philip Miranda,philip.miranda@yahoo.com,+1-707-925-4278,2026-03-09,North Beach,Cash,4.8
PAS000572,Johnny Tillman,johnny.t@gmail.com,+1-415-937-6868,2025-03-17,Palo Alto,Credit Card,4.73
PAS000573,Rebecca Mcclain,rebecca.m@yahoo.com,+1-408-339-9070,2026-03-16,Haight-Ashbury,Debit Card,4.78
PAS000574,Cynthia Johnston,cynthiajohnston@yahoo.com,+1-707-913-7557,2025-12-15,SOMA,PayPal,4.86
PAS000575,Cynthia Kent,ckent@yahoo.com,+1-408-709-3895,2025-06-18,SOMA,Apple Pay,4.24
PAS000576,Gregory Best,gregory.best@gmail.com,+1-408-434-8725,2026-03-15,Palo Alto,Credit Card,4.32
PAS000577,Howard Cruz,howard.c@aol.com,+1-925-345-4401,2026-02-14,Pacific Heights,Credit Card,3.87
PAS000578,William Duncan,william.duncan@hotmail.com,+1-408-395-4821,2025-12-22,Mountain View,Credit Card,3.16
PAS000579,Johnny Hansen,johnny.hansen@aol.com,+1-408-746-5602,2026-02-10,Castro,PayPal,4.4
PAS000580,Aaron Sanford,aaronsanford@hotmail.com,+1-209-760-1207,2026-04-01,Pacific Heights,Apple Pay,4.8
PAS000581,Noah Pena,noah.pena@icloud.com,+1-707-970-2862,2026-01-31,North Beach,Credit Card,4.31
PAS000582,Victoria Giles,vgiles@icloud.com,+1-415-868-7326,2026-02-03,Pacific Heights,Credit Card,4.64
PAS000583,Jack Davenport,jack49@aol.com,+1-650-298-7023,2026-03-31,North Beach,Apple Pay,3.98
PAS000584,Alan Durham,adurham@icloud.com,+1-650-645-5740,2025-11-16,Downtown SF,PayPal,4.98
PAS000585,Samuel Hudson,shudson@yahoo.com,+1-831-734-9672,2026-01-19,Castro,Credit Card,4.81
PAS000586,Amber Duncan,amberduncan@icloud.com,+1-408-850-1622,2026-02-16,Marina,Debit Card,4.58
PAS000587,Bryan Rich,bryan.r@outlook.com,+1-408-893-4460,2026-01-30,Mission District,Cash,4.75
PAS000588,Marie Morrow,mariemorrow@yahoo.com,+1-510-808-9352,2025-09-05,Castro,Cash,3.99
PAS000589,Ashley Mccullough,amccullough@hotmail.com,+1-707-998-2322,2025-09-29,Oakland,PayPal,3.46
PAS000590,Alexis Allen,alexis26@gmail.com,+1-831-646-8117,2025-11-26,Mountain View,PayPal,4.43
PAS000591,Louis Lynn,llynn@aol.com,+1-415-612-8499,2026-02-23,Marina,PayPal,3.35
PAS000592,Scott Sweeney,ssweeney@gmail.com,+1-925-781-9714,2026-01-26,Haight-Ashbury,Credit Card,4.92
PAS000593,Amy Vargas,amy.v@hotmail.com,+1-510-948-1015,2026-02-10,Marina,Debit Card,4.77
PAS000594,Sara Cain,sara33@yahoo.com,+1-209-590-3767,2025-11-05,SOMA,Credit Card,3.9
PAS000595,Anthony Lamb,anthony.l@outlook.com,+1-408-893-8237,2026-01-21,Pacific Heights,Apple Pay,4.27
PAS000596,Timothy Blackburn,tblackburn@yahoo.com,+1-925-829-6518,2026-01-12,Mountain View,Debit Card,4.22
PAS000597,Jordan Parsons,jordanparsons@icloud.com,+1-707-528-5685,2026-03-06,Haight-Ashbury,Credit Card,4.77
PAS000598,Patrick Deleon,patrick94@yahoo.com,+1-510-681-1953,2026-01-06,Chinatown,Apple Pay,3.81
PAS000599,Hannah Johnston,hannah.johnston@yahoo.com,+1-510-216-3399,2025-07-08,Berkeley,PayPal,4.77
PAS000600,Megan Cunningham,mcunningham@yahoo.com,+1-650-559-7398,2026-03-29,Oakland,Credit Card,4.96
PAS000601,Noah Duncan,noahduncan@aol.com,+1-408-491-9273,2025-09-28,North Beach,Cash,4.95
PAS000602,Jonathan Kerr,jonathan.k@gmail.com,+1-831-883-7413,2026-04-02,Downtown SF,Credit Card,4.19
PAS000603,Matthew Solomon,matthew.solomon@icloud.com,+1-415-509-9990,2026-02-16,Chinatown,Credit Card,4.34
PAS000604,Douglas Shaffer,dshaffer@yahoo.com,+1-650-623-6071,2025-10-25,Pacific Heights,Debit Card,4.94
PAS000605,Ashley Hutchinson,ashley.h@aol.com,+1-408-880-8684,2026-01-31,Chinatown,Debit Card,3.88
PAS000606,Carolyn Ochoa,carolyn56@gmail.com,+1-209-641-1954,2026-04-12,San Jose,Debit Card,4.84
PAS000607,Amber Barrera,amber.b@yahoo.com,+1-209-299-7796,2025-09-05,Pacific Heights,Debit Card,4.68
PAS000608,Cynthia Tanner,cynthia94@aol.com,+1-510-214-5678,2026-01-12,Castro,Cash,3.74
PAS000609,Bobby Serrano,bobby41@outlook.com,+1-831-788-5917,2026-04-19,Pacific Heights,Debit Card,4.19
PAS000610,Christian Delgado,christiandelgado@icloud.com,+1-209-986-9996,2025-12-21,Mountain View,Credit Card,4.6
PAS000611,Joseph Lamb,joseph.l@icloud.com,+1-415-875-6435,2026-03-31,Haight-Ashbury,Debit Card,4.21
PAS000612,Christina Wilkerson,christina.w@yahoo.com,+1-209-755-5963,2026-03-13,Berkeley,Debit Card,3.96
PAS000613,Evelyn Harrell,evelyn.h@icloud.com,+1-408-655-5480,2026-03-02,Marina,Apple Pay,4.46
PAS000614,Shirley Cochran,shirley.c@outlook.com,+1-707-833-4511,2026-02-23,Chinatown,Debit Card,4.97
PAS000615,David Gaines,david30@gmail.com,+1-650-445-1738,2026-02-26,Chinatown,Debit Card,4.67
PAS000616,Lawrence Strickland,lstrickland@hotmail.com,+1-831-822-3709,2026-03-08,Pacific Heights,Credit Card,4.45
PAS000617,Jeffrey Mccormick,jeffrey39@hotmail.com,+1-831-809-6406,2026-03-30,SOMA,Apple Pay,3.17
PAS000618,Mark Gardner,mark23@outlook.com,+1-415-440-9264,2025-08-16,North Beach,Debit Card,4.42
PAS000619,Thomas Garcia,thomas.g@gmail.com,+1-408-538-6084,2025-11-14,Haight-Ashbury,Credit Card,4.37
PAS000620,Danielle Zimmerman,dzimmerman@gmail.com,+1-925-801-1960,2026-03-22,Marina,Debit Card,4.43
PAS000621,Jeremy Small,jsmall@hotmail.com,+1-209-640-3007,2025-11-26,Oakland,Debit Card,4.75
PAS000622,Amy Bennett,amy.bennett@yahoo.com,+1-650-318-6538,2026-04-30,Downtown SF,Debit Card,4.08
PAS000623,Ashley Lynch,alynch@aol.com,+1-707-559-7697,2026-03-24,Berkeley,Apple Pay,4.23
PAS000624,Keith Kelly,keith.k@aol.com,+1-415-243-5959,2025-07-22,Mission District,Credit Card,4.4
PAS000625,Benjamin Ayers,benjaminayers@yahoo.com,+1-408-581-3146,2026-03-26,Palo Alto,Credit Card,3.95
PAS000626,Marie Shepherd,mshepherd@gmail.com,+1-510-428-9447,2026-04-16,Castro,Apple Pay,4.79
PAS000627,Benjamin Smith,benjaminsmith@icloud.com,+1-707-693-4162,2026-03-02,San Jose,Credit Card,4.38
PAS000628,Terry Lopez,terry.lopez@gmail.com,+1-650-501-6796,2026-03-31,Palo Alto,PayPal,4.91
PAS000629,Megan Foster,megan.foster@hotmail.com,+1-415-594-2484,2026-03-14,Financial District,Credit Card,4.3
PAS000630,Emma Meadows,emma.m@gmail.com,+1-408-610-7122,2026-02-11,Downtown SF,Cash,3.95
PAS000631,Carolyn Underwood,carolyn.u@gmail.com,+1-408-790-7746,2026-02-06,Chinatown,Credit Card,4.75
PAS000632,Nathan Bennett,nbennett@aol.com,+1-209-278-8913,2026-03-29,Downtown SF,Apple Pay,4.68
PAS000633,Janice Lopez,janice92@icloud.com,+1-650-811-4342,2025-01-05,Berkeley,Credit Card,4.15
PAS000634,Dorothy Livingston,dorothy.livingston@outlook.com,+1-510-814-7923,2025-11-09,Mission District,Apple Pay,4.65
PAS000635,Michelle Buckley,michellebuckley@yahoo.com,+1-510-980-4190,2026-02-13,Pacific Heights,Credit Card,4.42
PAS000636,Theresa Burnett,theresaburnett@gmail.com,+1-925-242-1854,2025-07-02,Palo Alto,Debit Card,4.13
PAS000637,Jason Merritt,jason.merritt@outlook.com,+1-209-571-9554,2026-03-19,Chinatown,Cash,4.52
PAS000638,Rachel Gilmore,rgilmore@hotmail.com,+1-415-597-7544,2024-10-26,Mission District,Credit Card,4.42
PAS000639,Sarah Ferguson,sarahferguson@aol.com,+1-415-865-4760,2026-02-27,Mountain View,Debit Card,4.65
PAS000640,Jessica Bruce,jessica85@gmail.com,+1-831-525-9034,2025-08-01,Oakland,Credit Card,4.57
PAS000641,Lisa Robertson,lisa.robertson@icloud.com,+1-831-249-2039,2026-03-15,Chinatown,Credit Card,4.32
PAS000642,Charles Hayes,charleshayes@aol.com,+1-408-895-4631,2025-05-14,Marina,Credit Card,4.72
PAS000643,Jessica Nichols,jessica51@icloud.com,+1-209-794-3222,2026-01-05,Downtown SF,Credit Card,4.88
PAS000644,Kelly Olson,kelly.olson@hotmail.com,+1-707-814-8052,2024-12-08,Chinatown,Credit Card,3.83
PAS000645,Willie Nixon,willie.n@gmail.com,+1-415-796-7339,2026-03-11,Oakland,Credit Card,4.71
PAS000646,Margaret Frost,margaret.f@gmail.com,+1-925-567-1505,2026-01-13,Castro,PayPal,4.16
PAS000647,Dorothy Sanders,dorothysanders@gmail.com,+1-408-632-1096,2026-02-17,Chinatown,Debit Card,4.95
PAS000648,Ashley Hensley,ashley.hensley@aol.com,+1-415-459-5179,2026-02-11,Berkeley,Cash,4.75
PAS000649,Jose Rivera,jose.rivera@aol.com,+1-209-304-5205,2026-01-08,Downtown SF,Apple Pay,4.71
PAS000650,Ethan Morse,ethan40@outlook.com,+1-707-469-5595,2026-04-12,Financial District,Credit Card,4.79
PAS000651,Alexander Allen,alexander.allen@icloud.com,+1-707-713-1569,2025-11-20,Haight-Ashbury,Debit Card,4.18
PAS000652,Kimberly Rich,kimberly43@outlook.com,+1-831-808-4611,2026-02-26,Oakland,PayPal,4.9
PAS000653,Joe Key,joe79@icloud.com,+1-415-698-5225,2025-08-15,SOMA,Debit Card,3.34
PAS000654,Marilyn Gill,marilyn20@yahoo.com,+1-415-497-6883,2025-06-14,North Beach,PayPal,4.29
PAS000655,Albert Harrell,albertharrell@hotmail.com,+1-408-890-9743,2026-01-21,Pacific Heights,Cash,4.8
PAS000656,Kyle Bond,kyle.b@gmail.com,+1-707-399-1735,2025-09-09,Mission District,Debit Card,4.47
PAS000657,Tyler Klein,tylerklein@icloud.com,+1-831-326-8690,2025-06-29,Pacific Heights,Credit Card,4.55
PAS000658,Juan Anthony,juan76@icloud.com,+1-415-337-7347,2025-12-29,SOMA,Debit Card,4.33
PAS000659,Marilyn Parrish,marilyn.parrish@gmail.com,+1-831-596-3246,2025-12-22,San Jose,PayPal,4.36
PAS000660,Vincent Walls,vwalls@gmail.com,+1-408-515-9553,2026-01-16,SOMA,Credit Card,4.74
PAS000661,Anna Mcclain,anna.m@aol.com,+1-831-694-1753,2026-04-22,Mission District,Apple Pay,3.98
PAS000662,Diane Nicholson,dianenicholson@outlook.com,+1-209-900-5839,2026-03-15,Downtown SF,Credit Card,3.78
PAS000663,Kenneth Gutierrez,kgutierrez@yahoo.com,+1-408-288-3416,2026-03-24,Castro,Apple Pay,4.62
PAS000664,Donna Gill,donnagill@hotmail.com,+1-650-549-7394,2026-04-06,Palo Alto,Credit Card,4.37
PAS000665,William Smith,william76@aol.com,+1-925-814-7397,2026-04-15,Mountain View,Debit Card,4.6
PAS000666,Thomas Beard,thomas.beard@hotmail.com,+1-415-547-3460,2026-02-24,Downtown SF,Credit Card,4.66
PAS000667,Bruce Clay,bruce39@yahoo.com,+1-510-392-2950,2025-12-01,Chinatown,Credit Card,4.98
PAS000668,Anna Wolf,anna.wolf@hotmail.com,+1-408-495-3447,2026-04-26,Marina,Debit Card,4.72
PAS000669,Joshua Tran,joshua.tran@icloud.com,+1-510-350-5437,2025-12-31,Mountain View,PayPal,3.71
PAS000670,Eric Guerrero,eric23@aol.com,+1-510-487-1507,2026-02-17,San Jose,Debit Card,4.69
PAS000671,Janice Knox,janiceknox@hotmail.com,+1-408-897-8628,2026-03-11,Mountain View,Credit Card,4.69
PAS000672,Andrea Buckley,andreabuckley@aol.com,+1-925-246-3434,2026-03-18,Mission District,Credit Card,4.59
PAS000673,Sandra Horn,sandrahorn@yahoo.com,+1-510-422-9062,2026-04-23,Financial District,PayPal,4.76
PAS000674,Arthur Mccall,arthur.m@gmail.com,+1-415-243-7272,2026-01-30,SOMA,Debit Card,4.76
PAS000675,Helen Hunt,helen62@outlook.com,+1-831-422-6447,2026-01-20,Castro,Apple Pay,4.92
PAS000676,Martha Stafford,martha67@hotmail.com,+1-650-627-4493,2025-11-03,San Jose,Apple Pay,4.48
PAS000677,Olivia Brock,olivia.b@icloud.com,+1-650-400-9093,2025-09-12,Palo Alto,Apple Pay,4.83
PAS000678,Bruce Burns,bruce50@hotmail.com,+1-650-331-6274,2026-03-08,Marina,Credit Card,4.21
PAS000679,Katherine Griffin,kgriffin@icloud.com,+1-650-766-1413,2025-08-24,Castro,Apple Pay,3.82
PAS000680,Barbara Flowers,barbara42@hotmail.com,+1-408-767-9638,2025-02-24,SOMA,Apple Pay,4.23
PAS000681,Roger Carey,roger.carey@hotmail.com,+1-209-606-8746,2026-01-28,Haight-Ashbury,Credit Card,4.86
PAS000682,Maria Skinner,maria.s@yahoo.com,+1-209-506-6258,2026-01-08,Berkeley,PayPal,4.09
PAS000683,Ralph Roth,ralph.roth@aol.com,+1-650-256-8743,2025-06-14,Castro,Credit Card,3.3
PAS000684,Rebecca Ramos,rebeccaramos@aol.com,+1-831-768-6896,2026-01-11,Financial District,Credit Card,4.83
PAS000685,Edward Butler,edwardbutler@outlook.com,+1-650-297-1564,2026-02-17,North Beach,Credit Card,4.8
PAS000686,Emma Gray,emma42@yahoo.com,+1-415-850-2995,2025-09-19,Downtown SF,Credit Card,4.63
PAS000687,Heather Bennett,heather45@hotmail.com,+1-650-805-7257,2026-03-20,Mountain View,Debit Card,4.53
PAS000688,Brandon Marquez,brandon69@hotmail.com,+1-408-418-2132,2026-01-07,Financial District,Credit Card,3.8
PAS000689,Billy Miranda,billy.miranda@aol.com,+1-707-432-4720,2026-01-12,Palo Alto,Credit Card,4.08
PAS000690,Gary Padilla,gpadilla@yahoo.com,+1-831-830-8657,2025-10-01,Downtown SF,Credit Card,3.81
PAS000691,Lisa Ramirez,lisaramirez@aol.com,+1-925-431-5824,2026-01-20,Pacific Heights,Credit Card,4.71
PAS000692,Denise Crosby,denise73@aol.com,+1-707-764-7772,2026-01-01,Oakland,Credit Card,4.4
PAS000693,Sarah Chang,sarah.c@gmail.com,+1-209-724-7610,2025-11-27,Downtown SF,PayPal,3.75
PAS000694,Tiffany Murray,tiffany24@icloud.com,+1-650-711-5180,2025-11-04,Marina,Cash,4.72
PAS000695,Kyle Patel,kyle.p@yahoo.com,+1-209-495-1737,2026-02-16,Mountain View,Credit Card,4.78
PAS000696,Rebecca Berry,rebeccaberry@yahoo.com,+1-650-434-6267,2026-04-09,Pacific Heights,Credit Card,4.75
PAS000697,Carl Baker,carl.baker@hotmail.com,+1-209-411-2927,2026-01-02,Pacific Heights,PayPal,4.74
PAS000698,Deborah Pace,dpace@icloud.com,+1-209-517-8533,2026-02-22,North Beach,Credit Card,4.78
PAS000699,Emily Prince,emily.prince@outlook.com,+1-415-426-7597,2025-12-24,Haight-Ashbury,Credit Card,4.45
PAS000700,Joyce Burnett,joyce.burnett@gmail.com,+1-209-586-3281,2026-03-30,SOMA,Credit Card,4.17
PAS000701,Austin Gordon,austingordon@aol.com,+1-650-323-4482,2026-04-29,Palo Alto,Cash,4.99
PAS000702,Keith Shepherd,keithshepherd@outlook.com,+1-925-980-8214,2025-09-21,SOMA,Apple Pay,4.73
PAS000703,Kelly Lindsey,kelly.l@yahoo.com,+1-408-211-5904,2024-06-19,Berkeley,Debit Card,4.43
PAS000704,Marie Clay,marie.c@outlook.com,+1-650-878-1601,2026-04-09,Mountain View,Credit Card,4.18
PAS000705,Aaron Fischer,afischer@gmail.com,+1-925-756-6772,2026-02-27,Marina,Credit Card,4.19
PAS000706,Matthew Nichols,matthew35@aol.com,+1-925-410-6571,2026-03-25,Chinatown,Debit Card,4.42
PAS000707,Russell Padilla,russell.p@gmail.com,+1-510-733-6067,2025-12-24,Palo Alto,Credit Card,4.29
PAS000708,Douglas Conley,douglasconley@hotmail.com,+1-650-321-1476,2025-11-06,Palo Alto,Credit Card,4.0
PAS000709,Heather Wheeler,heather.w@aol.com,+1-510-685-1310,2025-12-15,Pacific Heights,Credit Card,4.99
PAS000710,Grace Sandoval,grace58@aol.com,+1-510-285-7730,2026-03-04,Berkeley,PayPal,4.26
PAS000711,Gregory Best,gregory54@aol.com,+1-707-786-5227,2026-02-22,SOMA,Debit Card,4.2
PAS000712,Christopher Cardenas,ccardenas@icloud.com,+1-408-306-4417,2026-04-02,San Jose,Credit Card,4.32
PAS000713,Jose Arnold,jarnold@hotmail.com,+1-209-381-9009,2025-05-26,Haight-Ashbury,Debit Card,3.85
PAS000714,Noah Horn,nhorn@outlook.com,+1-209-574-4434,2026-04-24,Castro,Credit Card,4.38
PAS000715,Grace Vincent,gracevincent@hotmail.com,+1-510-697-5208,2026-04-14,Financial District,PayPal,4.8
PAS000716,Christopher Blanchard,christopherblanchard@icloud.com,+1-415-760-9919,2025-08-20,San Jose,Debit Card,4.37
PAS000717,Scott Garza,sgarza@yahoo.com,+1-408-405-1212,2026-03-18,Oakland,Credit Card,4.96
PAS000718,Hannah Bond,hannah24@gmail.com,+1-415-296-2228,2026-01-30,Mission District,Credit Card,4.31
PAS000719,Laura Oneill,laura23@hotmail.com,+1-415-515-5637,2025-05-31,SOMA,Credit Card,4.97
PAS000720,Angela Santos,angela62@outlook.com,+1-650-976-2222,2025-10-21,Pacific Heights,PayPal,4.8
PAS000721,Madison Roach,madison.roach@gmail.com,+1-831-299-7299,2025-12-28,San Jose,Credit Card,4.9
PAS000722,Nicholas Blankenship,nicholas.blankenship@hotmail.com,+1-510-550-8884,2026-04-06,Marina,Credit Card,4.87
PAS000723,Sara Osborn,sosborn@outlook.com,+1-831-672-4787,2026-04-06,Haight-Ashbury,Apple Pay,3.96
PAS000724,Evelyn Ferguson,evelyn.f@aol.com,+1-831-321-1738,2026-04-26,San Jose,Credit Card,4.49
PAS000725,George Arnold,georgearnold@outlook.com,+1-925-429-3841,2026-01-04,Downtown SF,Apple Pay,4.02
PAS000726,Janet Sloan,janet.s@icloud.com,+1-209-362-5373,2026-02-28,Mountain View,Debit Card,4.71
PAS000727,Patrick Hebert,patrick.hebert@aol.com,+1-707-570-8273,2025-06-14,Financial District,Debit Card,4.4
PAS000728,Ronald Silva,rsilva@gmail.com,+1-510-318-6499,2025-08-23,Pacific Heights,Debit Card,4.75
PAS000729,Kathryn Horne,khorne@aol.com,+1-209-410-3996,2026-03-24,Berkeley,Apple Pay,4.19
PAS000730,Joyce Jones,jjones@icloud.com,+1-707-616-9329,2025-11-04,Chinatown,PayPal,3.48
PAS000731,Roy Foley,roy.f@outlook.com,+1-510-235-9581,2026-03-26,Castro,PayPal,3.66
PAS000732,Juan Church,juanchurch@hotmail.com,+1-831-690-5806,2025-12-21,Palo Alto,Debit Card,4.73
PAS000733,Jason Pierce,jason62@hotmail.com,+1-209-252-3756,2025-12-17,Haight-Ashbury,PayPal,4.37
PAS000734,Stephanie Crawford,scrawford@outlook.com,+1-831-983-6745,2025-12-03,Financial District,Credit Card,4.54
PAS000735,Tyler Gibbs,tyler.g@outlook.com,+1-831-594-5248,2026-02-19,Palo Alto,Credit Card,4.05
PAS000736,Madison Tillman,mtillman@aol.com,+1-510-557-6793,2025-12-19,Palo Alto,Debit Card,4.94
PAS000737,Bruce Barker,bbarker@hotmail.com,+1-707-863-1591,2025-12-16,Berkeley,Credit Card,4.5
PAS000738,Brittany Stevens,brittany.stevens@hotmail.com,+1-408-653-9112,2026-02-18,SOMA,Credit Card,4.81
PAS000739,Denise Lindsey,denise.l@aol.com,+1-925-895-9588,2026-01-18,Financial District,Credit Card,3.63
PAS000740,Diane Norton,diane.n@hotmail.com,+1-707-227-4883,2025-05-04,North Beach,Credit Card,4.72
PAS000741,Rachel Nunez,rachel.nunez@outlook.com,+1-415-583-4761,2026-04-25,Chinatown,Credit Card,4.55
PAS000742,Sharon Santos,sharon78@outlook.com,+1-408-391-2980,2026-04-10,Marina,Debit Card,4.4
PAS000743,Jose Berg,jose58@aol.com,+1-415-913-5533,2026-04-18,San Jose,Credit Card,4.01
PAS000744,Marie Young,marieyoung@outlook.com,+1-408-256-5502,2025-02-23,Mission District,Apple Pay,4.88
PAS000745,Alexander Johnson,alexanderjohnson@yahoo.com,+1-925-230-6148,2024-08-04,Mission District,Debit Card,4.54
PAS000746,Barbara Wells,barbara62@icloud.com,+1-408-745-8404,2026-03-07,Oakland,Apple Pay,4.65
PAS000747,Dylan Woodard,dylanwoodard@hotmail.com,+1-831-678-5606,2025-11-26,Oakland,Credit Card,4.69
PAS000748,Kelly Gross,kgross@outlook.com,+1-415-453-4578,2026-01-01,Palo Alto,Apple Pay,4.48
PAS000749,Paul Knox,paul.k@icloud.com,+1-209-470-2826,2026-03-15,Castro,Credit Card,4.82
PAS000750,Jordan Tucker,jordan.t@hotmail.com,+1-510-254-2454,2025-10-12,Downtown SF,Apple Pay,3.42
PAS000751,Amanda Cantu,acantu@gmail.com,+1-209-746-2805,2026-04-03,Oakland,Credit Card,4.51
PAS000752,Jordan Casey,jcasey@hotmail.com,+1-925-806-8560,2025-08-18,North Beach,PayPal,4.88
PAS000753,Arthur Sanford,arthursanford@icloud.com,+1-408-441-1355,2025-08-22,Haight-Ashbury,Credit Card,4.57
PAS000754,Daniel Sandoval,danielsandoval@hotmail.com,+1-209-871-7081,2026-04-09,Pacific Heights,PayPal,4.91
PAS000755,Randy Stafford,randy.s@yahoo.com,+1-707-223-6635,2026-01-18,Oakland,Debit Card,4.33
PAS000756,Ashley Dickson,ashleydickson@outlook.com,+1-415-390-8656,2025-08-08,Downtown SF,Debit Card,4.61
PAS000757,Emily Melton,emelton@hotmail.com,+1-831-974-8707,2026-01-25,Downtown SF,Apple Pay,4.63
PAS000758,Andrea Hughes,andrea.h@aol.com,+1-510-363-3987,2025-12-11,Marina,Credit Card,4.38
PAS000759,Vincent Mathews,vincentmathews@icloud.com,+1-510-330-4073,2026-03-06,North Beach,Apple Pay,4.47
PAS000760,Noah Blake,noah.b@aol.com,+1-925-888-2678,2025-11-23,Berkeley,Apple Pay,4.06
PAS000761,Louis Carroll,lcarroll@outlook.com,+1-209-209-6479,2025-11-19,Mountain View,Credit Card,4.74
PAS000762,Marie Nixon,mnixon@icloud.com,+1-510-976-1735,2026-04-11,Oakland,Credit Card,3.43
PAS000763,Bobby Hensley,bobby92@gmail.com,+1-415-637-5379,2026-03-20,Downtown SF,Apple Pay,4.82
PAS000764,Christian Hill,christian.h@yahoo.com,+1-925-651-9698,2026-04-08,Berkeley,Credit Card,3.41
PAS000765,Jonathan Mclean,jonathan.mclean@yahoo.com,+1-925-729-6755,2026-04-12,North Beach,Credit Card,3.84
PAS000766,Jason Mueller,jason52@aol.com,+1-415-498-5297,2026-04-20,Financial District,Cash,4.62
PAS000767,Kimberly Miranda,kimberly.m@gmail.com,+1-415-393-2928,2026-04-19,Palo Alto,Debit Card,4.84
PAS000768,Evelyn Weeks,evelynweeks@aol.com,+1-831-462-5025,2025-12-13,Berkeley,Apple Pay,4.79
PAS000769,Nancy Savage,nancy.s@hotmail.com,+1-925-467-5377,2025-04-30,Mountain View,Credit Card,4.8
PAS000770,David Dodson,david.d@hotmail.com,+1-408-224-4275,2026-04-25,SOMA,Cash,4.44
PAS000771,Bruce Torres,bruce69@outlook.com,+1-415-930-6607,2026-03-06,SOMA,Debit Card,4.18
PAS000772,Adam Shepard,adam.shepard@gmail.com,+1-707-362-4386,2026-04-11,Palo Alto,Apple Pay,4.05
PAS000773,Albert Green,albert.g@icloud.com,+1-831-590-4208,2026-02-24,Marina,Apple Pay,4.7
PAS000774,Jennifer Crosby,jennifercrosby@hotmail.com,+1-831-561-5337,2026-03-07,Downtown SF,PayPal,4.34
PAS000775,Gary Allen,gary.a@aol.com,+1-510-561-5508,2026-04-24,San Jose,Cash,4.13
PAS000776,Jessica Daniels,jdaniels@yahoo.com,+1-650-226-2924,2025-10-31,SOMA,Credit Card,4.79
PAS000777,Bruce Faulkner,brucefaulkner@gmail.com,+1-707-204-1360,2026-04-17,Pacific Heights,Apple Pay,3.8
PAS000778,Steven Bradley,steven.b@yahoo.com,+1-415-976-7299,2026-03-02,Mountain View,Cash,4.08
PAS000779,Terry Tran,terry17@icloud.com,+1-510-909-1533,2026-01-07,Financial District,Debit Card,4.34
PAS000780,Jacob Reyes,jacob54@icloud.com,+1-925-925-8344,2025-11-15,Marina,Apple Pay,4.7
PAS000781,Terry Gates,tgates@icloud.com,+1-209-409-9608,2026-04-23,Berkeley,Debit Card,4.86
PAS000782,Joshua Saunders,joshua52@yahoo.com,+1-510-583-2386,2026-04-29,Chinatown,Debit Card,4.52
PAS000783,Kenneth Knox,kennethknox@icloud.com,+1-650-647-5497,2025-05-24,Palo Alto,Credit Card,4.77
PAS000784,Kimberly Brennan,kimberly.brennan@icloud.com,+1-707-389-6936,2025-12-30,Castro,Cash,4.06
PAS000785,Diana Golden,dgolden@icloud.com,+1-510-544-6545,2026-04-23,Financial District,Credit Card,4.3
PAS000786,David Newton,david.n@gmail.com,+1-831-945-6379,2026-01-31,Palo Alto,Credit Card,4.3
PAS000787,Nicole Estrada,nestrada@outlook.com,+1-510-891-6547,2026-03-31,Downtown SF,Debit Card,4.83
PAS000788,Tiffany Copeland,tiffany.c@hotmail.com,+1-510-930-6330,2025-10-02,Berkeley,Credit Card,3.97
PAS000789,Linda Juarez,lindajuarez@aol.com,+1-925-495-7671,2026-04-24,Berkeley,Credit Card,4.48
PAS000790,Justin Hall,justin40@gmail.com,+1-209-622-6916,2025-04-01,Castro,Debit Card,3.58
PAS000791,Alexander Berg,alexanderberg@hotmail.com,+1-707-720-9368,2026-03-01,Mission District,Debit Card,4.86
PAS000792,Jessica Trujillo,jessicatrujillo@outlook.com,+1-209-994-6402,2025-11-15,Pacific Heights,Credit Card,3.82
PAS000793,Zachary Robles,zrobles@outlook.com,+1-925-581-3947,2025-11-01,Castro,Credit Card,4.59
PAS000794,Larry Wallace,larrywallace@icloud.com,+1-209-351-5726,2026-02-19,Berkeley,Credit Card,4.51
PAS000795,Jesse Hammond,jesse.h@outlook.com,+1-415-217-9084,2026-04-23,Downtown SF,PayPal,3.92
PAS000796,Tiffany Christensen,tiffany52@icloud.com,+1-925-760-6087,2026-02-06,Financial District,Credit Card,4.74
PAS000797,Roy Larsen,roy69@aol.com,+1-510-646-7985,2025-10-13,SOMA,Debit Card,4.9
PAS000798,Ronald Kerr,rkerr@aol.com,+1-209-320-3523,2025-09-20,Castro,Credit Card,4.34
PAS000799,Janet Brennan,janet38@gmail.com,+1-650-995-8379,2026-03-25,Haight-Ashbury,Debit Card,4.52
PAS000800,Zachary Sandoval,zachary.sandoval@outlook.com,+1-925-326-3537,2026-02-15,Mountain View,Credit Card,4.67
PAS000801,Ethan Porter,ethanporter@aol.com,+1-209-606-6905,2026-04-11,Marina,Debit Card,4.37
PAS000802,Thomas Mcbride,thomas.mcbride@aol.com,+1-408-482-2691,2026-04-16,North Beach,Credit Card,4.84
PAS000803,Brittany Evans,brittany17@hotmail.com,+1-707-544-4942,2026-02-27,San Jose,Debit Card,4.02
PAS000804,Justin Burnett,justin.b@hotmail.com,+1-707-645-4069,2026-02-26,Mission District,Debit Card,4.83
PAS000805,Adam Livingston,adamlivingston@yahoo.com,+1-707-873-8924,2026-03-01,Berkeley,Credit Card,4.71
PAS000806,Emma Mosley,emma.m@gmail.com,+1-707-976-1127,2025-04-22,Pacific Heights,Credit Card,4.7
PAS000807,Philip Solomon,philip.solomon@icloud.com,+1-831-977-1832,2025-12-18,Pacific Heights,Credit Card,4.96
PAS000808,Stephanie Wood,stephanie.wood@hotmail.com,+1-707-896-8725,2026-02-04,Chinatown,Credit Card,3.92
PAS000809,Samuel Snyder,samuel.s@outlook.com,+1-408-428-7405,2025-03-30,Chinatown,Debit Card,3.67
PAS000810,Jerry Roberts,jerryroberts@gmail.com,+1-831-236-9577,2026-02-20,Financial District,PayPal,3.08
PAS000811,Terry Weiss,terry79@aol.com,+1-415-290-1547,2024-08-21,Castro,Credit Card,4.45
PAS000812,Virginia Morse,virginia.m@gmail.com,+1-510-310-7052,2025-12-28,Palo Alto,Credit Card,4.52
PAS000813,Timothy Fox,timothyfox@outlook.com,+1-925-249-1540,2025-11-11,Financial District,Apple Pay,4.3
PAS000814,Tiffany Dunn,tiffanydunn@aol.com,+1-408-784-8101,2025-11-27,Marina,Credit Card,4.25
PAS000815,Jacqueline Mejia,jacquelinemejia@gmail.com,+1-408-756-8332,2026-03-16,Chinatown,Credit Card,4.25
PAS000816,Carol Hendrix,carol.h@icloud.com,+1-408-740-5868,2026-04-06,Pacific Heights,Apple Pay,4.39
PAS000817,Evelyn Kent,ekent@outlook.com,+1-831-613-5070,2026-03-29,Berkeley,Credit Card,4.3
PAS000818,Anna Harrison,anna.h@yahoo.com,+1-925-724-2518,2026-04-29,SOMA,Apple Pay,4.83
PAS000819,Emma Ryan,eryan@hotmail.com,+1-209-484-3439,2025-12-28,Berkeley,Credit Card,4.51
PAS000820,Joyce Drake,joyce.drake@hotmail.com,+1-209-863-4180,2026-01-30,San Jose,Cash,4.9
PAS000821,Alexis Wagner,alexis.w@outlook.com,+1-831-445-8247,2026-01-09,Financial District,Debit Card,4.15
PAS000822,Albert Casey,albert.casey@aol.com,+1-209-654-5953,2026-01-03,Pacific Heights,Credit Card,4.61
PAS000823,Billy Harding,billy31@outlook.com,+1-209-879-2446,2026-04-02,Pacific Heights,Cash,4.5
PAS000824,Angela Charles,angelacharles@icloud.com,+1-707-455-2504,2025-12-01,San Jose,Credit Card,4.5
PAS000825,Katherine Clarke,kclarke@hotmail.com,+1-650-400-5573,2025-09-28,Downtown SF,PayPal,3.85
PAS000826,Michelle Holman,michelle.h@gmail.com,+1-831-474-7366,2026-02-09,Haight-Ashbury,Credit Card,4.31
PAS000827,Victoria Huynh,victoria.huynh@gmail.com,+1-650-342-3390,2026-03-25,Marina,Cash,4.37
PAS000828,Alan Buchanan,alanbuchanan@hotmail.com,+1-831-773-9038,2025-11-11,SOMA,Debit Card,4.24
PAS000829,Melissa Parker,mparker@yahoo.com,+1-408-697-5421,2026-01-27,Downtown SF,Debit Card,4.4
PAS000830,Heather Ortiz,heather.o@outlook.com,+1-209-508-9533,2025-09-13,Castro,Credit Card,4.59
PAS000831,Christian Maynard,christian.maynard@hotmail.com,+1-707-535-7308,2025-10-21,Oakland,Credit Card,4.03
PAS000832,Katherine Dorsey,kdorsey@aol.com,+1-707-671-9231,2026-04-17,Haight-Ashbury,Apple Pay,4.85
PAS000833,Grace Williams,grace16@hotmail.com,+1-510-952-3158,2025-12-04,Mountain View,Apple Pay,2.8
PAS000834,Diane Key,dkey@hotmail.com,+1-925-816-5324,2026-03-13,Marina,Credit Card,3.68
PAS000835,Henry Lawrence,hlawrence@gmail.com,+1-707-620-2759,2025-12-06,Pacific Heights,Credit Card,4.75
PAS000836,Christina Cochran,christina34@hotmail.com,+1-650-243-2006,2026-02-15,Pacific Heights,PayPal,3.74
PAS000837,Joshua Alvarez,joshua.a@outlook.com,+1-209-456-8469,2025-06-29,Berkeley,Cash,4.58
PAS000838,Betty Espinoza,betty.espinoza@yahoo.com,+1-707-284-2518,2025-09-05,Financial District,Debit Card,4.18
PAS000839,Sara Summers,sara.summers@hotmail.com,+1-831-583-2659,2026-03-23,Marina,PayPal,4.85
PAS000840,Laura Clayton,laura80@gmail.com,+1-510-840-5310,2026-04-24,Marina,Debit Card,4.29
PAS000841,Melissa Ryan,melissa.r@outlook.com,+1-831-620-4355,2026-03-31,SOMA,Credit Card,4.62
PAS000842,Hannah Huynh,hannah.huynh@hotmail.com,+1-650-412-4349,2025-08-15,Chinatown,Apple Pay,3.44
PAS000843,Matthew Johnson,matthew.johnson@aol.com,+1-510-954-9045,2026-01-12,Downtown SF,Apple Pay,4.93
PAS000844,Elizabeth Vazquez,elizabethvazquez@icloud.com,+1-510-741-5378,2026-04-03,Castro,Apple Pay,4.65
PAS000845,Judith Hendrix,judith.h@outlook.com,+1-707-832-1342,2026-04-18,Castro,Apple Pay,4.88
PAS000846,Kimberly Stafford,kimberlystafford@hotmail.com,+1-831-297-2852,2024-11-04,San Jose,Credit Card,4.29
PAS000847,Justin Perkins,justin.p@yahoo.com,+1-415-519-1102,2026-04-16,Oakland,Debit Card,4.63
PAS000848,Andrea Miranda,andrea.miranda@yahoo.com,+1-415-638-2258,2026-02-23,Downtown SF,Credit Card,4.41
PAS000849,Jordan Porter,jordan.porter@outlook.com,+1-209-494-6556,2026-03-27,San Jose,Credit Card,4.72
PAS000850,Stephanie Johns,stephanie24@outlook.com,+1-408-358-1716,2026-03-31,Pacific Heights,Credit Card,4.64
PAS000851,Gary Gray,garygray@outlook.com,+1-925-454-2425,2025-12-16,SOMA,Debit Card,3.66
PAS000852,Joyce Vincent,joyce62@outlook.com,+1-415-379-4631,2026-03-23,Marina,PayPal,4.34
PAS000853,Aaron Price,aaron62@hotmail.com,+1-415-628-3384,2025-05-25,Pacific Heights,Cash,3.53
PAS000854,Kyle Lamb,kyle52@yahoo.com,+1-831-667-3274,2025-11-02,Mountain View,Debit Card,4.85
PAS000855,Susan Curtis,scurtis@aol.com,+1-415-347-8449,2025-02-06,Berkeley,Credit Card,4.48
PAS000856,Benjamin Alexander,benjamin.alexander@hotmail.com,+1-831-763-8986,2026-04-11,Downtown SF,Apple Pay,4.7
PAS000857,Kelly Koch,kelly10@outlook.com,+1-510-991-2163,2026-02-20,SOMA,Credit Card,4.89
PAS000858,Nancy Shannon,nshannon@outlook.com,+1-408-384-4947,2025-07-16,Castro,Credit Card,4.93
PAS000859,Edward Pennington,edwardpennington@gmail.com,+1-707-479-9679,2025-11-30,Pacific Heights,Credit Card,4.52
PAS000860,Deborah Dudley,deborah99@gmail.com,+1-831-538-8750,2026-02-15,Palo Alto,Debit Card,3.89
PAS000861,Joseph Navarro,joseph84@yahoo.com,+1-650-310-9650,2026-01-17,Marina,Credit Card,4.27
PAS000862,William Guzman,williamguzman@outlook.com,+1-925-622-9656,2026-02-11,San Jose,Credit Card,4.74
PAS000863,Christine Cantu,christine97@aol.com,+1-510-787-1402,2026-03-27,SOMA,Debit Card,4.34
PAS000864,Vincent Nguyen,vincent.nguyen@aol.com,+1-510-530-5993,2025-10-11,Chinatown,Debit Card,4.46
PAS000865,Martha Scott,martha.scott@gmail.com,+1-408-394-5660,2026-04-25,Haight-Ashbury,Credit Card,4.85
PAS000866,Ethan Dickerson,ethandickerson@outlook.com,+1-408-982-4901,2026-01-05,Downtown SF,Credit Card,4.16
PAS000867,Benjamin Decker,benjamin57@yahoo.com,+1-209-917-1867,2025-11-10,Downtown SF,Apple Pay,4.84
PAS000868,Theresa Walls,theresa.walls@outlook.com,+1-925-438-8386,2025-05-24,Mountain View,Credit Card,4.88
PAS000869,Zachary Scott,zacharyscott@gmail.com,+1-209-210-5416,2026-02-22,North Beach,PayPal,4.5
PAS000870,Jessica Jordan,jessica33@aol.com,+1-650-765-4669,2025-12-26,Palo Alto,Credit Card,4.59
PAS000871,Jason Donaldson,jdonaldson@gmail.com,+1-209-857-9832,2026-02-06,Castro,Credit Card,4.7
PAS000872,Maria Velasquez,mvelasquez@outlook.com,+1-209-583-1603,2025-12-28,Castro,Apple Pay,4.72
PAS000873,Bryan Foster,bryanfoster@aol.com,+1-408-231-2133,2025-12-22,Downtown SF,Apple Pay,4.62
PAS000874,Alexis Summers,alexis.s@gmail.com,+1-831-821-9981,2026-03-02,Marina,Credit Card,3.65
PAS000875,Amy Bond,abond@icloud.com,+1-408-584-5710,2026-03-31,Oakland,Credit Card,4.7
PAS000876,Jacqueline Walker,jacqueline.w@aol.com,+1-925-940-5914,2026-04-22,Downtown SF,Credit Card,4.03
PAS000877,Jerry Pitts,jerry90@hotmail.com,+1-650-957-6473,2026-04-13,Financial District,Credit Card,4.75
PAS000878,Stephanie Espinoza,stephanie.espinoza@aol.com,+1-209-591-7040,2026-04-29,Downtown SF,Credit Card,4.79
PAS000879,Theresa Lindsey,theresalindsey@gmail.com,+1-209-750-6248,2026-04-17,Haight-Ashbury,PayPal,4.35
PAS000880,Donna Melendez,dmelendez@gmail.com,+1-650-620-1427,2026-04-03,San Jose,Debit Card,4.3
PAS000881,Steven Gillespie,sgillespie@aol.com,+1-510-324-8145,2026-03-14,Chinatown,Credit Card,4.21
PAS000882,Jennifer Wallace,jennifer.w@yahoo.com,+1-831-203-2114,2025-12-04,Financial District,Credit Card,3.74
PAS000883,Brenda Giles,brenda.g@gmail.com,+1-209-250-1802,2026-04-03,Palo Alto,Credit Card,4.92
PAS000884,Ronald Fernandez,rfernandez@aol.com,+1-650-740-1395,2025-03-05,Castro,Cash,4.36
PAS000885,Lori Barrera,lori.b@outlook.com,+1-209-702-9122,2025-07-30,San Jose,Credit Card,4.72
PAS000886,Richard Ruiz,richard.r@outlook.com,+1-650-914-7319,2026-04-09,Chinatown,Credit Card,4.78
PAS000887,Kimberly Sullivan,kimberly.s@hotmail.com,+1-831-863-7573,2026-04-17,Pacific Heights,Credit Card,3.99
PAS000888,Christina Walker,cwalker@yahoo.com,+1-707-808-6931,2025-10-01,Haight-Ashbury,Cash,4.25
PAS000889,Ralph Chen,ralph.chen@icloud.com,+1-650-352-1604,2025-11-15,Castro,Credit Card,4.32
PAS000890,Donald Duncan,dduncan@yahoo.com,+1-209-489-9694,2026-03-25,San Jose,Apple Pay,4.26
PAS000891,Lori Oneill,lori32@gmail.com,+1-415-707-6847,2026-04-09,Mission District,Debit Card,4.97
PAS000892,Adam Golden,adam.g@outlook.com,+1-209-393-6949,2026-04-27,Chinatown,Cash,3.37
PAS000893,Donald Dodson,donald.dodson@outlook.com,+1-209-468-9349,2026-03-04,North Beach,Credit Card,4.34
PAS000894,Larry Walter,larry.w@yahoo.com,+1-707-828-6457,2025-09-20,Oakland,Credit Card,4.56
PAS000895,Austin Drake,austin.d@yahoo.com,+1-707-595-8695,2026-03-19,San Jose,Credit Card,3.37
PAS000896,Ashley Rice,ashleyrice@gmail.com,+1-510-826-4279,2026-01-05,Downtown SF,Credit Card,4.21
PAS000897,Ralph Molina,rmolina@aol.com,+1-510-352-7250,2026-04-05,San Jose,Credit Card,4.18
PAS000898,Hannah Patterson,hannah.patterson@icloud.com,+1-831-799-4099,2026-03-24,Marina,Cash,4.78
PAS000899,Jack Barker,jack.barker@yahoo.com,+1-510-451-8837,2026-03-30,Chinatown,Debit Card,4.98
PAS000900,Sharon Nelson,snelson@icloud.com,+1-650-727-8822,2025-10-29,Castro,Credit Card,4.5
PAS000901,Cynthia Valdez,cynthia52@yahoo.com,+1-831-906-3812,2025-07-26,Downtown SF,Credit Card,4.38
PAS000902,Paul Moon,paul96@icloud.com,+1-209-459-8865,2026-04-24,Chinatown,Apple Pay,4.62
PAS000903,Ashley Hamilton,ashley.h@yahoo.com,+1-831-805-4227,2024-04-30,Pacific Heights,PayPal,4.4
PAS000904,Philip Espinoza,pespinoza@yahoo.com,+1-650-330-3251,2025-12-16,Financial District,Apple Pay,4.4
PAS000905,Jeffrey Gray,jgray@icloud.com,+1-831-543-1132,2025-01-20,San Jose,Credit Card,4.97
PAS000906,Gary Ashley,gary93@aol.com,+1-209-582-1908,2026-03-12,Castro,PayPal,4.71
PAS000907,Katherine Decker,kdecker@aol.com,+1-209-999-2292,2024-12-09,North Beach,Credit Card,4.1
PAS000908,Scott Cunningham,scottcunningham@aol.com,+1-925-416-5944,2026-04-14,Oakland,PayPal,4.94
PAS000909,Samantha Hudson,samanthahudson@icloud.com,+1-510-270-6413,2024-09-29,North Beach,Apple Pay,4.88
PAS000910,Alexander Wright,alexanderwright@outlook.com,+1-650-251-5451,2025-11-23,Chinatown,Credit Card,4.8
PAS000911,William Payne,william.p@aol.com,+1-707-661-6772,2026-02-11,Haight-Ashbury,Debit Card,4.36
PAS000912,Melissa Kline,melissakline@yahoo.com,+1-510-616-9779,2026-01-01,Haight-Ashbury,Cash,4.52
PAS000913,Judith Jones,judith.j@hotmail.com,+1-707-216-7549,2026-02-15,Financial District,Credit Card,4.74
PAS000914,Johnny Wise,johnny.w@aol.com,+1-925-472-2739,2026-04-14,Downtown SF,Credit Card,4.13
PAS000915,Kimberly Bailey,kimberly12@yahoo.com,+1-209-998-8765,2024-10-07,Pacific Heights,Credit Card,4.88
PAS000916,Danielle Hawkins,danielle54@icloud.com,+1-650-317-1022,2026-01-22,Mission District,Credit Card,4.91
PAS000917,Gerald Howard,gerald.h@aol.com,+1-831-825-2861,2025-12-30,Marina,Apple Pay,4.09
PAS000918,Michelle Donaldson,michelledonaldson@hotmail.com,+1-209-528-4442,2025-11-23,Chinatown,Apple Pay,4.87
PAS000919,Brandon Farrell,brandon.farrell@gmail.com,+1-510-532-9183,2025-09-23,Downtown SF,Apple Pay,4.85
PAS000920,Edward Holloway,edward68@outlook.com,+1-415-858-2515,2026-04-09,Palo Alto,PayPal,4.55
PAS000921,Joyce Pratt,joycepratt@outlook.com,+1-650-509-6477,2026-03-12,Mountain View,Credit Card,4.46
PAS000922,Samuel Houston,samuelhouston@gmail.com,+1-650-326-4776,2026-04-27,Castro,Credit Card,4.35
PAS000923,Tiffany Cobb,tiffany.c@aol.com,+1-650-347-5095,2025-09-07,Financial District,Debit Card,4.31
PAS000924,Larry Jones,larry.jones@outlook.com,+1-408-882-5834,2025-12-29,Marina,Debit Card,4.68
PAS000925,Stephen Gilmore,stephen.gilmore@icloud.com,+1-707-465-8737,2025-10-27,Oakland,Credit Card,4.01
PAS000926,Richard Osborn,rosborn@gmail.com,+1-408-784-9609,2024-05-24,Palo Alto,Credit Card,4.76
PAS000927,Karen Diaz,karen.d@hotmail.com,+1-510-600-4111,2025-08-01,Castro,Credit Card,4.31
PAS000928,Paul Ward,paul.ward@aol.com,+1-650-200-3792,2026-03-04,SOMA,Cash,4.53
PAS000929,Justin Tillman,jtillman@hotmail.com,+1-831-268-7274,2025-11-28,Chinatown,Apple Pay,4.64
PAS000930,David Richmond,drichmond@hotmail.com,+1-510-741-6501,2025-11-23,Pacific Heights,Debit Card,4.61
PAS000931,Ashley Spencer,ashleyspencer@outlook.com,+1-831-568-1202,2026-02-04,SOMA,Credit Card,4.67
PAS000932,Terry Luna,terry.luna@hotmail.com,+1-831-913-6234,2026-01-07,Chinatown,Cash,4.54
PAS000933,Sandra Wiley,sandra.w@gmail.com,+1-707-944-8756,2026-03-06,Chinatown,Apple Pay,4.78
PAS000934,Carol Hatfield,carol17@yahoo.com,+1-925-806-3920,2026-03-23,SOMA,Credit Card,4.96
PAS000935,Nancy Blanchard,nancy.blanchard@aol.com,+1-925-363-5429,2026-04-24,Chinatown,Debit Card,4.99
PAS000936,Mark Zimmerman,mark24@gmail.com,+1-510-421-9408,2025-07-23,Castro,Credit Card,4.51
PAS000937,Marie Short,marie.s@yahoo.com,+1-510-491-3759,2026-04-14,Haight-Ashbury,Debit Card,4.5
PAS000938,Samuel Hunter,samuel.hunter@yahoo.com,+1-415-310-8376,2025-12-19,Pacific Heights,Cash,4.71
PAS000939,David Simpson,david.s@icloud.com,+1-925-918-6033,2025-11-03,Haight-Ashbury,Credit Card,4.07
PAS000940,Joe Lowery,joe.l@outlook.com,+1-831-572-5870,2026-04-01,Chinatown,Credit Card,4.66
PAS000941,Christopher Mckee,cmckee@yahoo.com,+1-510-453-7317,2026-03-24,North Beach,Credit Card,3.18
PAS000942,Lori Harrington,lori.harrington@outlook.com,+1-925-479-3027,2026-03-28,Mountain View,Credit Card,4.72
PAS000943,Benjamin Kelley,benjamin.kelley@icloud.com,+1-415-297-2611,2026-01-07,Marina,PayPal,4.71
PAS000944,Jessica Mccall,jessicamccall@yahoo.com,+1-510-567-7596,2026-02-27,Palo Alto,Credit Card,4.78
PAS000945,Harold Rose,harold40@yahoo.com,+1-925-932-1202,2026-04-25,Berkeley,Credit Card,4.05
PAS000946,Steven Guzman,sguzman@yahoo.com,+1-831-688-2338,2024-06-17,Oakland,Credit Card,4.89
PAS000947,Gary Shaw,garyshaw@hotmail.com,+1-408-975-5147,2025-01-07,SOMA,PayPal,4.92
PAS000948,Kathleen Bartlett,kbartlett@gmail.com,+1-209-685-7305,2025-07-09,Downtown SF,Credit Card,4.1
PAS000949,Helen Owens,helenowens@aol.com,+1-209-855-7989,2026-03-03,Berkeley,Credit Card,3.82
PAS000950,Diane Guerra,diane.guerra@icloud.com,+1-209-698-3196,2025-09-19,Mission District,Credit Card,4.37
PAS000951,David Hess,david93@yahoo.com,+1-925-904-1848,2026-02-25,Downtown SF,Credit Card,4.31
PAS000952,Kathleen Matthews,kathleen.matthews@hotmail.com,+1-510-219-9078,2025-06-23,Mountain View,Debit Card,4.83
PAS000953,Donna Houston,donnahouston@hotmail.com,+1-925-387-8082,2026-04-24,Castro,Debit Card,4.69
PAS000954,Justin Morgan,justin.m@icloud.com,+1-408-807-3914,2025-06-22,North Beach,Debit Card,4.49
PAS000955,Christina Nunez,christina.n@hotmail.com,+1-650-424-2694,2025-08-13,San Jose,Apple Pay,3.87
PAS000956,Julia Boyd,julia.b@yahoo.com,+1-831-863-4140,2025-12-09,Oakland,Credit Card,4.87
PAS000957,Bruce Wagner,bruce.w@aol.com,+1-831-728-1349,2026-04-11,North Beach,Credit Card,4.42
PAS000958,Louis Nelson,louisnelson@aol.com,+1-408-560-8481,2026-04-20,San Jose,Debit Card,4.02
PAS000959,Albert Ortega,albert.o@icloud.com,+1-707-792-4854,2026-01-21,Mission District,Credit Card,4.14
PAS000960,Charles Shields,charles.s@icloud.com,+1-650-890-2325,2025-11-15,Oakland,Debit Card,3.97
PAS000961,Edward Lloyd,edward41@aol.com,+1-209-937-1934,2026-01-19,Castro,Apple Pay,4.68
PAS000962,Mary Hardin,mary.hardin@outlook.com,+1-209-583-1100,2026-03-15,Berkeley,Debit Card,3.65
PAS000963,Carl Dodson,carl.d@hotmail.com,+1-831-402-6677,2026-04-03,North Beach,Credit Card,4.06
PAS000964,Dennis Hurst,dhurst@yahoo.com,+1-510-443-9959,2025-12-11,Mountain View,Debit Card,3.81
PAS000965,John Lamb,john84@gmail.com,+1-925-765-5578,2026-01-09,Berkeley,Credit Card,4.09
PAS000966,Carolyn Simon,carolynsimon@hotmail.com,+1-707-544-2651,2026-03-21,Marina,PayPal,4.84
PAS000967,Edward Nguyen,edward.n@gmail.com,+1-707-501-2577,2025-12-12,Financial District,Apple Pay,4.33
PAS000968,Joyce Lane,joyce94@gmail.com,+1-510-226-7729,2026-04-13,North Beach,Credit Card,4.72
PAS000969,Helen Mcguire,helenmcguire@outlook.com,+1-408-611-6824,2026-02-10,Berkeley,Apple Pay,4.05
PAS000970,Bryan Hernandez,bryan.hernandez@hotmail.com,+1-510-703-4888,2026-02-10,North Beach,Apple Pay,4.94
PAS000971,Andrew Wells,andrew40@yahoo.com,+1-831-918-8976,2025-09-04,Palo Alto,PayPal,4.6
PAS000972,Keith Callahan,keithcallahan@aol.com,+1-650-421-9929,2026-03-04,Mission District,Debit Card,3.26
PAS000973,Emily Villarreal,evillarreal@gmail.com,+1-408-561-6033,2025-09-13,Oakland,PayPal,4.21
PAS000974,Joan Figueroa,joan.figueroa@gmail.com,+1-650-651-6196,2026-02-22,Financial District,Apple Pay,4.46
PAS000975,Adam Reid,adamreid@gmail.com,+1-510-513-4372,2026-03-25,Marina,Debit Card,3.5
PAS000976,Anthony Moore,anthony.m@outlook.com,+1-650-446-1882,2026-03-04,Palo Alto,Credit Card,4.84
PAS000977,Douglas Cain,douglas84@aol.com,+1-415-227-4848,2025-12-12,Palo Alto,Credit Card,4.43
PAS000978,Harold Jimenez,harold.jimenez@yahoo.com,+1-831-504-9964,2026-01-05,Castro,Cash,4.77
PAS000979,Kimberly Long,kimberly.long@gmail.com,+1-650-269-9205,2026-01-24,SOMA,Credit Card,4.83
PAS000980,Nicole Richardson,nicole.richardson@icloud.com,+1-510-658-1746,2026-04-17,SOMA,Credit Card,4.92
PAS000981,Terry Estrada,terry.estrada@outlook.com,+1-209-745-8300,2026-02-21,Oakland,Credit Card,4.22
PAS000982,Rose Spencer,rose.spencer@hotmail.com,+1-209-211-4434,2025-12-20,Oakland,Debit Card,4.49
PAS000983,Steven White,stevenwhite@aol.com,+1-925-880-9119,2025-12-10,Pacific Heights,Apple Pay,4.88
PAS000984,Jason Duncan,jason49@yahoo.com,+1-510-244-7739,2026-02-17,Castro,PayPal,4.14
PAS000985,Thomas Carter,thomas12@outlook.com,+1-415-267-1196,2025-12-30,Oakland,Cash,4.56
PAS000986,Justin Jordan,justin.jordan@yahoo.com,+1-707-575-6471,2026-02-25,Berkeley,Credit Card,4.87
PAS000987,Kyle Frost,kylefrost@gmail.com,+1-209-978-3404,2025-02-11,Oakland,PayPal,4.89
PAS000988,Wayne Medina,waynemedina@icloud.com,+1-707-633-8606,2026-04-18,SOMA,Apple Pay,4.14
PAS000989,Willie Hughes,whughes@gmail.com,+1-209-932-8437,2026-02-02,North Beach,Credit Card,4.66
PAS000990,Adam Wilkinson,adam66@gmail.com,+1-408-712-8870,2026-04-28,North Beach,Debit Card,4.7
PAS000991,Willie Watson,williewatson@icloud.com,+1-510-745-4657,2026-01-07,Financial District,Credit Card,4.75
PAS000992,Kyle Acevedo,kyleacevedo@gmail.com,+1-925-718-8807,2025-10-14,Marina,Apple Pay,4.66
PAS000993,Elizabeth Alvarado,elizabeth.alvarado@icloud.com,+1-925-526-6596,2026-04-22,Berkeley,Debit Card,4.34
PAS000994,Keith Contreras,keith.contreras@aol.com,+1-209-941-4659,2026-04-28,Pacific Heights,Debit Card,4.54
PAS000995,Sandra Landry,sandra.landry@outlook.com,+1-831-997-6106,2026-03-16,Berkeley,Apple Pay,4.14
PAS000996,Kathryn Baker,kathryn.baker@hotmail.com,+1-209-526-9355,2026-03-01,Castro,Cash,3.37
PAS000997,Joe Hawkins,joe.hawkins@icloud.com,+1-707-444-7411,2026-03-14,Berkeley,Cash,4.68
PAS000998,Emily Scott,emily56@hotmail.com,+1-408-985-4859,2025-02-28,Financial District,Credit Card,4.99
PAS000999,George Hutchinson,george.h@hotmail.com,+1-925-231-7726,2025-08-10,Marina,Cash,4.36
PAS001000,Terry Patrick,tpatrick@gmail.com,+1-650-255-8671,2026-04-25,Oakland,Credit Card,4.92
PAS001001,Karen Cochran,kcochran@icloud.com,+1-925-390-1903,2026-01-30,Oakland,Credit Card,4.33
PAS001002,Raymond Gates,raymond97@aol.com,+1-707-973-4588,2024-08-13,Oakland,Apple Pay,4.25
PAS001003,Samantha Fitzgerald,samantha.fitzgerald@outlook.com,+1-831-666-8667,2026-01-04,Berkeley,Apple Pay,4.58
PAS001004,Keith Hull,keith.h@yahoo.com,+1-650-308-1512,2026-04-08,Berkeley,Credit Card,4.53
PAS001005,Elizabeth Vance,elizabeth.vance@hotmail.com,+1-415-987-6084,2025-11-08,North Beach,Apple Pay,4.23
PAS001006,Johnny Bailey,johnnybailey@hotmail.com,+1-831-308-8267,2025-11-16,Castro,Debit Card,4.87
PAS001007,Lori Marks,lori.marks@hotmail.com,+1-510-223-6089,2025-11-18,Chinatown,Credit Card,4.65
PAS001008,Kelly Grimes,kelly.grimes@icloud.com,+1-831-463-5479,2026-04-17,SOMA,Credit Card,4.64
PAS001009,Douglas Tran,douglas47@outlook.com,+1-415-912-5239,2025-12-04,Financial District,PayPal,4.76
PAS001010,Austin Mosley,austin.mosley@gmail.com,+1-415-320-9226,2026-03-07,North Beach,Credit Card,4.86
PAS001011,Megan Thomas,meganthomas@yahoo.com,+1-707-674-1770,2025-07-26,Berkeley,Credit Card,3.56
PAS001012,Pamela Valdez,pamelavaldez@gmail.com,+1-209-450-3205,2026-01-13,Pacific Heights,Cash,4.24
PAS001013,Dennis Valdez,dennis.v@icloud.com,+1-209-873-5200,2025-11-21,Financial District,Apple Pay,3.93
PAS001014,Kathryn Murphy,kathryn.murphy@hotmail.com,+1-408-725-2656,2026-04-08,San Jose,Credit Card,4.03
PAS001015,Noah Navarro,noah.n@aol.com,+1-650-467-7618,2026-04-09,Palo Alto,Debit Card,3.51
PAS001016,Lawrence Dixon,ldixon@gmail.com,+1-925-740-2985,2026-01-09,Mission District,Credit Card,4.35
PAS001017,Wayne Spencer,wayne.spencer@icloud.com,+1-831-986-5725,2026-02-06,Marina,Debit Card,4.32
PAS001018,Paul Baldwin,paul20@hotmail.com,+1-831-580-2587,2026-04-20,Chinatown,Apple Pay,3.9
PAS001019,Ashley Wagner,ashley69@icloud.com,+1-510-686-1931,2025-10-10,Downtown SF,Debit Card,4.47
PAS001020,Gary Saunders,gsaunders@hotmail.com,+1-408-946-3532,2026-03-28,Castro,Credit Card,4.6
PAS001021,Maria Hardin,maria.hardin@aol.com,+1-707-415-7224,2026-03-14,SOMA,Credit Card,4.11
PAS001022,Benjamin Myers,benjaminmyers@yahoo.com,+1-510-274-6514,2025-05-09,Pacific Heights,Debit Card,4.48
PAS001023,Margaret Key,margaret.key@icloud.com,+1-415-855-3252,2025-08-22,Downtown SF,Credit Card,4.84
PAS001024,Maria Lopez,maria.lopez@yahoo.com,+1-831-865-4340,2026-04-06,Downtown SF,Credit Card,4.54
PAS001025,William Ayala,williamayala@gmail.com,+1-925-471-3686,2025-12-03,Oakland,Credit Card,4.49
PAS001026,Adam Calhoun,adamcalhoun@aol.com,+1-707-404-5350,2026-03-11,Oakland,PayPal,3.93
PAS001027,Paul Huff,paul.huff@gmail.com,+1-831-311-6122,2026-03-14,Oakland,Apple Pay,3.55
PAS001028,Emma Cherry,emma.c@hotmail.com,+1-925-952-3321,2026-04-01,Haight-Ashbury,Credit Card,4.38
PAS001029,Olivia Hughes,olivia78@hotmail.com,+1-707-414-8185,2026-04-21,San Jose,PayPal,3.98
PAS001030,Ethan Clayton,ethanclayton@outlook.com,+1-650-937-7041,2026-04-03,Downtown SF,Apple Pay,3.77
PAS001031,Harold Fisher,harold.f@icloud.com,+1-925-232-3997,2026-03-16,San Jose,Credit Card,4.62
PAS001032,Deborah Marshall,deborah34@icloud.com,+1-707-807-4768,2026-01-19,Palo Alto,Credit Card,4.61
PAS001033,Rachel Winters,rachelwinters@aol.com,+1-707-860-3808,2026-02-20,Chinatown,Debit Card,4.36
PAS001034,Terry Allen,terry.allen@outlook.com,+1-707-246-9144,2026-03-20,Berkeley,Debit Card,4.96
PAS001035,Alan Ellison,alan.e@aol.com,+1-209-416-6909,2026-02-13,Pacific Heights,Apple Pay,3.84
PAS001036,Emma Ford,emmaford@hotmail.com,+1-209-704-9006,2025-10-27,North Beach,Credit Card,3.61
PAS001037,Nicholas Klein,nicholas.k@outlook.com,+1-925-801-5018,2026-04-20,Downtown SF,Debit Card,4.67
PAS001038,Brandon Horn,brandon.horn@gmail.com,+1-831-208-7332,2026-01-17,Financial District,Credit Card,4.91
PAS001039,Harold Winters,hwinters@hotmail.com,+1-831-328-8495,2026-04-14,Castro,PayPal,4.61
PAS001040,Janet Carroll,jcarroll@icloud.com,+1-408-775-6761,2025-09-29,Mountain View,Debit Card,4.09
PAS001041,Albert Zimmerman,azimmerman@gmail.com,+1-510-343-2987,2026-02-15,Downtown SF,Credit Card,4.63
PAS001042,Angela Clark,angelaclark@hotmail.com,+1-925-562-4245,2026-01-23,Financial District,Debit Card,4.69
PAS001043,Christina Campbell,ccampbell@gmail.com,+1-408-344-5143,2025-12-19,North Beach,Credit Card,4.72
PAS001044,Linda Eaton,lindaeaton@outlook.com,+1-650-569-2706,2026-04-21,Berkeley,Credit Card,4.82
PAS001045,Jeremy Pittman,jeremy.pittman@aol.com,+1-831-992-1930,2026-04-08,Marina,Debit Card,4.25
PAS001046,Kimberly Wolf,kimberlywolf@aol.com,+1-925-452-9331,2026-03-30,Mountain View,Debit Card,4.52
PAS001047,Sara Paul,sarapaul@outlook.com,+1-707-359-4977,2026-04-05,Haight-Ashbury,Debit Card,4.67
PAS001048,Lisa Walter,lisa85@icloud.com,+1-831-943-5301,2025-05-16,Castro,Apple Pay,4.86
PAS001049,Brandon Church,brandon99@aol.com,+1-707-667-9307,2025-10-15,Mountain View,Debit Card,4.77
PAS001050,Sandra Fox,sandrafox@aol.com,+1-510-704-5716,2026-04-28,Oakland,Credit Card,4.39
PAS001051,Russell Holloway,rholloway@aol.com,+1-510-741-4745,2025-02-24,SOMA,Debit Card,4.76
PAS001052,Donna Nunez,donnanunez@yahoo.com,+1-408-603-3119,2026-04-26,North Beach,Credit Card,3.68
PAS001053,Heather Coleman,hcoleman@hotmail.com,+1-415-984-5534,2025-10-16,Downtown SF,Debit Card,4.7
PAS001054,Brenda Lang,brenda53@gmail.com,+1-510-367-7189,2026-04-11,Marina,PayPal,4.1
PAS001055,Martha Wood,martha.wood@hotmail.com,+1-415-339-3150,2026-04-05,Chinatown,Credit Card,4.83
PAS001056,Kimberly Mays,kimberly.mays@outlook.com,+1-925-895-6546,2026-03-07,Financial District,Apple Pay,3.99
PAS001057,Carolyn Boyd,carolynboyd@outlook.com,+1-831-702-8889,2025-10-09,San Jose,Apple Pay,4.35
PAS001058,Anna Nichols,anna.n@yahoo.com,+1-707-915-5341,2026-03-14,Marina,PayPal,4.7
PAS001059,Bobby Rios,brios@yahoo.com,+1-650-932-8216,2025-10-24,Chinatown,Cash,4.93
PAS001060,Sharon Meadows,sharon.m@yahoo.com,+1-510-552-2961,2026-03-30,Downtown SF,PayPal,4.72
PAS001061,Patricia Woods,patricia.woods@outlook.com,+1-209-974-3705,2026-03-13,Mission District,Credit Card,4.56
PAS001062,Angela Arnold,angela90@aol.com,+1-831-782-7269,2025-09-02,San Jose,Debit Card,4.97
PAS001063,Debra Hoffman,debra.hoffman@hotmail.com,+1-707-687-5073,2026-03-14,Mission District,Credit Card,4.83
PAS001064,Michael Chase,michael.chase@icloud.com,+1-408-267-8424,2026-03-12,Marina,PayPal,4.54
PAS001065,Linda Velazquez,linda82@gmail.com,+1-209-837-4433,2026-03-31,Palo Alto,Credit Card,4.61
PAS001066,Cynthia Golden,cynthiagolden@gmail.com,+1-650-826-8804,2025-09-27,Marina,Apple Pay,4.23
PAS001067,Stephen Hughes,stephen.h@hotmail.com,+1-415-985-3619,2026-04-10,Oakland,Apple Pay,4.7
PAS001068,Roy Dalton,roy95@icloud.com,+1-415-738-3447,2026-04-26,Haight-Ashbury,Debit Card,4.9
PAS001069,Marie Martin,marie.m@gmail.com,+1-209-354-3831,2025-09-28,Downtown SF,Credit Card,4.08
PAS001070,Grace Hendrix,ghendrix@gmail.com,+1-650-971-2986,2024-12-13,Chinatown,Debit Card,4.35
PAS001071,Madison Waters,madisonwaters@yahoo.com,+1-707-783-7775,2026-03-21,San Jose,Credit Card,3.65
PAS001072,Elizabeth Ford,elizabethford@gmail.com,+1-707-835-9455,2025-12-25,Berkeley,Apple Pay,4.82
PAS001073,Noah Conley,nconley@hotmail.com,+1-209-835-1484,2026-04-26,Marina,Debit Card,4.83
PAS001074,Kevin Hansen,kevin.h@icloud.com,+1-415-644-1049,2026-01-20,Mountain View,Credit Card,4.49
PAS001075,Bryan Mcbride,bmcbride@hotmail.com,+1-415-373-5582,2026-03-10,Mission District,Credit Card,4.09
PAS001076,Jeffrey Clark,jclark@icloud.com,+1-831-705-6727,2026-03-27,Chinatown,Cash,4.34
PAS001077,Olivia Tanner,olivia51@aol.com,+1-707-205-6550,2026-02-03,Financial District,Credit Card,4.53
PAS001078,Bobby Jenkins,bobby48@gmail.com,+1-925-833-8171,2026-02-20,SOMA,Credit Card,3.76
PAS001079,Amy Kramer,amy.k@hotmail.com,+1-831-331-8296,2025-10-06,SOMA,Debit Card,4.83
PAS001080,Keith Olsen,keith.olsen@icloud.com,+1-510-494-3200,2026-03-30,Downtown SF,Cash,3.87
PAS001081,Brandon Guerrero,brandon.g@hotmail.com,+1-707-247-5247,2026-02-21,Mountain View,Credit Card,4.28
PAS001082,Aaron Webb,awebb@outlook.com,+1-925-878-4168,2026-03-10,Mountain View,Cash,4.97
PAS001083,Emma Church,emma.c@hotmail.com,+1-510-635-7187,2025-12-04,North Beach,Credit Card,4.85
PAS001084,Angela Torres,angela.t@aol.com,+1-831-777-9368,2026-01-03,Berkeley,Credit Card,4.14
PAS001085,Ralph Clay,ralph78@outlook.com,+1-925-835-2234,2026-01-12,San Jose,Debit Card,4.19
PAS001086,Daniel Edwards,dedwards@outlook.com,+1-650-639-5746,2026-04-22,Mission District,Credit Card,4.13
PAS001087,Martha Hutchinson,marthahutchinson@aol.com,+1-209-750-6194,2026-01-08,Marina,Debit Card,4.77
PAS001088,Kyle Stafford,kyle.stafford@yahoo.com,+1-925-788-4485,2026-04-05,Mountain View,Credit Card,4.91
PAS001089,Mark Hartman,mark44@aol.com,+1-650-464-5044,2026-04-19,Mountain View,Credit Card,4.62
PAS001090,Nathan Bradshaw,nathan11@outlook.com,+1-415-499-1643,2025-12-25,North Beach,Apple Pay,4.17
PAS001091,Bruce Benton,bbenton@hotmail.com,+1-510-721-8324,2026-03-03,Castro,Credit Card,4.3
PAS001092,Tyler Best,tbest@aol.com,+1-650-975-1822,2025-01-18,Palo Alto,Credit Card,4.69
PAS001093,Ethan Richards,ethanrichards@outlook.com,+1-408-550-9131,2026-03-03,Mission District,Credit Card,4.75
PAS001094,Andrew Vazquez,avazquez@yahoo.com,+1-510-358-5082,2026-04-04,Downtown SF,Credit Card,3.98
PAS001095,Michael Morse,mmorse@aol.com,+1-707-801-2886,2026-03-12,Castro,Apple Pay,4.05
PAS001096,Cynthia Vargas,cynthiavargas@hotmail.com,+1-831-589-1323,2026-04-22,Downtown SF,Debit Card,4.5
PAS001097,Dylan Durham,dylan10@outlook.com,+1-408-617-1756,2026-02-21,Berkeley,Debit Card,4.77
PAS001098,Timothy King,timothy35@gmail.com,+1-408-852-7646,2025-12-27,Castro,Credit Card,4.72
PAS001099,Abigail Grant,abigail.g@icloud.com,+1-707-644-9783,2024-08-16,Pacific Heights,Apple Pay,3.18
PAS001100,Amber Dotson,adotson@gmail.com,+1-209-244-7982,2025-03-10,Downtown SF,Debit Card,4.83
PAS001101,Michael Conway,mconway@gmail.com,+1-925-445-5055,2025-10-07,Palo Alto,Credit Card,4.2
PAS001102,Joan Wright,joan16@aol.com,+1-510-947-8998,2026-02-24,Pacific Heights,Credit Card,4.88
PAS001103,Larry Hansen,larry.h@outlook.com,+1-510-876-7251,2026-04-28,Marina,Apple Pay,4.36
PAS001104,Keith York,keithyork@gmail.com,+1-707-689-9024,2026-01-14,San Jose,Apple Pay,2.87
PAS001105,Nicole Miller,nicole51@hotmail.com,+1-831-639-2997,2026-02-26,Chinatown,Apple Pay,4.88
PAS001106,Joshua Zimmerman,jzimmerman@hotmail.com,+1-510-480-3790,2026-04-12,North Beach,Credit Card,4.63
PAS001107,Martha Sawyer,martha.sawyer@hotmail.com,+1-510-943-9243,2025-12-15,Chinatown,Credit Card,4.74
PAS001108,Ethan Fox,ethanfox@aol.com,+1-925-902-3818,2026-04-29,Mission District,Debit Card,4.3
PAS001109,Gabriel Dixon,gabrieldixon@aol.com,+1-408-790-9587,2026-02-07,Mountain View,Apple Pay,4.15
PAS001110,Kenneth Bryant,kenneth.b@gmail.com,+1-415-672-3013,2026-02-17,Marina,PayPal,4.87
PAS001111,Emily Osborn,emily.osborn@hotmail.com,+1-925-723-5236,2026-01-28,Mountain View,PayPal,4.75
PAS001112,Marie Conley,mconley@outlook.com,+1-510-572-5356,2026-02-27,Mission District,Debit Card,4.04
PAS001113,Deborah Pruitt,dpruitt@outlook.com,+1-415-503-6171,2026-03-02,Haight-Ashbury,Apple Pay,4.16
PAS001114,Austin Benton,austin.b@gmail.com,+1-510-611-6080,2025-07-22,Castro,Debit Card,4.48
PAS001115,Nathan Melendez,nmelendez@aol.com,+1-209-969-7545,2026-02-20,Mountain View,Debit Card,4.65
PAS001116,Virginia Gallegos,vgallegos@outlook.com,+1-925-692-7456,2026-03-02,Downtown SF,Credit Card,4.21
PAS001117,Grace Burnett,grace.burnett@icloud.com,+1-707-856-3288,2026-04-13,Financial District,Credit Card,4.43
PAS001118,Christina Morton,christina52@yahoo.com,+1-510-702-6959,2026-03-13,Downtown SF,Credit Card,4.71
PAS001119,Pamela Blackburn,pamela.b@icloud.com,+1-209-741-3201,2026-04-29,Financial District,Apple Pay,4.27
PAS001120,Carl Maynard,carlmaynard@outlook.com,+1-707-506-5519,2025-11-29,SOMA,PayPal,4.86
PAS001121,Kevin Garcia,kevin.garcia@aol.com,+1-707-908-1665,2025-11-22,Haight-Ashbury,Debit Card,4.79
PAS001122,Marilyn Rose,marilyn.r@outlook.com,+1-408-860-9621,2025-08-19,Haight-Ashbury,Debit Card,3.35
PAS001123,Alexis Greer,alexis.greer@outlook.com,+1-209-343-6001,2026-01-12,Haight-Ashbury,Credit Card,4.43
PAS001124,Douglas Elliott,douglas.elliott@yahoo.com,+1-650-289-5209,2026-02-27,Marina,Credit Card,4.9
PAS001125,Joseph Arnold,joseph.a@aol.com,+1-408-780-4916,2026-03-23,Marina,Debit Card,4.04
PAS001126,Jennifer Chavez,jennifer.chavez@icloud.com,+1-925-884-1351,2026-03-13,Haight-Ashbury,Cash,3.51
PAS001127,Alexander Moody,alexander.m@hotmail.com,+1-707-735-9161,2025-01-11,Castro,Debit Card,4.11
PAS001128,Virginia Marshall,virginia99@hotmail.com,+1-650-783-7433,2025-11-12,Mission District,Cash,3.73
PAS001129,Debra Ward,debraward@outlook.com,+1-209-459-6676,2026-01-24,North Beach,Credit Card,4.68
PAS001130,Tiffany Shannon,tiffany37@gmail.com,+1-209-785-9949,2026-02-14,Marina,PayPal,4.71
PAS001131,Albert Maynard,albert.maynard@aol.com,+1-408-536-6719,2026-02-06,Haight-Ashbury,Cash,5.0
PAS001132,Adam Hendricks,adamhendricks@aol.com,+1-408-755-6822,2026-01-29,Berkeley,Debit Card,4.66
PAS001133,Philip Mercado,philip65@gmail.com,+1-209-869-9747,2026-01-11,Mountain View,Apple Pay,4.77
PAS001134,Andrew Harrington,aharrington@gmail.com,+1-510-814-2816,2026-02-13,San Jose,PayPal,3.91
PAS001135,Louis Woodard,louis26@outlook.com,+1-925-849-8709,2026-04-09,Haight-Ashbury,Debit Card,4.23
PAS001136,Randy Robertson,randyrobertson@outlook.com,+1-925-340-8071,2026-04-20,Chinatown,Debit Card,4.92
PAS001137,Patrick Griffin,patrick.g@outlook.com,+1-408-644-8887,2025-10-06,Financial District,Debit Card,4.76
PAS001138,Russell Chan,russell.chan@gmail.com,+1-650-870-9101,2024-09-13,Palo Alto,Credit Card,4.44
PAS001139,Karen Richmond,karen.r@hotmail.com,+1-650-209-4078,2026-04-23,Chinatown,Credit Card,4.79
PAS001140,Jane Avila,jane.avila@yahoo.com,+1-510-994-6985,2025-10-30,Oakland,Credit Card,4.93
PAS001141,Karen Giles,karen15@hotmail.com,+1-831-375-5992,2025-10-30,Palo Alto,Cash,4.32
PAS001142,Emily Saunders,emilysaunders@yahoo.com,+1-415-296-7401,2025-08-08,Castro,Credit Card,4.93
PAS001143,Adam Cameron,adamcameron@icloud.com,+1-408-894-6780,2025-12-26,Downtown SF,Debit Card,3.54
PAS001144,Teresa Mendez,teresamendez@aol.com,+1-650-592-3100,2026-03-07,Castro,Credit Card,4.93
PAS001145,Kathleen Landry,kathleen21@gmail.com,+1-408-254-9102,2026-04-02,Castro,Cash,4.48
PAS001146,Benjamin Russo,benjamin77@gmail.com,+1-925-363-2004,2026-03-18,SOMA,Cash,4.63
PAS001147,Larry Velasquez,larryvelasquez@hotmail.com,+1-415-699-5587,2025-12-06,Castro,Credit Card,4.91
PAS001148,Patricia Crosby,patriciacrosby@yahoo.com,+1-415-798-8628,2026-01-15,Downtown SF,Credit Card,4.57
PAS001149,Emily Tyler,emily.tyler@hotmail.com,+1-408-288-1394,2026-03-31,Mountain View,Credit Card,4.67
PAS001150,Joe Wilson,jwilson@gmail.com,+1-650-441-6382,2026-02-14,Berkeley,PayPal,4.74
PAS001151,Roy Curtis,rcurtis@outlook.com,+1-408-701-8146,2025-04-11,Castro,Credit Card,4.16
PAS001152,Debra Osborne,dosborne@gmail.com,+1-209-330-8271,2026-01-21,Castro,Credit Card,4.71
PAS001153,Cheryl Sandoval,cheryl53@hotmail.com,+1-510-495-8670,2026-03-27,Mission District,Credit Card,4.58
PAS001154,George Lang,glang@gmail.com,+1-707-899-5047,2026-04-26,Financial District,Cash,4.76
PAS001155,Sharon Finley,sharon.f@hotmail.com,+1-650-673-1835,2025-12-18,Palo Alto,Credit Card,4.84
PAS001156,Emily Reed,emily.reed@aol.com,+1-510-412-5172,2026-04-17,Palo Alto,Credit Card,4.51
PAS001157,Jeffrey Peck,jeffrey.p@gmail.com,+1-831-361-8742,2025-12-02,Financial District,PayPal,4.31
PAS001158,Amy Durham,amy88@icloud.com,+1-650-494-8314,2026-04-16,North Beach,Apple Pay,3.67
PAS001159,Edward Perkins,edward.perkins@yahoo.com,+1-415-426-8371,2025-11-29,Mountain View,Debit Card,4.45
PAS001160,Mark Crosby,markcrosby@outlook.com,+1-707-813-4971,2026-03-15,Financial District,Cash,4.72
PAS001161,Ralph Roman,rroman@aol.com,+1-510-494-3961,2026-03-21,Mission District,Debit Card,3.84
PAS001162,Amy Sanders,amysanders@yahoo.com,+1-415-923-7415,2026-04-17,Palo Alto,Credit Card,4.56
PAS001163,Abigail Lamb,abigail.lamb@gmail.com,+1-415-934-5523,2025-11-14,Palo Alto,PayPal,4.76
PAS001164,Nicholas Dunn,nicholas60@yahoo.com,+1-831-473-5753,2026-04-06,Pacific Heights,Credit Card,4.46
PAS001165,Rebecca Dixon,rdixon@icloud.com,+1-510-458-3414,2025-03-03,SOMA,Apple Pay,4.9
PAS001166,Roy Davis,roy.davis@outlook.com,+1-650-369-8232,2026-04-11,Haight-Ashbury,Cash,4.41
PAS001167,Kimberly Roth,kimberly40@yahoo.com,+1-209-720-1769,2026-02-10,Palo Alto,Debit Card,4.47
PAS001168,Bruce Trujillo,bruce.t@hotmail.com,+1-209-308-1923,2026-03-06,Financial District,Credit Card,4.82
PAS001169,Sharon Payne,sharon79@yahoo.com,+1-415-214-1714,2025-10-16,Financial District,Credit Card,4.28
PAS001170,Barbara Murphy,bmurphy@yahoo.com,+1-650-550-9429,2026-02-08,Berkeley,Apple Pay,4.91
PAS001171,Adam Strickland,astrickland@hotmail.com,+1-925-612-7056,2026-03-16,Chinatown,Debit Card,4.55
PAS001172,Joyce Cole,joycecole@icloud.com,+1-925-673-1455,2026-04-21,Marina,Credit Card,4.92
PAS001173,Justin Gill,justingill@yahoo.com,+1-650-928-5702,2026-04-22,Palo Alto,Credit Card,4.21
PAS001174,Dennis Richard,drichard@icloud.com,+1-925-989-2065,2025-05-20,Castro,Credit Card,4.94
PAS001175,Emma Christian,emma35@gmail.com,+1-209-520-9111,2025-10-08,Marina,Credit Card,4.17
PAS001176,Benjamin Bailey,benjamin75@gmail.com,+1-209-605-7334,2025-09-19,Castro,Credit Card,4.69
PAS001177,Randy Hatfield,randy.h@outlook.com,+1-707-621-1206,2026-04-03,Downtown SF,Apple Pay,4.11
PAS001178,Brittany Rios,brios@aol.com,+1-707-357-3987,2024-04-30,Financial District,PayPal,4.24
PAS001179,Diane Wise,diane76@aol.com,+1-650-290-1142,2026-04-28,Financial District,Debit Card,4.88
PAS001180,Kenneth Soto,kenneth26@gmail.com,+1-925-546-6785,2026-01-24,North Beach,Cash,4.84
PAS001181,Jesse Sanford,jessesanford@outlook.com,+1-650-435-8940,2026-02-13,Haight-Ashbury,Credit Card,4.05
PAS001182,Joyce Carter,joyce.carter@hotmail.com,+1-650-639-6028,2026-03-09,Marina,Credit Card,4.8
PAS001183,Joseph Weaver,jweaver@gmail.com,+1-510-425-8973,2026-04-21,SOMA,Credit Card,4.06
PAS001184,Amanda Joyce,amandajoyce@gmail.com,+1-415-834-4281,2026-02-21,Castro,PayPal,4.04
PAS001185,Brittany Burns,brittanyburns@icloud.com,+1-650-370-7050,2026-04-21,Downtown SF,Cash,3.46
PAS001186,Daniel Huynh,daniel.h@outlook.com,+1-650-770-5264,2026-04-05,Downtown SF,Credit Card,3.29
PAS001187,Judith Woodard,judith.w@hotmail.com,+1-408-817-1891,2026-04-23,Mountain View,Credit Card,4.35
PAS001188,Marie Montoya,mariemontoya@aol.com,+1-925-969-9172,2026-01-29,Haight-Ashbury,PayPal,4.85
PAS001189,Judith Mcintyre,judith.mcintyre@outlook.com,+1-650-518-5971,2026-04-11,Haight-Ashbury,Credit Card,4.2
PAS001190,Douglas Heath,douglas.h@hotmail.com,+1-408-641-1079,2026-03-29,Oakland,Debit Card,4.09
PAS001191,Arthur Tillman,arthurtillman@icloud.com,+1-831-717-3601,2025-10-23,Mountain View,Credit Card,3.64
PAS001192,Wayne Chase,wayne.c@hotmail.com,+1-707-793-3961,2026-04-07,Castro,Cash,4.28
PAS001193,Gabriel Horn,gabriel.h@outlook.com,+1-650-586-7231,2025-12-12,Financial District,Credit Card,4.11
PAS001194,Bobby Webb,bobbywebb@hotmail.com,+1-209-952-3602,2025-12-14,North Beach,Credit Card,4.33
PAS001195,Gary Fuentes,gfuentes@icloud.com,+1-650-684-1898,2026-04-22,Berkeley,Credit Card,4.23
PAS001196,Wayne Sherman,waynesherman@yahoo.com,+1-408-459-5119,2026-02-16,Mountain View,Credit Card,4.11
PAS001197,Douglas Larsen,douglas.larsen@gmail.com,+1-707-302-5886,2026-04-15,Financial District,Credit Card,4.61
PAS001198,Russell Dominguez,russell.d@gmail.com,+1-831-725-7485,2026-04-10,SOMA,PayPal,4.62
PAS001199,Keith Rush,keith.r@aol.com,+1-209-830-3775,2026-02-04,Pacific Heights,Credit Card,4.64
PAS001200,Nicholas Roach,nicholas.roach@yahoo.com,+1-707-285-9521,2026-02-13,Haight-Ashbury,Debit Card,4.2
PAS001201,Danielle Barton,danielle.barton@yahoo.com,+1-925-479-1770,2025-11-28,Palo Alto,Credit Card,4.65
PAS001202,Grace Walls,gracewalls@gmail.com,+1-408-757-1453,2026-04-02,Mission District,Credit Card,4.31
PAS001203,Diane Best,diane34@outlook.com,+1-831-799-2116,2026-02-27,San Jose,Debit Card,4.43
PAS001204,Paul Strickland,pstrickland@outlook.com,+1-408-846-1038,2025-12-14,Mission District,Cash,4.85
PAS001205,Ethan Shaw,ethan.shaw@gmail.com,+1-831-420-2569,2026-03-27,Chinatown,Cash,4.41
PAS001206,Emma Acosta,emma.acosta@gmail.com,+1-650-446-2628,2026-02-20,Castro,Credit Card,4.39
PAS001207,Joshua Hoffman,joshuahoffman@yahoo.com,+1-831-852-4552,2025-12-11,Oakland,Credit Card,4.91
PAS001208,Sarah French,sarah.f@icloud.com,+1-650-281-3751,2026-04-29,North Beach,Credit Card,4.61
PAS001209,Barbara Stephens,barbara.stephens@icloud.com,+1-831-695-4068,2026-04-06,Downtown SF,Credit Card,4.85
PAS001210,Mark Stephens,mark89@icloud.com,+1-415-450-2600,2026-03-08,Oakland,Credit Card,4.58
PAS001211,Cynthia Rich,cynthia72@outlook.com,+1-415-207-1093,2025-06-12,Berkeley,PayPal,4.87
PAS001212,Anthony Rasmussen,anthony.rasmussen@outlook.com,+1-831-550-4482,2025-02-22,Palo Alto,Debit Card,4.27
PAS001213,Ashley Warren,ashley47@icloud.com,+1-408-463-4583,2025-12-25,San Jose,Credit Card,4.42
PAS001214,Roger Orr,roger24@gmail.com,+1-707-491-9074,2026-03-23,Pacific Heights,Apple Pay,4.55
PAS001215,Christina Horne,christina.horne@outlook.com,+1-415-932-8408,2025-11-18,Downtown SF,Credit Card,4.64
PAS001216,Paul Hobbs,paul.h@yahoo.com,+1-415-460-1872,2026-03-13,Downtown SF,Credit Card,4.0
PAS001217,Danielle Lynch,danielle.l@gmail.com,+1-408-489-2868,2026-02-21,SOMA,Credit Card,4.67
PAS001218,Timothy Black,tblack@aol.com,+1-415-225-7138,2026-04-18,Palo Alto,Apple Pay,4.6
PAS001219,Denise Berry,denise32@aol.com,+1-510-759-4824,2026-01-07,SOMA,Apple Pay,4.63
PAS001220,Wayne Pitts,wpitts@outlook.com,+1-650-569-3417,2026-04-13,Oakland,Credit Card,4.6
PAS001221,David Hicks,davidhicks@gmail.com,+1-510-647-8656,2025-03-10,Financial District,PayPal,4.63
PAS001222,Raymond Zimmerman,raymond.z@aol.com,+1-408-371-7328,2026-03-30,North Beach,Apple Pay,4.73
PAS001223,Kathryn Robinson,kathryn.robinson@outlook.com,+1-209-717-2815,2026-04-24,Mission District,Debit Card,4.88
PAS001224,Douglas Montoya,dmontoya@aol.com,+1-650-812-1115,2026-03-18,SOMA,Debit Card,4.02
PAS001225,Samantha Powell,samanthapowell@icloud.com,+1-831-462-3773,2025-06-01,Haight-Ashbury,Credit Card,4.61
PAS001226,Joan Nunez,joannunez@yahoo.com,+1-415-829-5896,2026-04-23,Mission District,PayPal,3.69
PAS001227,Andrea Mckenzie,andrea.mckenzie@hotmail.com,+1-415-569-4233,2026-02-17,Mission District,Credit Card,4.62
PAS001228,Marilyn Lara,marilyn.lara@gmail.com,+1-707-228-8329,2026-01-30,Castro,PayPal,4.5
PAS001229,Samantha Williams,samantha77@icloud.com,+1-707-367-9974,2025-12-27,Pacific Heights,Cash,4.79
PAS001230,Joyce Rojas,joyce.rojas@yahoo.com,+1-209-716-5104,2026-01-24,Haight-Ashbury,Credit Card,4.18
PAS001231,Evelyn Oneill,evelyn.oneill@aol.com,+1-415-772-4722,2025-09-29,Downtown SF,PayPal,4.36
PAS001232,Albert Dorsey,albert60@aol.com,+1-925-241-6566,2025-09-16,Mountain View,Apple Pay,4.65
PAS001233,Roger Watkins,roger51@aol.com,+1-415-286-9151,2026-03-20,Mountain View,Cash,4.32
PAS001234,Dorothy Navarro,dnavarro@aol.com,+1-209-448-3253,2025-07-27,Chinatown,Credit Card,4.31
PAS001235,Melissa Mcconnell,melissa.mcconnell@aol.com,+1-408-333-1178,2026-04-28,Castro,Cash,4.84
PAS001236,Margaret Patel,margaret.patel@yahoo.com,+1-925-228-7998,2026-02-10,Mountain View,Debit Card,4.75
PAS001237,Ronald Bradford,ronald.bradford@gmail.com,+1-415-572-1482,2026-01-22,SOMA,Credit Card,4.2
PAS001238,Nicole Hall,nicole61@gmail.com,+1-510-890-8685,2026-01-26,Oakland,PayPal,4.62
PAS001239,Eugene Colon,eugene.colon@aol.com,+1-510-671-1803,2025-12-07,Oakland,Debit Card,4.15
PAS001240,Tyler Wise,tyler79@outlook.com,+1-831-722-7644,2025-08-29,Marina,Credit Card,4.34
PAS001241,Rose Lamb,roselamb@hotmail.com,+1-415-658-1413,2025-12-14,Pacific Heights,Credit Card,4.83
PAS001242,Gabriel Brady,gabriel.brady@yahoo.com,+1-510-791-2023,2025-11-29,Mountain View,Apple Pay,3.94
PAS001243,Ashley Sullivan,ashley45@aol.com,+1-831-711-7588,2026-04-28,North Beach,Credit Card,3.58
PAS001244,Nathan Larsen,nathan.l@hotmail.com,+1-650-474-7538,2025-12-26,Berkeley,Cash,3.18
PAS001245,Linda Powell,linda.powell@icloud.com,+1-650-296-8370,2026-04-28,Haight-Ashbury,Credit Card,4.39
PAS001246,Brandon Mathis,bmathis@outlook.com,+1-415-332-3499,2025-08-03,Oakland,Cash,4.38
PAS001247,Timothy Camacho,timothy10@aol.com,+1-707-435-6002,2025-12-19,North Beach,Apple Pay,4.22
PAS001248,Martha Hunt,mhunt@aol.com,+1-650-530-4106,2026-04-07,Berkeley,PayPal,4.57
PAS001249,Joshua Morales,joshua89@aol.com,+1-650-744-5387,2025-09-28,Chinatown,Credit Card,4.29
PAS001250,Arthur Camacho,arthurcamacho@hotmail.com,+1-209-378-8513,2026-04-23,SOMA,PayPal,4.83
PAS001251,Joe Meadows,joemeadows@aol.com,+1-707-917-8743,2026-04-04,Mountain View,Credit Card,4.56
PAS001252,Alexis Donaldson,alexisdonaldson@aol.com,+1-925-230-4976,2026-01-10,Financial District,PayPal,4.5
PAS001253,Keith Fischer,kfischer@yahoo.com,+1-925-984-7293,2026-04-16,Pacific Heights,PayPal,4.41
PAS001254,Harold Klein,haroldklein@aol.com,+1-209-454-4809,2025-11-26,Castro,Debit Card,4.43
PAS001255,Emily Hancock,emily96@yahoo.com,+1-408-817-2268,2026-01-22,Chinatown,Credit Card,3.94
PAS001256,Deborah Sheppard,dsheppard@outlook.com,+1-650-359-8754,2026-04-15,Marina,Credit Card,3.97
PAS001257,Christine Guerrero,christine40@gmail.com,+1-831-845-3589,2026-02-23,Downtown SF,Credit Card,4.85
PAS001258,Anthony Christian,anthonychristian@yahoo.com,+1-925-998-1968,2026-02-12,Mission District,PayPal,4.38
PAS001259,Shirley Marshall,shirley21@outlook.com,+1-408-461-6625,2026-02-13,SOMA,Credit Card,4.31
PAS001260,Henry Alvarado,henryalvarado@icloud.com,+1-831-386-4557,2026-04-06,Marina,Debit Card,4.25
PAS001261,Janet Johns,janet14@hotmail.com,+1-925-572-6948,2026-01-10,San Jose,Credit Card,3.78
PAS001262,Kimberly Wallace,kimberly93@yahoo.com,+1-925-497-3413,2025-09-15,Mission District,Cash,4.39
PAS001263,Karen Barnes,karen69@hotmail.com,+1-925-500-6446,2026-02-09,North Beach,PayPal,4.65
PAS001264,Logan Parsons,logan.parsons@aol.com,+1-925-383-5919,2026-04-25,Haight-Ashbury,Credit Card,4.57
PAS001265,Jacob Nixon,jacob24@gmail.com,+1-650-839-2822,2026-04-06,Mission District,PayPal,4.36
PAS001266,Jose Colon,jose.c@yahoo.com,+1-925-876-7347,2025-11-24,Pacific Heights,Apple Pay,4.62
PAS001267,Amanda Brennan,amanda.b@outlook.com,+1-650-459-8224,2026-04-10,Berkeley,PayPal,4.47
PAS001268,Timothy Roberson,timothy.r@icloud.com,+1-209-583-2937,2026-02-07,Castro,Credit Card,4.57
PAS001269,Kathleen Williams,kwilliams@hotmail.com,+1-510-467-7038,2025-12-18,Oakland,Debit Card,4.63
PAS001270,Karen Velasquez,karen38@outlook.com,+1-650-903-4843,2026-04-29,Downtown SF,Cash,4.7
PAS001271,Gregory Moses,gregorymoses@hotmail.com,+1-707-957-4220,2025-11-07,Mission District,Credit Card,4.28
PAS001272,Michael Lowery,michaellowery@hotmail.com,+1-831-507-4909,2026-03-08,Berkeley,Debit Card,4.34
PAS001273,Jeremy Noble,jnoble@yahoo.com,+1-925-410-1777,2025-08-08,Palo Alto,Credit Card,4.47
PAS001274,Gabriel Howard,ghoward@gmail.com,+1-831-630-7377,2026-04-29,Mission District,Credit Card,4.91
PAS001275,Emily Robinson,emily.r@aol.com,+1-831-448-8305,2025-11-20,Mountain View,Credit Card,4.3
PAS001276,Helen Richmond,helenrichmond@gmail.com,+1-209-812-1605,2025-09-06,Haight-Ashbury,Credit Card,4.62
PAS001277,Gregory Martinez,gregory.martinez@hotmail.com,+1-209-285-6734,2025-11-14,Financial District,PayPal,4.18
PAS001278,John Coleman,johncoleman@hotmail.com,+1-415-342-4129,2026-03-02,Mission District,PayPal,4.74
PAS001279,Henry Mitchell,henry10@gmail.com,+1-650-692-3704,2026-02-08,Chinatown,Credit Card,4.97
PAS001280,Joe Barr,joe.b@yahoo.com,+1-650-315-3828,2025-11-06,Downtown SF,Credit Card,4.32
PAS001281,Julia Kramer,julia20@aol.com,+1-925-344-7093,2026-04-25,Downtown SF,PayPal,4.36
PAS001282,Noah Horne,nhorne@icloud.com,+1-209-717-5280,2026-02-16,SOMA,Credit Card,4.65
PAS001283,William Rogers,william.rogers@hotmail.com,+1-510-484-5418,2026-03-20,SOMA,Credit Card,4.68
PAS001284,Angela Heath,aheath@yahoo.com,+1-209-373-5041,2026-03-25,Berkeley,Credit Card,4.57
PAS001285,Harold Keith,harold18@icloud.com,+1-707-373-9500,2026-04-28,Berkeley,PayPal,4.66
PAS001286,Samuel Mcmillan,samuel86@outlook.com,+1-707-875-8709,2026-03-02,Berkeley,Debit Card,4.29
PAS001287,Christina Delgado,christina.d@icloud.com,+1-650-807-4762,2025-11-03,Downtown SF,Credit Card,4.69
PAS001288,Debra Patrick,dpatrick@icloud.com,+1-209-875-9759,2026-02-01,Palo Alto,Cash,4.52
PAS001289,Rebecca Combs,rcombs@gmail.com,+1-209-519-2633,2025-05-17,Downtown SF,Apple Pay,4.01
PAS001290,Jack Brennan,jack.b@hotmail.com,+1-510-524-1072,2026-02-24,San Jose,Apple Pay,4.56
PAS001291,Brenda Estrada,brenda.estrada@yahoo.com,+1-707-644-1416,2026-01-28,Palo Alto,Credit Card,4.72
PAS001292,Paul Chang,paul.c@aol.com,+1-831-833-7276,2026-02-22,Haight-Ashbury,Debit Card,4.8
PAS001293,Kimberly Taylor,ktaylor@yahoo.com,+1-707-514-8667,2026-03-31,Mountain View,Credit Card,3.8
PAS001294,Tyler Jackson,tyler72@gmail.com,+1-650-289-1932,2026-01-12,Mission District,Cash,4.84
PAS001295,Keith Zimmerman,kzimmerman@yahoo.com,+1-650-588-6092,2026-03-15,Palo Alto,Debit Card,4.78
PAS001296,Abigail Klein,abigail.k@gmail.com,+1-650-484-6656,2026-03-17,Financial District,Credit Card,3.47
PAS001297,Emma Cook,emma74@icloud.com,+1-408-529-7640,2026-02-25,Castro,PayPal,4.33
PAS001298,Kathleen Underwood,kathleen30@aol.com,+1-408-681-8424,2026-02-24,San Jose,Apple Pay,4.76
PAS001299,Russell Joyce,russell.joyce@outlook.com,+1-831-898-6939,2026-01-07,San Jose,Credit Card,4.48
PAS001300,Ethan Roberson,ethanroberson@outlook.com,+1-925-773-6777,2026-02-03,Berkeley,Credit Card,4.05
PAS001301,Angela Gordon,angela.gordon@yahoo.com,+1-650-538-5758,2026-02-01,Haight-Ashbury,Cash,4.33
PAS001302,Judith Haley,judith.haley@gmail.com,+1-209-532-3783,2026-01-11,Palo Alto,Apple Pay,4.4
PAS001303,Kenneth Atkinson,kennethatkinson@icloud.com,+1-925-776-8014,2025-12-14,Castro,Apple Pay,4.44
PAS001304,Dorothy Riley,driley@outlook.com,+1-925-894-1864,2026-04-12,SOMA,Credit Card,4.33
PAS001305,Jessica Lawrence,jessica.l@hotmail.com,+1-925-238-8170,2025-05-02,Downtown SF,Credit Card,4.38
PAS001306,Jessica Spears,jessica.spears@hotmail.com,+1-510-331-5634,2026-04-18,SOMA,Credit Card,4.11
PAS001307,Henry Kerr,hkerr@hotmail.com,+1-408-911-9902,2025-12-09,Castro,Apple Pay,4.68
PAS001308,Sarah Knight,sarah.k@outlook.com,+1-831-922-5057,2026-01-15,Castro,Credit Card,3.48
PAS001309,Dorothy Jacobson,djacobson@gmail.com,+1-925-333-8116,2025-11-15,Berkeley,Credit Card,4.7
PAS001310,Kevin Harris,kevin.harris@icloud.com,+1-707-344-1367,2025-11-29,Haight-Ashbury,Credit Card,4.24
PAS001311,Gary Duncan,gduncan@gmail.com,+1-510-739-9162,2026-04-30,Chinatown,Apple Pay,4.07
PAS001312,Christian Grant,christiangrant@icloud.com,+1-650-866-7265,2025-11-17,Mountain View,PayPal,3.78
PAS001313,Rachel Mays,rachelmays@aol.com,+1-415-493-2677,2025-06-12,Berkeley,Debit Card,4.33
PAS001314,Billy Cooper,billy.cooper@outlook.com,+1-415-451-4315,2026-01-08,Palo Alto,PayPal,4.14
PAS001315,Louis Ortega,louis.o@hotmail.com,+1-925-488-2422,2025-12-07,Chinatown,Cash,4.76
PAS001316,Albert Poole,apoole@aol.com,+1-831-255-3961,2025-10-15,Oakland,Cash,4.74
PAS001317,Robert Morin,robertmorin@gmail.com,+1-408-682-9852,2026-03-28,Downtown SF,Debit Card,4.53
PAS001318,Deborah Snyder,deborah.snyder@gmail.com,+1-408-625-8954,2025-04-29,Berkeley,Credit Card,4.87
PAS001319,Emily Snow,esnow@outlook.com,+1-209-445-7816,2026-03-20,Castro,Cash,4.15
PAS001320,Emma Rich,emma58@hotmail.com,+1-707-505-6420,2025-12-21,Financial District,Credit Card,4.68
PAS001321,Joseph Lane,joseph.l@gmail.com,+1-707-912-5097,2025-12-12,Marina,Apple Pay,3.76
PAS001322,Carolyn Jordan,carolyn.jordan@yahoo.com,+1-831-839-4347,2026-02-12,Financial District,Apple Pay,4.32
PAS001323,Benjamin Wolf,benjaminwolf@gmail.com,+1-650-396-5087,2026-01-18,Marina,Credit Card,4.98
PAS001324,Abigail Gray,abigail36@aol.com,+1-510-518-9520,2025-04-09,Castro,Credit Card,3.63
PAS001325,Gregory Young,gregory.young@yahoo.com,+1-831-456-1284,2026-03-19,Haight-Ashbury,Credit Card,4.74
PAS001326,Emily Meyers,emeyers@outlook.com,+1-925-934-2738,2024-12-06,Castro,Cash,4.85
PAS001327,Rose Herrera,rose48@icloud.com,+1-209-647-3575,2026-01-15,Mission District,Apple Pay,4.72
PAS001328,Victoria Klein,victoriaklein@aol.com,+1-925-876-3225,2026-04-12,North Beach,Credit Card,4.84
PAS001329,Ralph Koch,ralphkoch@gmail.com,+1-650-797-5618,2025-07-07,Downtown SF,Debit Card,4.46
PAS001330,Christina Harding,charding@yahoo.com,+1-707-371-1550,2026-01-14,SOMA,Debit Card,4.17
PAS001331,Ryan Ayala,ryan.a@yahoo.com,+1-209-673-2829,2026-03-23,SOMA,Apple Pay,3.9
PAS001332,Virginia Bradshaw,virginia.b@hotmail.com,+1-510-805-5917,2026-04-30,Palo Alto,PayPal,4.88
PAS001333,Bryan Hood,bhood@aol.com,+1-707-839-2101,2026-03-12,Berkeley,PayPal,4.93
PAS001334,Randy Nolan,randy45@outlook.com,+1-925-505-8087,2026-01-03,Pacific Heights,Credit Card,3.11
PAS001335,Howard Bowers,howardbowers@icloud.com,+1-415-230-5224,2025-10-26,Mission District,Credit Card,3.85
PAS001336,Jack Boyd,jackboyd@aol.com,+1-831-707-9820,2026-01-07,Castro,Apple Pay,4.52
PAS001337,Frank Pope,frank.pope@gmail.com,+1-209-980-8996,2026-03-05,Financial District,Credit Card,4.8
PAS001338,Alexis Nash,alexis.nash@aol.com,+1-925-584-8396,2025-06-15,Downtown SF,Credit Card,4.68
PAS001339,Angela Gay,angelagay@outlook.com,+1-209-346-6631,2025-10-12,Mountain View,PayPal,4.65
PAS001340,Barbara Aguilar,barbara.aguilar@gmail.com,+1-925-882-2256,2025-04-02,North Beach,Debit Card,4.96
PAS001341,Andrea Scott,ascott@yahoo.com,+1-925-917-7936,2026-03-17,Downtown SF,Credit Card,3.92
PAS001342,Juan Hammond,jhammond@gmail.com,+1-408-879-5883,2026-03-19,Downtown SF,Credit Card,4.58
PAS001343,Angela Stephenson,angela.s@yahoo.com,+1-510-594-5394,2026-01-10,Castro,Apple Pay,3.91
PAS001344,Andrea Barton,abarton@hotmail.com,+1-925-863-3935,2026-04-09,Berkeley,Cash,4.44
PAS001345,Keith Barrera,keithbarrera@icloud.com,+1-831-701-9226,2025-12-08,Castro,Credit Card,3.5
PAS001346,Lisa Cochran,lisa.cochran@outlook.com,+1-831-733-9324,2025-06-05,Mission District,Credit Card,4.15
PAS001347,Raymond Gates,raymond.gates@aol.com,+1-707-573-7813,2026-02-09,Oakland,Credit Card,3.96
PAS001348,Henry James,hjames@icloud.com,+1-925-244-4924,2026-04-25,Haight-Ashbury,PayPal,4.68
PAS001349,Angela Barker,angela59@outlook.com,+1-415-549-7070,2025-11-19,Castro,PayPal,4.93
PAS001350,Donald Snow,donald.snow@yahoo.com,+1-408-801-6475,2025-12-10,Haight-Ashbury,Credit Card,4.54
PAS001351,Edward Gardner,edward26@hotmail.com,+1-510-723-3434,2025-12-23,Castro,Credit Card,4.88
PAS001352,Diane Richmond,diane.richmond@icloud.com,+1-650-283-3380,2026-04-20,Oakland,Credit Card,4.77
PAS001353,Tiffany Olsen,tolsen@aol.com,+1-925-771-7354,2026-03-22,Financial District,Debit Card,4.97
PAS001354,Walter Sheppard,walter.s@outlook.com,+1-831-957-4247,2025-11-19,Mission District,PayPal,4.1
PAS001355,Lawrence Vincent,lawrence.vincent@hotmail.com,+1-650-706-1834,2026-01-01,Pacific Heights,Credit Card,4.54
PAS001356,Tiffany Duncan,tiffany.d@yahoo.com,+1-650-980-6694,2026-04-16,Palo Alto,Credit Card,4.51
PAS001357,Arthur Chavez,arthur64@yahoo.com,+1-408-204-2974,2025-07-13,SOMA,Apple Pay,4.61
PAS001358,Andrea Schwartz,andrea.s@aol.com,+1-415-313-8993,2025-12-03,Haight-Ashbury,Apple Pay,4.14
PAS001359,Timothy Vasquez,timothy.vasquez@icloud.com,+1-831-449-8646,2026-04-27,Oakland,Cash,3.88
PAS001360,Albert Jackson,albert77@aol.com,+1-707-431-7362,2026-04-25,Downtown SF,Apple Pay,4.55
PAS001361,Victoria Crawford,victoriacrawford@gmail.com,+1-831-393-6706,2026-01-14,Haight-Ashbury,Credit Card,4.25
PAS001362,Ethan Hudson,ethan92@outlook.com,+1-209-582-7415,2025-10-11,Financial District,Credit Card,4.7
PAS001363,Deborah Mclaughlin,deborah.m@icloud.com,+1-925-266-1030,2025-06-09,San Jose,Cash,4.84
PAS001364,Scott Rodriguez,scottrodriguez@aol.com,+1-650-680-4329,2026-02-25,Downtown SF,PayPal,4.61
PAS001365,Sharon Medina,sharon.m@yahoo.com,+1-209-511-7241,2025-11-28,Marina,PayPal,4.86
PAS001366,Angela Tran,angelatran@hotmail.com,+1-831-282-2899,2026-04-10,Chinatown,Apple Pay,4.33
PAS001367,Gloria Olson,gloriaolson@icloud.com,+1-415-903-8033,2025-10-24,Palo Alto,Debit Card,4.91
PAS001368,Juan Dudley,juan.d@aol.com,+1-831-342-2099,2026-04-26,Chinatown,Cash,3.14
PAS001369,Christine Hart,christine.hart@aol.com,+1-510-296-3680,2026-02-03,Chinatown,Cash,4.57
PAS001370,Emma Chavez,echavez@icloud.com,+1-415-414-7411,2026-04-03,Haight-Ashbury,Debit Card,4.56
PAS001371,Jerry Hancock,jhancock@aol.com,+1-925-691-3870,2026-01-21,Chinatown,Debit Card,4.51
PAS001372,Christopher Buchanan,christopherbuchanan@outlook.com,+1-707-795-9444,2025-11-05,Pacific Heights,Cash,4.91
PAS001373,Gregory Hernandez,gregoryhernandez@aol.com,+1-209-825-1806,2025-12-23,Berkeley,Credit Card,4.32
PAS001374,Brian Huynh,brian.h@hotmail.com,+1-415-430-9037,2025-11-08,Castro,Credit Card,4.56
PAS001375,Sharon Wilkerson,sharonwilkerson@aol.com,+1-510-875-4291,2026-04-14,SOMA,Cash,3.95
PAS001376,Tiffany Cobb,tiffanycobb@aol.com,+1-209-905-6407,2025-11-12,Haight-Ashbury,Apple Pay,4.81
PAS001377,Evelyn Perry,evelyn84@gmail.com,+1-408-255-7048,2026-01-26,Haight-Ashbury,Credit Card,4.07
PAS001378,Keith Avila,keith.avila@outlook.com,+1-510-328-7521,2025-10-10,Castro,Credit Card,4.99
PAS001379,Joshua Houston,joshua89@icloud.com,+1-510-712-6825,2025-03-12,SOMA,Credit Card,4.77
PAS001380,Emily Mcmillan,emilymcmillan@icloud.com,+1-650-204-2209,2026-04-29,Castro,Credit Card,4.91
PAS001381,Donald Padilla,dpadilla@outlook.com,+1-209-623-5394,2026-02-26,Financial District,PayPal,4.49
PAS001382,Daniel Parks,daniel.parks@outlook.com,+1-707-651-7781,2026-04-25,Palo Alto,Debit Card,4.85
PAS001383,Raymond Mcdonald,raymondmcdonald@yahoo.com,+1-831-311-6370,2026-01-24,Oakland,Credit Card,4.3
PAS001384,Jonathan Kerr,jonathan.kerr@yahoo.com,+1-925-775-5317,2026-04-11,Financial District,Cash,4.42
PAS001385,Marie Pittman,marie34@aol.com,+1-707-669-8868,2025-05-29,Palo Alto,Debit Card,4.35
PAS001386,Jose Gaines,josegaines@icloud.com,+1-831-551-6569,2026-03-18,Downtown SF,Debit Card,4.47
PAS001387,Ethan Torres,ethan.torres@aol.com,+1-707-808-6679,2026-02-17,Berkeley,Credit Card,4.55
PAS001388,Aaron Lester,aaronlester@yahoo.com,+1-408-777-6973,2025-12-09,Mountain View,Cash,4.76
PAS001389,Ashley Buckley,abuckley@gmail.com,+1-510-793-5665,2025-09-13,Mission District,Apple Pay,4.06
PAS001390,Michelle Key,michelle.key@outlook.com,+1-831-308-6360,2025-03-04,Oakland,Debit Card,4.7
PAS001391,Ryan Contreras,ryan.c@outlook.com,+1-415-648-3225,2026-04-28,Downtown SF,Apple Pay,4.19
PAS001392,Lori Kennedy,lorikennedy@aol.com,+1-408-763-9996,2025-11-09,Mission District,PayPal,4.56
PAS001393,Sarah Shaw,sarah.s@icloud.com,+1-831-605-8810,2026-02-22,Haight-Ashbury,Apple Pay,4.86
PAS001394,Jeffrey Harrell,jeffrey.harrell@yahoo.com,+1-209-428-5837,2026-04-26,San Jose,Apple Pay,4.67
PAS001395,Nicholas Lowery,nlowery@hotmail.com,+1-831-694-1015,2025-07-23,North Beach,Apple Pay,4.41
PAS001396,Brittany Bell,brittany.bell@hotmail.com,+1-831-875-6340,2025-12-03,North Beach,PayPal,4.64
PAS001397,Pamela Arnold,parnold@outlook.com,+1-209-234-6204,2026-04-17,Pacific Heights,Credit Card,4.0
PAS001398,Tyler Bullock,tyler.b@yahoo.com,+1-510-601-5116,2025-10-30,Berkeley,Credit Card,4.63
PAS001399,Jordan Garcia,jordan85@hotmail.com,+1-831-762-9727,2026-02-11,North Beach,PayPal,4.81
PAS001400,Angela Mccoy,angela.mccoy@hotmail.com,+1-831-746-3040,2026-02-16,Downtown SF,Credit Card,4.9
PAS001401,Dorothy Clarke,dorothy.clarke@yahoo.com,+1-650-632-7874,2025-12-22,SOMA,Apple Pay,4.43
PAS001402,Benjamin Wise,benjamin.w@gmail.com,+1-415-777-6370,2025-05-26,Chinatown,Debit Card,4.47
PAS001403,Susan Marsh,susan.marsh@hotmail.com,+1-831-325-6168,2025-07-07,Financial District,Credit Card,4.28
PAS001404,Megan Anderson,megan.anderson@gmail.com,+1-415-235-8385,2025-10-04,Marina,PayPal,4.21
PAS001405,Terry Weiss,terry50@outlook.com,+1-209-976-4797,2026-03-10,Oakland,Credit Card,3.71
PAS001406,Helen Prince,helenprince@outlook.com,+1-408-787-1531,2026-04-28,Chinatown,Debit Card,4.97
PAS001407,Bryan Greer,bryangreer@gmail.com,+1-707-789-7192,2025-08-13,North Beach,Apple Pay,4.6
PAS001408,Sarah Sexton,sarahsexton@gmail.com,+1-408-213-6736,2026-04-20,Pacific Heights,Credit Card,4.59
PAS001409,Steven Cline,steven79@aol.com,+1-650-567-2110,2026-03-12,Mission District,Apple Pay,4.69
PAS001410,Daniel Dudley,daniel.dudley@yahoo.com,+1-707-815-5918,2025-12-19,Palo Alto,Credit Card,4.43
PAS001411,Angela Thomas,angela83@yahoo.com,+1-925-264-3972,2026-04-01,Castro,Debit Card,4.21
PAS001412,Arthur Hess,arthur.h@aol.com,+1-415-946-4739,2024-06-13,San Jose,Credit Card,4.58
PAS001413,Cynthia Washington,cynthia.w@icloud.com,+1-209-895-7860,2024-04-30,North Beach,Debit Card,3.64
PAS001414,Heather Schroeder,hschroeder@yahoo.com,+1-707-272-4309,2026-04-30,San Jose,Debit Card,4.87
PAS001415,Helen Jackson,helenjackson@icloud.com,+1-209-763-4569,2025-05-27,Chinatown,Credit Card,4.63
PAS001416,Noah Pratt,noahpratt@gmail.com,+1-510-722-4220,2026-03-14,Haight-Ashbury,Apple Pay,4.26
PAS001417,Kathleen Dixon,kathleen.d@aol.com,+1-408-848-8335,2025-06-04,Berkeley,Credit Card,4.75
PAS001418,John Daniels,jdaniels@yahoo.com,+1-650-204-8731,2026-04-15,Mission District,Debit Card,4.8
PAS001419,Rachel Jefferson,rachel.jefferson@icloud.com,+1-707-320-4644,2026-02-13,Marina,Debit Card,4.8
PAS001420,Anthony Brooks,anthony.b@outlook.com,+1-415-549-8171,2026-03-17,Palo Alto,Credit Card,4.55
PAS001421,Zachary Bond,zbond@gmail.com,+1-650-921-3208,2025-12-14,San Jose,PayPal,4.38
PAS001422,William Chapman,williamchapman@icloud.com,+1-209-527-8173,2026-03-10,Pacific Heights,Cash,4.37
PAS001423,William Hood,william.h@yahoo.com,+1-408-895-1211,2026-02-09,Marina,Credit Card,3.48
PAS001424,Henry Anderson,handerson@outlook.com,+1-209-313-3781,2026-04-10,Pacific Heights,PayPal,4.27
PAS001425,Johnny Buck,johnnybuck@outlook.com,+1-707-549-8624,2026-04-04,Mission District,Credit Card,4.34
PAS001426,Edward Hensley,edward.h@outlook.com,+1-209-464-6955,2025-08-03,Mission District,Credit Card,4.26
PAS001427,Marie Jefferson,mariejefferson@outlook.com,+1-707-983-3911,2025-12-01,Castro,Apple Pay,4.71
PAS001428,Joan Brock,joan.b@icloud.com,+1-650-530-3285,2026-03-07,Berkeley,Credit Card,4.6
PAS001429,Victoria Hendrix,victoria.h@gmail.com,+1-510-733-6985,2025-07-12,Mission District,Credit Card,4.64
PAS001430,Emma Butler,emma24@aol.com,+1-831-687-5090,2026-03-02,San Jose,Debit Card,4.96
PAS001431,Cynthia Bauer,cynthia.bauer@hotmail.com,+1-209-638-5699,2025-10-02,Berkeley,Credit Card,4.81
PAS001432,Victoria Sweeney,victoria14@gmail.com,+1-831-968-9717,2026-04-10,Downtown SF,Debit Card,4.86
PAS001433,Marilyn Rivers,marilyn.r@aol.com,+1-408-269-4659,2025-08-29,Pacific Heights,Apple Pay,4.08
PAS001434,Christina Barton,christina.barton@yahoo.com,+1-209-527-9341,2026-02-24,Haight-Ashbury,PayPal,4.96
PAS001435,Susan Hammond,susan90@aol.com,+1-707-585-4321,2025-07-07,Berkeley,PayPal,4.18
PAS001436,Kathleen Hudson,kathleen.h@yahoo.com,+1-408-507-6891,2025-09-21,SOMA,Cash,4.99
PAS001437,Brenda Carson,brenda.carson@hotmail.com,+1-510-524-6525,2026-02-28,Berkeley,PayPal,4.7
PAS001438,Ethan Chang,ethanchang@outlook.com,+1-408-748-9911,2026-03-14,Downtown SF,Credit Card,4.59
PAS001439,Brittany Elliott,brittany31@aol.com,+1-650-675-2452,2025-12-30,Haight-Ashbury,Cash,4.51
PAS001440,Mark Velazquez,mvelazquez@yahoo.com,+1-831-793-8580,2026-02-25,Berkeley,Credit Card,4.5
PAS001441,Nicholas Orr,nicholasorr@yahoo.com,+1-209-225-4426,2026-04-29,Oakland,PayPal,4.68
PAS001442,Carl Bridges,carl93@outlook.com,+1-209-970-4037,2026-02-06,Haight-Ashbury,Credit Card,4.81
PAS001443,Gerald Powell,geraldpowell@gmail.com,+1-650-383-5596,2026-04-19,Mission District,Debit Card,4.83
PAS001444,Cynthia Mills,cynthiamills@yahoo.com,+1-415-982-7418,2026-02-04,SOMA,PayPal,4.83
PAS001445,Rachel Mccoy,rachel.m@hotmail.com,+1-510-713-6906,2026-04-11,Pacific Heights,Cash,4.53
PAS001446,Debra Flynn,debra.flynn@icloud.com,+1-650-525-9827,2025-10-30,Mountain View,Credit Card,4.91
PAS001447,Sara Barker,sara20@gmail.com,+1-415-437-6687,2026-04-25,Haight-Ashbury,Credit Card,4.27
PAS001448,Laura Walker,laurawalker@icloud.com,+1-650-641-8779,2026-01-02,Marina,PayPal,4.24
PAS001449,Katherine Huynh,katherine.h@gmail.com,+1-925-657-9956,2026-02-26,Haight-Ashbury,Debit Card,4.94
PAS001450,Patrick Harrell,pharrell@icloud.com,+1-831-869-3281,2025-12-25,Mission District,Credit Card,4.85
PAS001451,Deborah Guzman,deborah.guzman@icloud.com,+1-831-376-9845,2026-03-14,Haight-Ashbury,Credit Card,4.83
PAS001452,Janice Patrick,janice59@aol.com,+1-408-505-8180,2025-10-02,Haight-Ashbury,Credit Card,4.93
PAS001453,Richard Sexton,richardsexton@yahoo.com,+1-415-790-3785,2025-11-25,Palo Alto,Apple Pay,4.75
PAS001454,Patrick Rivers,patrickrivers@icloud.com,+1-925-604-8648,2025-12-10,Mountain View,Apple Pay,4.64
PAS001455,Alan Delgado,alandelgado@gmail.com,+1-831-407-4999,2026-01-07,Downtown SF,Credit Card,4.26
PAS001456,Julia Moran,julia.moran@gmail.com,+1-209-361-7457,2025-12-24,Mountain View,Credit Card,3.98
PAS001457,Joshua Leon,joshualeon@yahoo.com,+1-831-519-1804,2026-04-29,Chinatown,Debit Card,4.8
PAS001458,Larry Huynh,larry73@icloud.com,+1-510-846-2479,2026-03-29,Haight-Ashbury,PayPal,4.7
PAS001459,Kathleen Maxwell,kathleenmaxwell@aol.com,+1-415-434-2556,2026-02-27,Downtown SF,Credit Card,3.76
PAS001460,Eugene Perry,eperry@yahoo.com,+1-831-641-3931,2025-02-09,San Jose,Cash,4.82
PAS001461,Andrew Sexton,andrew45@hotmail.com,+1-925-274-5753,2026-04-22,San Jose,Credit Card,4.95
PAS001462,James Herring,james91@outlook.com,+1-831-355-3667,2025-12-21,Mountain View,Debit Card,4.36
PAS001463,Theresa Marquez,theresa.marquez@aol.com,+1-415-723-6115,2026-01-05,Chinatown,PayPal,4.68
PAS001464,Kelly Wood,kwood@aol.com,+1-831-965-1716,2026-03-15,Berkeley,Debit Card,4.93
PAS001465,Willie Murphy,wmurphy@gmail.com,+1-925-628-1288,2025-12-31,Oakland,Credit Card,4.76
PAS001466,Anthony Navarro,anthony.n@aol.com,+1-707-404-9374,2025-12-26,Palo Alto,Credit Card,4.96
PAS001467,Gabriel Whitney,gwhitney@yahoo.com,+1-925-484-2189,2026-04-23,Downtown SF,Credit Card,4.58
PAS001468,Henry Lang,hlang@icloud.com,+1-925-527-8710,2026-04-25,Palo Alto,Credit Card,4.1
PAS001469,Jeffrey Guzman,jguzman@hotmail.com,+1-415-381-5486,2026-01-28,SOMA,PayPal,4.75
PAS001470,Jason Pace,jasonpace@hotmail.com,+1-925-960-5165,2025-10-15,Palo Alto,Credit Card,4.37
PAS001471,Patricia Blankenship,patricia.blankenship@aol.com,+1-415-903-8603,2025-07-24,San Jose,Credit Card,4.61
PAS001472,Carol Avery,carol76@gmail.com,+1-650-449-1418,2026-02-28,Castro,PayPal,4.81
PAS001473,Brittany King,bking@outlook.com,+1-510-458-9861,2026-03-10,Castro,Credit Card,3.97
PAS001474,Cynthia Willis,cynthiawillis@gmail.com,+1-209-982-2320,2026-03-22,Pacific Heights,Debit Card,4.34
PAS001475,Kyle Pennington,kyle50@hotmail.com,+1-510-374-3717,2026-02-22,Pacific Heights,Cash,4.43
PAS001476,Bobby Koch,bobbykoch@gmail.com,+1-650-719-9992,2026-04-10,Mission District,Credit Card,3.76
PAS001477,Carolyn Oconnor,carolyn.oconnor@icloud.com,+1-707-342-2813,2025-11-23,Palo Alto,Credit Card,4.68
PAS001478,Nathan Heath,nathan.heath@gmail.com,+1-650-627-8046,2025-12-01,SOMA,Apple Pay,4.75
PAS001479,Christine Carter,christine.carter@outlook.com,+1-408-929-3226,2026-04-21,Pacific Heights,Apple Pay,3.96
PAS001480,Angela Crosby,angelacrosby@icloud.com,+1-925-444-1887,2025-03-22,Marina,Credit Card,4.46
PAS001481,Roy Robertson,roy.robertson@aol.com,+1-650-698-5105,2026-02-11,Financial District,Debit Card,4.66
PAS001482,Diane Simpson,diane.s@yahoo.com,+1-925-502-1774,2026-01-15,San Jose,Apple Pay,4.79
PAS001483,Kathryn Watkins,kwatkins@hotmail.com,+1-925-415-5358,2026-04-01,SOMA,Credit Card,4.51
PAS001484,Deborah Blevins,deborah.b@gmail.com,+1-408-430-1430,2026-04-22,Chinatown,Credit Card,4.38
PAS001485,Joyce Gamble,joyce.gamble@hotmail.com,+1-831-871-5027,2025-12-17,Palo Alto,Credit Card,4.81
PAS001486,Steven Joyce,steven.joyce@icloud.com,+1-707-220-6450,2026-02-05,Downtown SF,Debit Card,4.01
PAS001487,Ashley Wise,ashley.w@outlook.com,+1-510-542-1454,2025-05-08,Palo Alto,Credit Card,4.31
PAS001488,Benjamin Wallace,benjaminwallace@yahoo.com,+1-209-699-3791,2025-09-26,Mission District,Debit Card,4.66
PAS001489,Jessica Jacobson,jjacobson@hotmail.com,+1-925-463-8709,2026-02-21,Financial District,Apple Pay,4.96
PAS001490,Roy Watkins,roy.watkins@aol.com,+1-510-682-3045,2025-11-14,North Beach,Credit Card,4.91
PAS001491,Nicholas Hernandez,nicholashernandez@aol.com,+1-925-565-7463,2025-11-28,Chinatown,Credit Card,4.63
PAS001492,Kathryn Hurst,kathryn98@icloud.com,+1-831-537-8975,2025-05-02,San Jose,Credit Card,4.6
PAS001493,Rebecca Miranda,rebecca47@icloud.com,+1-831-614-7177,2025-11-05,Downtown SF,Credit Card,4.66
PAS001494,Joan Harrison,jharrison@outlook.com,+1-415-985-5787,2026-04-19,Palo Alto,Credit Card,4.54
PAS001495,Ethan Sandoval,ethansandoval@gmail.com,+1-510-756-1025,2026-04-13,Marina,Credit Card,4.34
PAS001496,Christina Mccall,christinamccall@icloud.com,+1-650-564-3175,2026-03-01,San Jose,PayPal,4.89
PAS001497,Harold Rivas,harold90@gmail.com,+1-925-421-5047,2025-08-30,San Jose,Debit Card,4.88
PAS001498,Janet Griffin,janet.griffin@yahoo.com,+1-831-822-6383,2025-10-30,North Beach,Credit Card,3.12
PAS001499,Nathan Kirk,nkirk@outlook.com,+1-925-772-1840,2026-02-05,Marina,Debit Card,4.58
PAS001500,Alan Russell,alanrussell@outlook.com,+1-209-735-2138,2025-10-19,North Beach,Apple Pay,4.54
PAS001501,Benjamin Crawford,benjamin.c@gmail.com,+1-408-546-4999,2025-11-04,North Beach,Credit Card,4.37
PAS001502,Jerry Stokes,jerry.s@icloud.com,+1-408-974-4607,2025-12-14,Downtown SF,Credit Card,3.64
PAS001503,Rebecca Whitney,rebeccawhitney@icloud.com,+1-707-338-7506,2026-04-09,Downtown SF,Credit Card,4.77
PAS001504,Teresa Oconnor,teresa78@yahoo.com,+1-650-814-8667,2026-04-22,Mountain View,Debit Card,4.17
PAS001505,Jacob Zimmerman,jacob.zimmerman@gmail.com,+1-925-834-9009,2026-02-28,Palo Alto,Credit Card,4.86
PAS001506,Vincent Owen,vincent68@hotmail.com,+1-209-406-8365,2025-12-30,Palo Alto,Debit Card,4.36
PAS001507,Noah Flores,noah.f@icloud.com,+1-415-789-7832,2026-03-31,North Beach,PayPal,4.75
PAS001508,Harold Bailey,harold87@hotmail.com,+1-831-544-8852,2026-01-15,North Beach,Credit Card,3.99
PAS001509,Cynthia Oneill,cynthia.oneill@gmail.com,+1-408-991-5109,2026-04-30,Downtown SF,Debit Card,4.63
PAS001510,Debra Guerra,dguerra@icloud.com,+1-510-252-9501,2026-03-31,Palo Alto,Cash,4.47
PAS001511,Philip Thompson,philip.thompson@aol.com,+1-209-521-8033,2026-01-14,Financial District,Credit Card,4.01
PAS001512,Brittany Simon,brittany.simon@outlook.com,+1-650-306-9238,2026-02-16,Oakland,Apple Pay,4.76
PAS001513,Martha Rich,mrich@gmail.com,+1-831-790-2652,2026-02-05,Haight-Ashbury,Cash,4.52
PAS001514,Samantha Weiss,samanthaweiss@yahoo.com,+1-831-453-6049,2025-07-17,San Jose,Credit Card,4.09
PAS001515,Sarah Moreno,sarah14@icloud.com,+1-707-650-7874,2026-03-27,North Beach,Credit Card,4.82
PAS001516,Mark Freeman,mark59@outlook.com,+1-650-762-2092,2026-02-15,Chinatown,Credit Card,4.29
PAS001517,Andrew Brennan,andrewbrennan@outlook.com,+1-707-864-3696,2026-01-24,Pacific Heights,PayPal,4.4
PAS001518,Theresa Dudley,theresa.d@outlook.com,+1-415-853-9680,2026-04-13,Pacific Heights,Credit Card,4.81
PAS001519,Betty Atkins,betty.a@hotmail.com,+1-707-397-8621,2026-03-27,Berkeley,Credit Card,4.17
PAS001520,Ryan Rogers,ryanrogers@outlook.com,+1-831-408-3031,2025-05-09,Chinatown,Credit Card,4.18
PAS001521,Samuel Espinoza,sespinoza@outlook.com,+1-415-704-3019,2025-06-30,Haight-Ashbury,Debit Card,4.76
PAS001522,Bobby Cardenas,bobby42@icloud.com,+1-510-477-6004,2026-03-15,Downtown SF,Cash,3.37
PAS001523,Mary Morales,mary.morales@outlook.com,+1-707-620-1739,2026-02-12,SOMA,Debit Card,4.61
PAS001524,Kathleen Bryant,kbryant@hotmail.com,+1-415-655-8967,2026-04-10,SOMA,Cash,4.17
PAS001525,Madison Christian,madisonchristian@yahoo.com,+1-707-967-6005,2026-01-04,SOMA,Credit Card,4.82
PAS001526,Kyle Hudson,kyle44@icloud.com,+1-209-789-3444,2025-10-08,Mountain View,Apple Pay,3.24
PAS001527,Virginia Graham,virginia.g@outlook.com,+1-408-620-7682,2025-11-20,Oakland,Debit Card,4.75
PAS001528,Samuel Greer,samuel67@icloud.com,+1-209-773-4987,2026-04-24,Oakland,Debit Card,4.45
PAS001529,Andrea Peterson,andrea17@yahoo.com,+1-650-563-1903,2026-03-08,San Jose,Credit Card,4.96
PAS001530,Douglas Strong,douglas.strong@icloud.com,+1-707-399-7574,2026-02-20,Downtown SF,Credit Card,3.98
PAS001531,Howard Bentley,hbentley@hotmail.com,+1-408-917-1328,2026-04-28,Pacific Heights,Debit Card,4.83
PAS001532,Jessica Shaw,jshaw@gmail.com,+1-415-500-2981,2026-04-20,Marina,Apple Pay,4.31
PAS001533,Betty Grimes,bgrimes@outlook.com,+1-209-560-3419,2025-06-29,North Beach,PayPal,4.26
PAS001534,Ethan Smith,ethan.smith@yahoo.com,+1-209-789-8679,2025-11-26,Mission District,PayPal,3.95
PAS001535,Nathan Schroeder,nathan37@gmail.com,+1-831-979-5843,2026-02-08,SOMA,Credit Card,4.94
PAS001536,Ralph York,ralph.y@aol.com,+1-415-904-5818,2025-10-21,Marina,Credit Card,4.68
PAS001537,Gloria Pugh,gloria.pugh@outlook.com,+1-831-672-7514,2025-07-14,SOMA,Debit Card,2.78
PAS001538,Kevin Calhoun,kevincalhoun@aol.com,+1-707-519-5039,2026-04-22,Mission District,Credit Card,4.4
PAS001539,Diane Gamble,diane.g@gmail.com,+1-707-722-6062,2026-01-31,Haight-Ashbury,Credit Card,4.54
PAS001540,Anna Hobbs,anna26@outlook.com,+1-415-489-7290,2026-04-23,San Jose,Credit Card,4.75
PAS001541,Megan Mclean,megan.mclean@aol.com,+1-408-646-1351,2025-12-25,Haight-Ashbury,Cash,4.27
PAS001542,Marie Vasquez,marie50@gmail.com,+1-650-602-2059,2026-02-27,Marina,PayPal,4.86
PAS001543,Angela Allen,angela.a@outlook.com,+1-408-295-3212,2025-10-08,SOMA,Credit Card,4.81
PAS001544,Cynthia Collins,ccollins@outlook.com,+1-831-615-6291,2026-04-03,Pacific Heights,Credit Card,4.82
PAS001545,Abigail Jones,abigailjones@aol.com,+1-650-484-3568,2026-03-27,Oakland,Debit Card,4.67
PAS001546,Albert Hamilton,ahamilton@icloud.com,+1-925-426-6487,2025-08-31,Marina,Credit Card,4.1
PAS001547,Olivia Wagner,owagner@gmail.com,+1-209-763-1197,2026-01-15,Castro,Debit Card,4.81
PAS001548,Julia Bailey,julia.b@gmail.com,+1-707-663-4675,2026-03-09,SOMA,Apple Pay,3.99
PAS001549,Sandra Carpenter,scarpenter@icloud.com,+1-831-503-6847,2026-02-22,Castro,Cash,4.49
PAS001550,Virginia Marshall,virginia.marshall@hotmail.com,+1-510-230-8216,2026-02-12,Downtown SF,Apple Pay,4.45
PAS001551,Louis Atkins,louis95@outlook.com,+1-415-572-3563,2026-04-03,Financial District,Cash,4.98
PAS001552,Virginia Hill,vhill@icloud.com,+1-209-473-5739,2026-03-06,Mission District,Debit Card,4.63
PAS001553,Steven Kelley,steven.k@icloud.com,+1-831-871-3839,2026-03-29,Mountain View,Debit Card,3.6
PAS001554,Samantha Branch,samantha.b@yahoo.com,+1-831-452-6138,2026-04-19,Haight-Ashbury,Credit Card,4.92
PAS001555,Michael Nguyen,michaelnguyen@hotmail.com,+1-707-264-6999,2025-12-29,Mission District,Credit Card,4.68
PAS001556,Andrea Mejia,andrea67@gmail.com,+1-408-686-9535,2026-03-29,Pacific Heights,Credit Card,4.35
PAS001557,Jesse Cain,jesse.cain@yahoo.com,+1-209-402-5376,2025-04-14,San Jose,PayPal,4.47
PAS001558,Nicholas Cain,nicholas.cain@aol.com,+1-510-839-9069,2026-02-18,Haight-Ashbury,PayPal,4.85
PAS001559,Roy Mason,roymason@hotmail.com,+1-831-981-2461,2025-12-23,Haight-Ashbury,Debit Card,4.87
PAS001560,Stephen Whitaker,stephen19@yahoo.com,+1-831-988-6494,2026-03-03,Marina,PayPal,4.91
PAS001561,Joshua Wells,joshua26@outlook.com,+1-415-959-9356,2025-12-15,Mission District,Credit Card,4.94
PAS001562,James Fisher,james.f@aol.com,+1-510-371-8253,2025-06-02,Mission District,PayPal,4.9
PAS001563,Amber Livingston,amber78@gmail.com,+1-925-452-8330,2026-04-18,San Jose,Cash,3.66
PAS001564,Nicole Weeks,nicole.weeks@yahoo.com,+1-831-727-2801,2026-02-07,North Beach,Cash,4.14
PAS001565,Ashley Berg,ashley.berg@aol.com,+1-415-733-1296,2026-03-12,Castro,Credit Card,4.73
PAS001566,Gloria Barr,gloria.b@gmail.com,+1-707-870-9320,2026-04-03,Downtown SF,Credit Card,3.92
PAS001567,Marie Cole,marie.cole@yahoo.com,+1-408-489-1412,2026-04-12,Castro,Debit Card,4.35
PAS001568,William Sheppard,william.sheppard@hotmail.com,+1-831-927-4626,2026-04-28,Castro,Debit Card,4.24
PAS001569,Logan Gentry,lgentry@icloud.com,+1-415-849-4020,2026-04-03,Mission District,Debit Card,4.72
PAS001570,Marie Valdez,marie.valdez@outlook.com,+1-831-782-5971,2026-03-07,Haight-Ashbury,Credit Card,4.9
PAS001571,Jennifer Mcdonald,jennifer.mcdonald@yahoo.com,+1-925-640-8340,2026-02-17,Palo Alto,Debit Card,4.24
PAS001572,Adam Paul,adam.p@gmail.com,+1-650-922-6680,2025-05-04,Financial District,Credit Card,4.37
PAS001573,Gerald Dunn,geralddunn@gmail.com,+1-209-473-9343,2026-04-12,Palo Alto,Debit Card,4.66
PAS001574,Grace Sandoval,grace84@icloud.com,+1-510-376-7369,2025-11-10,Downtown SF,Credit Card,4.29
PAS001575,Dylan Burns,dylanburns@yahoo.com,+1-510-941-5255,2026-02-16,Berkeley,Debit Card,4.66
PAS001576,Douglas Nicholson,douglas63@outlook.com,+1-510-977-7874,2025-10-24,Haight-Ashbury,Debit Card,4.5
PAS001577,Alexander Serrano,alexander.serrano@yahoo.com,+1-415-492-6658,2026-01-04,Palo Alto,PayPal,4.16
PAS001578,Joseph Logan,joseph.l@icloud.com,+1-831-497-2645,2026-02-08,Haight-Ashbury,Apple Pay,3.54
PAS001579,Anna Marquez,anna.m@outlook.com,+1-650-941-6291,2025-08-26,Marina,Credit Card,3.57
PAS001580,Kimberly Medina,kimberly.medina@outlook.com,+1-650-477-9015,2026-04-24,Haight-Ashbury,Debit Card,4.61
PAS001581,Angela Foster,afoster@gmail.com,+1-408-885-6964,2026-01-26,Palo Alto,Cash,3.56
PAS001582,Marie Roman,marie72@hotmail.com,+1-831-321-9257,2025-08-07,Berkeley,Credit Card,4.08
PAS001583,Patricia Roberson,patriciaroberson@icloud.com,+1-408-519-1592,2025-06-21,Chinatown,Cash,4.55
PAS001584,Jeffrey Espinoza,jeffrey44@yahoo.com,+1-209-727-9690,2025-12-09,Castro,Cash,4.06
PAS001585,Arthur Everett,arthur.everett@icloud.com,+1-650-215-8100,2025-12-27,Financial District,Credit Card,4.69
PAS001586,Jerry Morrow,jerry.m@yahoo.com,+1-650-579-7795,2026-03-01,San Jose,Credit Card,4.92
PAS001587,Andrew York,andrewyork@yahoo.com,+1-408-624-9828,2026-03-04,Marina,Apple Pay,4.39
PAS001588,Nancy Warren,nancy70@yahoo.com,+1-925-325-9723,2026-02-27,Marina,PayPal,4.11
PAS001589,Billy Richmond,billy54@aol.com,+1-209-774-1536,2026-04-12,SOMA,Credit Card,4.25
PAS001590,Paul Leon,paul.leon@outlook.com,+1-209-282-1438,2025-07-26,Haight-Ashbury,Debit Card,4.53
PAS001591,Kimberly Kerr,kimberly47@gmail.com,+1-650-966-7333,2026-03-29,Oakland,Credit Card,4.88
PAS001592,Johnny Giles,johnny46@outlook.com,+1-408-995-6976,2025-08-23,Oakland,Credit Card,4.81
PAS001593,Jason Simon,jason22@aol.com,+1-408-836-2199,2025-12-17,Downtown SF,Credit Card,3.6
PAS001594,Philip Johnston,philipjohnston@aol.com,+1-510-741-8064,2025-12-12,Palo Alto,Credit Card,4.29
PAS001595,Jane Horn,jane.h@aol.com,+1-415-634-7914,2025-12-20,Oakland,Debit Card,4.88
PAS001596,Walter Osborne,wosborne@aol.com,+1-650-969-1847,2026-02-26,Berkeley,Apple Pay,4.73
PAS001597,Matthew Wood,matthew.wood@hotmail.com,+1-415-764-4775,2025-11-04,Chinatown,Debit Card,4.9
PAS001598,Nicholas Casey,nicholas.c@yahoo.com,+1-831-218-2391,2026-03-13,Oakland,Apple Pay,4.2
PAS001599,Marie Duran,mduran@icloud.com,+1-707-859-4632,2026-03-02,Marina,Debit Card,4.69
PAS001600,Angela Mcbride,angelamcbride@hotmail.com,+1-408-805-4702,2026-03-11,Financial District,Credit Card,4.44
PAS001601,Kimberly Owens,kimberlyowens@hotmail.com,+1-209-688-8389,2025-08-15,San Jose,Apple Pay,4.17
PAS001602,George Vance,george68@hotmail.com,+1-209-890-6555,2026-02-22,Downtown SF,Credit Card,4.45
PAS001603,Kevin Fisher,kevin.f@icloud.com,+1-707-391-2527,2026-03-17,Mission District,Apple Pay,3.86
PAS001604,Larry Hull,lhull@gmail.com,+1-408-928-7200,2025-09-23,Marina,PayPal,4.76
PAS001605,Sara Estrada,sestrada@aol.com,+1-209-755-9282,2025-09-29,Palo Alto,Credit Card,4.2
PAS001606,Scott Meyer,scott12@outlook.com,+1-707-904-5040,2026-04-10,Castro,Cash,4.67
PAS001607,Jane Lowery,jane86@outlook.com,+1-209-257-7280,2025-12-28,Financial District,Credit Card,3.91
PAS001608,Olivia Reid,olivia.r@yahoo.com,+1-707-447-3143,2026-04-19,Oakland,Credit Card,4.75
PAS001609,Brittany Edwards,brittany29@hotmail.com,+1-831-283-7876,2025-11-27,Berkeley,Debit Card,4.87
PAS001610,Alan Strickland,alan.s@hotmail.com,+1-831-964-8292,2026-01-05,Oakland,Apple Pay,4.73
PAS001611,Evelyn Pace,evelyn.pace@icloud.com,+1-831-420-7787,2026-03-11,Berkeley,Credit Card,3.34
PAS001612,Charles Sandoval,charles83@icloud.com,+1-925-998-6374,2025-12-19,San Jose,Credit Card,4.86
PAS001613,Madison Harrison,madison.harrison@aol.com,+1-707-966-8179,2026-01-17,SOMA,Cash,4.51
PAS001614,Ryan Fuentes,ryan.fuentes@gmail.com,+1-925-671-4502,2026-03-17,North Beach,Credit Card,3.76
PAS001615,Walter Frost,walterfrost@outlook.com,+1-408-717-7210,2025-02-28,Mountain View,PayPal,4.76
PAS001616,Alexander Buchanan,alexander.b@outlook.com,+1-209-783-2407,2026-01-26,Berkeley,Debit Card,4.86
PAS001617,Jeremy Weeks,jeremyweeks@yahoo.com,+1-415-245-3020,2026-03-01,Downtown SF,PayPal,3.85
PAS001618,Linda Jenkins,lindajenkins@icloud.com,+1-831-883-7819,2026-04-18,Financial District,PayPal,4.67
PAS001619,Joseph Gaines,joseph33@gmail.com,+1-707-700-6297,2026-04-26,Financial District,Credit Card,3.13
PAS001620,Debra Vasquez,debra.v@gmail.com,+1-831-655-2608,2025-10-21,Oakland,Cash,4.52
PAS001621,Ralph Barrera,ralph.b@gmail.com,+1-415-930-5344,2026-01-24,Oakland,Apple Pay,4.5
PAS001622,Alexander Boyer,aboyer@yahoo.com,+1-925-360-3858,2026-02-12,North Beach,Credit Card,2.99
PAS001623,Juan Dickson,juan.d@outlook.com,+1-831-557-3105,2025-12-24,Financial District,Debit Card,3.91
PAS001624,Scott Villarreal,scott.villarreal@hotmail.com,+1-510-667-3036,2025-08-24,Financial District,Debit Card,3.97
PAS001625,Noah Mendez,noah.mendez@yahoo.com,+1-408-462-4369,2026-03-21,San Jose,Apple Pay,4.78
PAS001626,Jacob Casey,jcasey@outlook.com,+1-707-891-8331,2026-01-09,Oakland,PayPal,4.71
PAS001627,Andrea Mcclure,andreamcclure@hotmail.com,+1-650-597-6485,2026-04-05,Chinatown,Credit Card,4.93
PAS001628,Andrea Roberson,andrearoberson@aol.com,+1-510-209-5907,2026-04-03,Berkeley,Credit Card,4.71
PAS001629,Diana Joyce,diana.j@gmail.com,+1-925-201-8705,2025-12-13,Mountain View,Debit Card,4.38
PAS001630,Jeremy Ward,jeremyward@icloud.com,+1-415-622-2398,2026-03-15,Oakland,Credit Card,4.72
PAS001631,Theresa Mcknight,tmcknight@hotmail.com,+1-831-602-7755,2025-08-18,Financial District,Credit Card,4.78
PAS001632,Emma Mcclure,emma95@outlook.com,+1-650-967-2476,2026-03-05,North Beach,Credit Card,4.17
PAS001633,Donald Rose,donaldrose@hotmail.com,+1-831-633-9199,2025-04-26,Oakland,Credit Card,4.84
PAS001634,Gary Turner,garyturner@hotmail.com,+1-408-596-7090,2026-04-21,Berkeley,Credit Card,4.61
PAS001635,Andrew Roman,andrew.r@outlook.com,+1-831-701-4389,2024-04-30,Castro,Debit Card,4.87
PAS001636,Russell Hernandez,russell.h@gmail.com,+1-415-877-9179,2026-02-20,SOMA,Credit Card,4.77
PAS001637,Teresa Lawrence,teresa.l@hotmail.com,+1-209-595-5391,2026-04-10,Berkeley,Cash,4.37
PAS001638,Henry Ramos,hramos@gmail.com,+1-925-824-4352,2025-11-20,Oakland,Apple Pay,4.39
PAS001639,Julie Barrera,julie.barrera@icloud.com,+1-831-380-8231,2026-04-13,Castro,Credit Card,4.22
PAS001640,Tyler Mccormick,tylermccormick@icloud.com,+1-415-797-6216,2026-02-12,Mission District,Credit Card,4.32
PAS001641,Rose Church,rchurch@outlook.com,+1-408-216-2010,2025-11-16,Oakland,Credit Card,4.67
PAS001642,Tyler Bradley,tylerbradley@aol.com,+1-510-255-6876,2026-04-18,Oakland,Apple Pay,4.88
PAS001643,Karen Lang,karen.lang@outlook.com,+1-209-958-1908,2026-03-25,Palo Alto,Debit Card,4.33
PAS001644,Scott Maynard,scott.maynard@yahoo.com,+1-707-983-4201,2026-03-25,Palo Alto,Credit Card,4.2
PAS001645,Roy Wilkinson,roywilkinson@icloud.com,+1-831-573-3622,2026-03-05,North Beach,Apple Pay,3.95
PAS001646,Bruce Hicks,bruce86@icloud.com,+1-831-651-8549,2025-11-16,North Beach,Credit Card,4.61
PAS001647,Ralph Cook,ralph52@hotmail.com,+1-415-685-2460,2026-04-02,SOMA,Debit Card,4.32
PAS001648,Marie Mejia,mmejia@icloud.com,+1-510-533-5791,2026-01-03,Berkeley,Debit Card,4.86
PAS001649,Austin Stephens,austin.stephens@gmail.com,+1-650-787-5051,2026-01-27,Marina,Cash,4.6
PAS001650,Ethan Barnes,ethanbarnes@outlook.com,+1-408-682-5289,2026-04-16,Haight-Ashbury,Credit Card,4.26
PAS001651,Jennifer Silva,jennifersilva@outlook.com,+1-925-277-6893,2026-01-12,North Beach,PayPal,4.38
PAS001652,Andrea Mendoza,andreamendoza@aol.com,+1-510-738-5356,2025-12-02,SOMA,Credit Card,3.95
PAS001653,Olivia Waller,olivia92@gmail.com,+1-707-623-2392,2025-11-10,North Beach,Credit Card,4.29
PAS001654,Christina Barrera,christina56@icloud.com,+1-650-358-4606,2024-05-11,Berkeley,Cash,4.34
PAS001655,Jack Sawyer,jack.s@hotmail.com,+1-209-884-1423,2025-02-24,Palo Alto,Debit Card,3.86
PAS001656,Christina Pierce,christinapierce@yahoo.com,+1-650-822-4650,2025-12-30,San Jose,Cash,4.56
PAS001657,Jacob Davenport,jacob.d@outlook.com,+1-209-306-7136,2026-03-10,Berkeley,Debit Card,4.44
PAS001658,Deborah Conley,dconley@hotmail.com,+1-209-360-7726,2026-04-25,Chinatown,Apple Pay,4.17
PAS001659,Alan Park,alan73@outlook.com,+1-925-892-6897,2026-02-22,Castro,Credit Card,4.29
PAS001660,William Avila,williamavila@icloud.com,+1-408-305-1160,2026-04-24,Mountain View,Cash,4.27
PAS001661,Ashley Estes,ashley.estes@icloud.com,+1-415-752-8867,2026-02-13,Castro,Debit Card,4.83
PAS001662,Julie Park,julie.park@aol.com,+1-707-755-2820,2026-01-24,Oakland,PayPal,3.91
PAS001663,Patricia Figueroa,patricia.figueroa@gmail.com,+1-415-775-7888,2026-01-09,North Beach,Credit Card,4.74
PAS001664,Jordan Marks,jordan43@outlook.com,+1-831-281-4475,2025-12-19,North Beach,Apple Pay,4.87
PAS001665,Harold Velez,hvelez@yahoo.com,+1-831-849-5844,2026-03-02,Haight-Ashbury,Cash,3.81
PAS001666,Emma Clarke,emmaclarke@yahoo.com,+1-925-654-8252,2026-02-17,Pacific Heights,Debit Card,4.5
PAS001667,Philip William,philipwilliam@yahoo.com,+1-209-791-3423,2026-01-30,SOMA,Apple Pay,4.87
PAS001668,Marie Schroeder,marie.s@gmail.com,+1-510-553-1008,2026-03-03,SOMA,PayPal,4.13
PAS001669,Sharon Tanner,sharontanner@icloud.com,+1-209-450-5723,2025-05-05,Castro,Credit Card,3.67
PAS001670,Richard Roberson,richard.roberson@icloud.com,+1-925-208-6234,2025-07-17,Mountain View,Debit Card,4.46
PAS001671,Gabriel Brown,gbrown@yahoo.com,+1-831-227-8834,2025-11-30,Palo Alto,Credit Card,4.35
PAS001672,Logan Kerr,logankerr@icloud.com,+1-510-476-6822,2026-02-16,Financial District,Credit Card,4.86
PAS001673,Walter Bullock,wbullock@outlook.com,+1-415-785-9726,2026-01-08,San Jose,Credit Card,4.91
PAS001674,Amy Clayton,amy.clayton@icloud.com,+1-510-649-5883,2026-03-11,North Beach,Credit Card,4.25
PAS001675,Vincent Watkins,vwatkins@hotmail.com,+1-408-828-8228,2026-03-18,Oakland,Apple Pay,4.27
PAS001676,Sara Leblanc,sara.l@outlook.com,+1-925-718-6674,2026-04-30,Mountain View,Debit Card,4.54
PAS001677,Abigail Sawyer,abigail.sawyer@yahoo.com,+1-510-846-9769,2026-02-26,Pacific Heights,Apple Pay,4.93
PAS001678,Shirley Gibbs,sgibbs@gmail.com,+1-831-448-6245,2026-03-10,SOMA,Debit Card,4.32
PAS001679,Gregory Miranda,gmiranda@outlook.com,+1-209-484-4883,2026-02-22,North Beach,Credit Card,4.28
PAS001680,Brittany Shaw,brittanyshaw@yahoo.com,+1-925-727-8456,2026-04-23,North Beach,Apple Pay,4.84
PAS001681,Jack Bradford,jack.b@gmail.com,+1-209-540-7116,2025-12-26,North Beach,Debit Card,4.57
PAS001682,Beverly Barrera,beverlybarrera@yahoo.com,+1-650-808-1663,2025-12-30,Oakland,Apple Pay,4.41
PAS001683,Marie Young,marie17@icloud.com,+1-415-527-5696,2026-02-17,Castro,Cash,4.44
PAS001684,Amy Hamilton,amyhamilton@outlook.com,+1-707-763-6969,2026-04-22,Pacific Heights,Apple Pay,4.9
PAS001685,William Roberson,william.roberson@icloud.com,+1-408-483-5962,2026-01-29,Mountain View,PayPal,4.76
PAS001686,Melissa Zimmerman,melissazimmerman@aol.com,+1-209-305-3207,2026-04-26,Marina,Credit Card,4.57
PAS001687,Billy Nunez,billy.nunez@outlook.com,+1-707-442-4312,2026-03-04,Castro,Credit Card,4.39
PAS001688,Deborah Espinoza,despinoza@hotmail.com,+1-415-784-7487,2026-03-30,San Jose,Credit Card,4.36
PAS001689,Kenneth Lowery,kenneth.lowery@icloud.com,+1-831-200-9607,2026-01-30,North Beach,Apple Pay,4.21
PAS001690,Grace Glass,grace90@aol.com,+1-209-716-3396,2025-05-13,San Jose,PayPal,4.78
PAS001691,Olivia Wilkinson,owilkinson@outlook.com,+1-408-248-8681,2026-04-30,North Beach,Credit Card,4.27
PAS001692,Jeffrey Solomon,jeffrey.s@aol.com,+1-408-647-7304,2025-05-16,Haight-Ashbury,Cash,4.9
PAS001693,Michael Solis,michael.s@outlook.com,+1-707-543-1182,2026-03-19,San Jose,PayPal,4.7
PAS001694,Ashley Collins,ashley97@hotmail.com,+1-707-877-1759,2026-01-21,North Beach,Cash,4.32
PAS001695,Randy Kennedy,rkennedy@yahoo.com,+1-415-902-2338,2026-03-28,Downtown SF,Credit Card,4.84
PAS001696,Joan Kline,joankline@aol.com,+1-650-614-6827,2026-02-18,SOMA,Credit Card,4.76
PAS001697,Zachary Mccall,zachary30@hotmail.com,+1-831-443-1257,2026-01-13,Castro,Credit Card,4.26
PAS001698,Danielle Owen,danielle.owen@aol.com,+1-707-635-9189,2026-04-11,Mission District,Credit Card,4.66
PAS001699,Sarah York,sarah66@yahoo.com,+1-209-368-5554,2026-02-27,San Jose,Debit Card,4.93
PAS001700,Brittany Huff,brittany.huff@aol.com,+1-209-886-1561,2025-12-17,Chinatown,Apple Pay,4.59
PAS001701,Lori Roth,lori.roth@outlook.com,+1-707-928-6167,2025-12-07,San Jose,Debit Card,3.13
PAS001702,Stephanie Estes,stephanie10@yahoo.com,+1-831-546-8818,2025-08-23,SOMA,PayPal,4.69
PAS001703,Christina Lara,christina.l@hotmail.com,+1-415-987-8429,2025-10-11,Berkeley,Debit Card,4.67
PAS001704,Ralph Clark,ralph.clark@yahoo.com,+1-415-618-7806,2026-03-08,North Beach,PayPal,4.36
PAS001705,George Morgan,george.m@gmail.com,+1-707-597-9970,2025-03-03,Marina,Debit Card,4.2
PAS001706,Julia Dorsey,juliadorsey@outlook.com,+1-707-429-8369,2025-03-09,Financial District,Debit Card,4.27
PAS001707,Carl Mendez,carl24@aol.com,+1-650-517-2383,2025-09-03,Marina,Cash,4.39
PAS001708,Cheryl Butler,cherylbutler@gmail.com,+1-831-905-4149,2025-12-25,Financial District,Credit Card,4.94
PAS001709,Elizabeth Velasquez,elizabeth.v@yahoo.com,+1-415-617-5273,2025-04-19,Oakland,PayPal,4.7
PAS001710,Keith Duncan,keith.d@gmail.com,+1-831-653-3652,2025-06-27,Marina,Cash,4.24
PAS001711,Janice Gaines,janice64@aol.com,+1-831-247-7538,2025-12-22,North Beach,Credit Card,3.51
PAS001712,Andrea Wolf,andrea.w@hotmail.com,+1-209-449-6359,2025-11-08,Pacific Heights,Credit Card,4.21
PAS001713,Betty Brown,bbrown@outlook.com,+1-650-562-1195,2025-10-22,Pacific Heights,Credit Card,4.87
PAS001714,David Garza,david.g@aol.com,+1-510-226-9856,2026-04-25,Mountain View,Credit Card,4.66
PAS001715,Samantha Lamb,slamb@yahoo.com,+1-408-550-8936,2025-08-25,Chinatown,Credit Card,4.75
PAS001716,Justin Clay,justinclay@gmail.com,+1-415-356-5720,2025-01-17,Mission District,Cash,4.62
PAS001717,Robert Pratt,robert20@gmail.com,+1-209-952-5963,2026-02-20,Financial District,Debit Card,4.06
PAS001718,Gary Griffin,ggriffin@gmail.com,+1-510-638-2877,2026-04-25,Mission District,Debit Card,4.04
PAS001719,Debra Bentley,dbentley@outlook.com,+1-510-436-5661,2025-12-05,Downtown SF,Credit Card,3.89
PAS001720,Randy Greer,randy66@gmail.com,+1-415-242-6109,2026-01-05,Castro,PayPal,4.3
PAS001721,Julia Poole,julia.p@icloud.com,+1-650-333-8824,2025-11-17,Downtown SF,Debit Card,4.53
PAS001722,Julie Frost,julie.frost@aol.com,+1-831-517-6042,2025-08-20,Financial District,PayPal,4.53
PAS001723,Kathleen Singleton,kathleen65@aol.com,+1-415-894-4690,2025-05-05,San Jose,Debit Card,2.26
PAS001724,Abigail Gallagher,abigail.g@yahoo.com,+1-831-499-8982,2026-01-15,SOMA,Credit Card,4.82
PAS001725,Kevin Owen,kevin56@icloud.com,+1-510-696-1628,2025-10-10,Chinatown,Credit Card,4.8
PAS001726,Russell Contreras,russell40@gmail.com,+1-925-858-4014,2026-04-29,Pacific Heights,Credit Card,4.77
PAS001727,Anna Lindsey,anna.l@aol.com,+1-831-611-5059,2026-02-07,Oakland,Credit Card,4.19
PAS001728,Marilyn Hill,marilyn.hill@hotmail.com,+1-707-416-9991,2025-09-20,Downtown SF,Apple Pay,4.65
PAS001729,Anna Estes,aestes@outlook.com,+1-650-523-2711,2026-04-07,Pacific Heights,Credit Card,4.47
PAS001730,John Woodward,john.woodward@aol.com,+1-209-252-9224,2026-04-18,North Beach,Credit Card,4.55
PAS001731,Rebecca Cox,rebecca.cox@icloud.com,+1-510-607-7656,2026-02-19,Chinatown,Credit Card,4.72
PAS001732,Grace Butler,grace.butler@yahoo.com,+1-925-588-2779,2026-04-27,Oakland,Credit Card,4.7
PAS001733,George Rush,george22@gmail.com,+1-510-590-5135,2026-02-10,Castro,Apple Pay,4.75
PAS001734,Eric Grimes,ericgrimes@hotmail.com,+1-209-437-2830,2026-03-16,SOMA,Debit Card,4.42
PAS001735,Rachel Pena,rachel.pena@yahoo.com,+1-209-612-9201,2026-01-12,North Beach,Credit Card,4.82
PAS001736,Diane Salazar,diane.s@hotmail.com,+1-209-963-6063,2025-12-26,North Beach,PayPal,4.41
PAS001737,Brenda Vazquez,brenda.v@gmail.com,+1-209-322-8638,2026-02-24,Mountain View,Apple Pay,4.12
PAS001738,Cynthia Morton,cynthia.morton@hotmail.com,+1-209-296-7951,2026-04-15,Downtown SF,Debit Card,4.65
PAS001739,Brenda Salazar,brenda.salazar@hotmail.com,+1-925-658-2434,2025-10-14,Mountain View,Debit Card,4.96
PAS001740,Henry Singleton,henry14@hotmail.com,+1-510-578-4036,2026-02-27,Haight-Ashbury,Cash,4.08
PAS001741,Eric Houston,eric.h@aol.com,+1-650-813-7784,2026-04-07,Berkeley,Debit Card,4.87
PAS001742,Jordan Klein,jordan57@gmail.com,+1-510-424-8584,2026-04-16,Chinatown,Debit Card,4.5
PAS001743,Barbara Maxwell,barbara.m@outlook.com,+1-831-338-1342,2026-03-28,Financial District,Credit Card,4.16
PAS001744,Edward Pugh,epugh@yahoo.com,+1-831-533-3699,2025-11-09,Pacific Heights,Debit Card,4.96
PAS001745,Brian Henson,bhenson@gmail.com,+1-209-488-2983,2026-04-07,Pacific Heights,Apple Pay,4.75
PAS001746,Christina Lindsey,christina.lindsey@yahoo.com,+1-831-910-3031,2025-07-13,Marina,Credit Card,4.7
PAS001747,Alexander Kelley,alexanderkelley@hotmail.com,+1-707-549-7314,2025-08-28,Mission District,Credit Card,4.77
PAS001748,Carl Peters,cpeters@aol.com,+1-650-290-4404,2025-12-08,Chinatown,Apple Pay,4.36
PAS001749,Angela Bryant,angela98@hotmail.com,+1-510-209-6760,2026-01-12,Pacific Heights,Apple Pay,4.82
PAS001750,Kimberly Cantu,kimberlycantu@outlook.com,+1-707-206-7025,2025-11-03,Haight-Ashbury,Credit Card,4.61
PAS001751,Sean Lowery,sean.lowery@icloud.com,+1-925-862-9611,2026-02-13,Mountain View,Apple Pay,3.97
PAS001752,Brian Anderson,briananderson@outlook.com,+1-510-354-7410,2025-06-07,Marina,PayPal,4.03
PAS001753,Timothy Drake,timothydrake@aol.com,+1-408-700-9675,2026-03-26,Mountain View,Credit Card,4.55
PAS001754,Anthony Hammond,ahammond@outlook.com,+1-650-662-5054,2026-03-03,Marina,PayPal,4.91
PAS001755,Michelle Contreras,mcontreras@outlook.com,+1-831-649-5774,2026-02-27,Haight-Ashbury,Credit Card,4.97
PAS001756,Amber Bryan,amber.b@gmail.com,+1-925-980-7304,2026-03-15,Chinatown,Credit Card,4.58
PAS001757,Zachary Gamble,zachary68@icloud.com,+1-650-788-5743,2026-01-27,Pacific Heights,PayPal,4.79
PAS001758,Marilyn Knapp,marilyn.knapp@yahoo.com,+1-831-700-6678,2025-11-07,Oakland,Debit Card,4.84
PAS001759,Christian Silva,csilva@icloud.com,+1-925-926-1074,2026-01-03,Mountain View,Credit Card,2.86
PAS001760,Alexis Clarke,aclarke@aol.com,+1-831-649-9214,2026-03-28,Marina,PayPal,3.69
PAS001761,Emma Gardner,emmagardner@gmail.com,+1-831-326-4381,2026-02-02,Palo Alto,Debit Card,4.76
PAS001762,Margaret Preston,margaret.p@gmail.com,+1-707-449-5954,2024-12-27,Downtown SF,Credit Card,3.89
PAS001763,Rebecca Weeks,rebecca.w@yahoo.com,+1-408-404-2668,2026-03-19,Oakland,Credit Card,4.64
PAS001764,Samantha Pittman,samantha.p@gmail.com,+1-510-607-7599,2026-04-04,Pacific Heights,Credit Card,4.65
PAS001765,Sean Lopez,seanlopez@outlook.com,+1-650-750-1955,2026-04-29,Palo Alto,Cash,4.18
PAS001766,Donald Buck,donald.b@icloud.com,+1-707-398-2179,2026-01-12,Mission District,Credit Card,4.04
PAS001767,Alexander Greer,alexandergreer@icloud.com,+1-209-757-2544,2026-04-26,Castro,Apple Pay,4.66
PAS001768,Walter Parks,walter.parks@hotmail.com,+1-510-222-7186,2026-03-26,San Jose,Debit Card,4.82
PAS001769,Kelly Wilson,kwilson@yahoo.com,+1-408-932-7226,2026-04-22,Castro,Apple Pay,4.18
PAS001770,Jessica Mclaughlin,jessica.mclaughlin@yahoo.com,+1-831-868-3860,2026-02-15,San Jose,Cash,4.55
PAS001771,Andrew Morton,andrew.m@aol.com,+1-650-348-6519,2026-02-05,Mission District,Debit Card,3.66
PAS001772,Brittany Estes,brittanyestes@outlook.com,+1-510-994-5009,2026-03-03,Castro,Credit Card,4.32
PAS001773,Barbara Shepherd,barbara.shepherd@gmail.com,+1-925-233-2267,2026-04-21,Castro,Credit Card,4.39
PAS001774,Jeremy Ochoa,jochoa@aol.com,+1-415-604-3227,2025-04-14,Berkeley,Credit Card,4.74
PAS001775,Amber Sexton,amber.sexton@icloud.com,+1-209-857-6796,2026-03-04,SOMA,Apple Pay,3.49
PAS001776,Adam Chang,achang@hotmail.com,+1-415-746-4513,2026-01-02,Haight-Ashbury,Debit Card,3.97
PAS001777,Julia Ross,julia.r@aol.com,+1-650-316-5766,2026-03-25,Downtown SF,Credit Card,4.3
PAS001778,Joan Guerrero,joanguerrero@gmail.com,+1-209-284-5596,2026-02-08,San Jose,Debit Card,4.39
PAS001779,Ronald Koch,ronaldkoch@icloud.com,+1-415-817-3540,2025-10-02,Downtown SF,Apple Pay,4.95
PAS001780,Susan Phelps,sphelps@yahoo.com,+1-831-240-8903,2026-04-05,Downtown SF,Credit Card,4.41
PAS001781,Rose Rice,rose93@outlook.com,+1-925-725-6347,2025-05-02,Mountain View,Credit Card,4.38
PAS001782,Abigail Hess,abigail.h@aol.com,+1-650-264-4785,2026-04-24,SOMA,Credit Card,4.66
PAS001783,Noah Chapman,noah.chapman@hotmail.com,+1-650-356-4394,2026-02-03,SOMA,Apple Pay,4.46
PAS001784,Paul Pennington,paulpennington@hotmail.com,+1-925-238-2837,2026-01-30,Pacific Heights,PayPal,4.7
PAS001785,Beverly Barrera,beverlybarrera@icloud.com,+1-925-701-7026,2026-02-24,Pacific Heights,Credit Card,4.79
PAS001786,Jacob Dickson,jacob.d@icloud.com,+1-831-518-6914,2025-12-08,Financial District,Debit Card,4.31
PAS001787,Jonathan Avila,jonathan.avila@gmail.com,+1-209-844-3845,2026-02-18,Berkeley,Apple Pay,4.65
PAS001788,Anna Savage,asavage@outlook.com,+1-408-689-6740,2026-04-28,Castro,Credit Card,4.63
PAS001789,Brittany Buchanan,brittany.buchanan@hotmail.com,+1-707-757-4997,2025-12-30,Chinatown,Debit Card,4.53
PAS001790,Christian Ayala,christian.ayala@aol.com,+1-209-965-8614,2025-05-30,Downtown SF,Credit Card,4.34
PAS001791,Amber Mccullough,ambermccullough@gmail.com,+1-209-348-2556,2025-11-19,Oakland,Credit Card,3.89
PAS001792,Karen George,karen.g@aol.com,+1-415-489-4161,2025-09-10,Marina,Debit Card,4.66
PAS001793,Jacob Romero,jromero@icloud.com,+1-831-470-1301,2025-10-14,Mission District,Credit Card,4.33
PAS001794,Richard Mendoza,rmendoza@gmail.com,+1-510-832-4275,2025-11-12,Mountain View,PayPal,4.37
PAS001795,Rebecca Harrington,rebecca.harrington@outlook.com,+1-650-378-7278,2025-08-09,Downtown SF,Credit Card,4.95
PAS001796,Alexis Harding,alexis.harding@outlook.com,+1-925-333-7329,2025-07-24,Haight-Ashbury,Debit Card,4.65
PAS001797,Ryan Ortega,rortega@gmail.com,+1-925-253-3558,2025-05-03,Marina,Credit Card,4.69
PAS001798,Anthony Davis,adavis@gmail.com,+1-209-323-5834,2026-01-02,Castro,Credit Card,4.99
PAS001799,Megan Cobb,megan15@gmail.com,+1-707-229-2205,2025-09-29,Financial District,Cash,4.08
PAS001800,Tiffany Lopez,tiffany10@outlook.com,+1-209-438-6867,2026-02-26,SOMA,Credit Card,4.25
PAS001801,Henry Guerrero,henry.g@hotmail.com,+1-510-683-8081,2025-12-19,Marina,Credit Card,4.25
PAS001802,Patrick Nichols,patrick.nichols@yahoo.com,+1-415-353-4042,2025-08-22,San Jose,Credit Card,4.04
PAS001803,Gerald Whitaker,gerald.whitaker@gmail.com,+1-831-624-6349,2026-04-05,Berkeley,Credit Card,3.65
PAS001804,Adam Harris,adam31@icloud.com,+1-650-397-7001,2025-05-09,Mountain View,Debit Card,4.91
PAS001805,Zachary Eaton,zachary66@gmail.com,+1-925-793-1718,2025-12-19,Castro,Credit Card,4.86
PAS001806,Ethan Hughes,ethan73@yahoo.com,+1-650-331-9126,2025-10-04,Palo Alto,Apple Pay,4.86
PAS001807,Wayne Whitney,wwhitney@aol.com,+1-707-367-7451,2026-02-27,Mission District,Debit Card,3.4
PAS001808,Benjamin Leblanc,benjamin.l@icloud.com,+1-510-610-5084,2026-02-14,Mission District,Apple Pay,4.24
PAS001809,Jeremy Gonzales,jeremy.gonzales@gmail.com,+1-510-464-3662,2025-11-26,Berkeley,Credit Card,4.41
PAS001810,Shirley Reynolds,shirley30@aol.com,+1-925-573-6002,2026-02-25,Haight-Ashbury,Credit Card,4.16
PAS001811,Nathan Johnston,nathanjohnston@outlook.com,+1-510-958-8699,2026-02-13,Mountain View,Debit Card,4.69
PAS001812,Eugene Gibbs,eugene.g@gmail.com,+1-831-611-6262,2026-03-12,Pacific Heights,Apple Pay,4.21
PAS001813,Samantha Hendrix,samantha.h@hotmail.com,+1-209-958-1080,2026-04-17,Marina,Debit Card,4.34
PAS001814,Angela Davis,angela.davis@outlook.com,+1-831-291-8561,2025-05-16,Downtown SF,Credit Card,3.86
PAS001815,Heather Henderson,heather.henderson@gmail.com,+1-510-888-3059,2025-11-03,North Beach,Apple Pay,4.75
PAS001816,Jason Sellers,jason.sellers@aol.com,+1-510-665-3659,2026-02-23,Downtown SF,Cash,4.09
PAS001817,Gary Massey,gary.m@outlook.com,+1-707-632-5252,2026-03-02,Downtown SF,Apple Pay,4.77
PAS001818,Linda Ortiz,linda.ortiz@aol.com,+1-707-497-3127,2026-03-28,San Jose,Credit Card,4.65
PAS001819,Aaron Stewart,aaron.s@yahoo.com,+1-925-276-3014,2025-04-01,Haight-Ashbury,Credit Card,4.3
PAS001820,Brenda Armstrong,brendaarmstrong@hotmail.com,+1-510-325-5152,2025-10-18,Mountain View,Credit Card,4.96
PAS001821,Cheryl Clayton,cclayton@outlook.com,+1-650-481-9653,2026-01-16,SOMA,Apple Pay,4.89
PAS001822,Steven Rios,srios@hotmail.com,+1-650-960-2200,2026-01-03,San Jose,Credit Card,3.95
PAS001823,Charles Meyers,charles75@outlook.com,+1-415-429-9495,2025-03-29,San Jose,Credit Card,4.25
PAS001824,Jordan Atkins,jordan22@icloud.com,+1-650-443-5572,2026-03-14,Mountain View,Debit Card,3.54
PAS001825,Roy Meyers,roy60@yahoo.com,+1-510-971-9114,2026-02-27,Pacific Heights,Credit Card,4.44
PAS001826,Adam Osborne,adamosborne@yahoo.com,+1-510-643-5429,2026-03-26,Financial District,PayPal,4.25
PAS001827,Benjamin Martinez,benjamin.martinez@hotmail.com,+1-925-305-2574,2026-02-15,Berkeley,PayPal,4.63
PAS001828,Jason Wilkinson,jason.wilkinson@yahoo.com,+1-925-856-7967,2025-08-28,Berkeley,Debit Card,4.67
PAS001829,Kathleen Fuentes,kathleen.fuentes@outlook.com,+1-415-854-8922,2025-07-02,Chinatown,Debit Card,4.68
PAS001830,Kelly Finley,kelly97@outlook.com,+1-831-254-2826,2026-02-03,Chinatown,Credit Card,4.83
PAS001831,Howard Leblanc,howard.leblanc@hotmail.com,+1-510-912-6287,2025-12-05,Oakland,Credit Card,3.97
PAS001832,Brenda Rollins,brollins@hotmail.com,+1-209-446-4901,2025-11-17,Pacific Heights,Credit Card,4.71
PAS001833,Olivia Carpenter,olivia.c@outlook.com,+1-408-642-8828,2026-01-08,Downtown SF,Cash,4.76
PAS001834,Matthew Pittman,matthew.p@hotmail.com,+1-650-571-4955,2026-03-25,Mission District,Credit Card,3.97
PAS001835,Alan Preston,alan.preston@hotmail.com,+1-415-777-4510,2025-12-15,North Beach,PayPal,4.47
PAS001836,Robert Gray,robert.g@hotmail.com,+1-831-770-8334,2026-04-18,Pacific Heights,Debit Card,4.64
PAS001837,Logan Martin,logan89@yahoo.com,+1-415-535-6804,2026-03-03,Downtown SF,PayPal,4.3
PAS001838,Denise Pitts,denise.p@yahoo.com,+1-510-743-5372,2025-12-27,North Beach,PayPal,4.57
PAS001839,Russell Porter,rporter@icloud.com,+1-415-606-4366,2026-04-24,Berkeley,Cash,4.47
PAS001840,Marilyn Chan,marilynchan@hotmail.com,+1-510-636-2554,2026-04-27,Mission District,PayPal,4.57
PAS001841,Jordan Nash,jordan.nash@aol.com,+1-831-381-8994,2025-12-25,Chinatown,Debit Card,4.47
PAS001842,Diana Kline,diana.k@icloud.com,+1-415-603-9229,2026-02-21,San Jose,Cash,4.87
PAS001843,Stephanie Sanders,stephaniesanders@aol.com,+1-510-671-6443,2025-05-03,Financial District,PayPal,4.69
PAS001844,Emily Weeks,emilyweeks@yahoo.com,+1-408-283-4037,2025-12-04,Castro,Credit Card,4.89
PAS001845,Heather Knox,heatherknox@hotmail.com,+1-415-906-4509,2025-10-09,Chinatown,Credit Card,4.02
PAS001846,Raymond Olsen,rolsen@yahoo.com,+1-209-916-2902,2026-01-20,Pacific Heights,PayPal,4.95
PAS001847,Lisa Dunn,lisadunn@outlook.com,+1-209-393-3358,2026-02-12,Marina,Credit Card,3.88
PAS001848,Benjamin Bond,benjaminbond@aol.com,+1-209-460-3947,2026-03-18,Mountain View,Debit Card,4.3
PAS001849,Betty Jefferson,betty.jefferson@icloud.com,+1-925-389-1568,2025-02-24,North Beach,Credit Card,4.26
PAS001850,Jordan Barker,jordan71@gmail.com,+1-707-865-9326,2025-11-12,North Beach,Apple Pay,4.99
PAS001851,Thomas Hendricks,thomas88@yahoo.com,+1-707-251-6395,2025-09-26,Financial District,PayPal,4.75
PAS001852,Paul Collier,paulcollier@aol.com,+1-415-984-6966,2026-02-24,Castro,Credit Card,4.43
PAS001853,Roy Pugh,rpugh@icloud.com,+1-408-604-5839,2025-11-09,Oakland,Apple Pay,4.87
PAS001854,George Glass,gglass@icloud.com,+1-707-664-3440,2026-02-23,Marina,PayPal,4.55
PAS001855,Teresa Holman,tholman@aol.com,+1-510-330-3434,2026-04-02,Mission District,Cash,2.87
PAS001856,Kathleen Carson,kathleen.carson@aol.com,+1-510-445-4399,2026-02-17,Downtown SF,Credit Card,4.03
PAS001857,Margaret Allen,margaret70@yahoo.com,+1-707-983-1726,2025-12-26,SOMA,Credit Card,4.18
PAS001858,Eric Hensley,eric83@icloud.com,+1-925-928-2697,2025-04-03,SOMA,Credit Card,3.72
PAS001859,Jason Washington,jasonwashington@yahoo.com,+1-650-234-8931,2026-04-25,San Jose,PayPal,4.57
PAS001860,Amy Sexton,asexton@gmail.com,+1-925-412-2717,2026-04-04,Marina,Credit Card,4.33
PAS001861,Jeremy Wilson,jeremy77@icloud.com,+1-209-731-4360,2026-01-31,North Beach,Credit Card,4.87
PAS001862,Joe Boyd,joeboyd@gmail.com,+1-831-958-4044,2026-04-01,SOMA,PayPal,4.82
PAS001863,Dennis Buchanan,dennis.b@gmail.com,+1-408-657-2107,2026-03-04,Castro,Credit Card,4.48
PAS001864,Margaret Whitney,margaret.whitney@outlook.com,+1-925-476-9920,2026-02-06,Chinatown,Debit Card,4.35
PAS001865,Cynthia Casey,cynthia.casey@yahoo.com,+1-209-853-5559,2026-04-10,Oakland,Credit Card,4.63
PAS001866,Nathan Ortega,nathan.ortega@gmail.com,+1-408-413-8297,2026-03-27,Downtown SF,Credit Card,4.63
PAS001867,Lori Cobb,lori83@outlook.com,+1-650-513-7000,2025-11-20,Castro,Debit Card,4.79
PAS001868,Brandon King,bking@gmail.com,+1-415-528-4811,2026-03-22,Mountain View,Credit Card,4.85
PAS001869,Carolyn Bowers,carolyn.b@icloud.com,+1-650-409-5322,2026-04-02,Chinatown,Credit Card,4.54
PAS001870,Emily Bell,emily.bell@icloud.com,+1-415-883-3935,2026-04-18,Financial District,PayPal,4.8
PAS001871,Albert Watkins,albert76@gmail.com,+1-650-946-9764,2026-04-16,Pacific Heights,Credit Card,4.77
PAS001872,Hannah Orr,hannah.o@yahoo.com,+1-707-727-8967,2025-11-27,Berkeley,Debit Card,4.04
PAS001873,Alexander Pena,alexander.pena@hotmail.com,+1-831-988-5829,2026-03-22,Mission District,Credit Card,4.84
PAS001874,Samuel Wheeler,samuel.wheeler@outlook.com,+1-415-590-7733,2025-11-26,Haight-Ashbury,Apple Pay,4.22
PAS001875,Wayne English,wenglish@yahoo.com,+1-408-292-2636,2026-03-26,Financial District,Credit Card,4.47
PAS001876,Sarah Hartman,sarah.hartman@gmail.com,+1-707-545-4608,2026-04-17,Downtown SF,Credit Card,4.77
PAS001877,Jordan Reid,jordanreid@aol.com,+1-510-394-5188,2026-02-12,Oakland,Credit Card,4.6
PAS001878,Joseph Estrada,jestrada@icloud.com,+1-510-677-1137,2025-10-25,San Jose,Apple Pay,4.91
PAS001879,Sharon Knox,sharonknox@gmail.com,+1-831-299-9822,2026-01-27,Financial District,Cash,4.63
PAS001880,Emily Diaz,emily11@hotmail.com,+1-650-246-8812,2026-02-06,SOMA,PayPal,3.97
PAS001881,Matthew Kramer,matthew33@outlook.com,+1-925-330-5891,2026-04-19,Haight-Ashbury,PayPal,4.5
PAS001882,Grace Sherman,gracesherman@yahoo.com,+1-707-528-1993,2026-04-19,San Jose,Credit Card,4.55
PAS001883,Adam Boone,adam.b@aol.com,+1-415-543-4585,2025-02-08,Haight-Ashbury,Apple Pay,4.88
PAS001884,Nathan Whitney,nathan.whitney@yahoo.com,+1-415-661-3603,2026-01-28,Mountain View,Credit Card,3.52
PAS001885,Angela Nguyen,angela89@outlook.com,+1-415-439-6140,2026-03-30,Berkeley,Credit Card,4.41
PAS001886,Olivia Carson,olivia.c@gmail.com,+1-831-752-5309,2026-03-14,Pacific Heights,Credit Card,3.78
PAS001887,Samuel Deleon,sdeleon@aol.com,+1-510-946-8327,2025-09-10,Pacific Heights,Debit Card,4.3
PAS001888,Emma Weaver,emma14@hotmail.com,+1-415-851-6923,2025-12-09,Mountain View,Debit Card,4.51
PAS001889,Nancy Nicholson,nancy98@outlook.com,+1-209-487-1157,2025-10-18,Financial District,Debit Card,4.99
PAS001890,Brian Phillips,bphillips@aol.com,+1-209-523-4976,2026-02-25,Downtown SF,Credit Card,4.53
PAS001891,Michael Ramos,michael38@aol.com,+1-510-510-1545,2026-03-05,Castro,PayPal,4.88
PAS001892,Louis Terrell,louis.terrell@outlook.com,+1-209-219-2182,2026-04-24,Palo Alto,Credit Card,4.22
PAS001893,Angela Wise,angela65@hotmail.com,+1-925-205-1803,2026-04-15,Downtown SF,Apple Pay,4.76
PAS001894,David Moran,david.moran@hotmail.com,+1-831-460-6878,2026-03-26,Pacific Heights,Credit Card,4.14
PAS001895,Danielle Salinas,danielle.s@yahoo.com,+1-925-949-9773,2026-04-15,San Jose,PayPal,4.72
PAS001896,Nathan Conley,nathan31@outlook.com,+1-415-488-3326,2026-04-18,Palo Alto,Apple Pay,4.13
PAS001897,Larry Shaffer,larryshaffer@hotmail.com,+1-209-632-1991,2025-10-24,Mission District,Credit Card,4.26
PAS001898,Deborah Chang,dchang@icloud.com,+1-707-956-2296,2025-10-09,Mission District,Debit Card,4.96
PAS001899,Martha Patterson,martha.patterson@outlook.com,+1-707-381-7109,2026-04-19,Downtown SF,PayPal,4.76
PAS001900,Carl Wallace,carl.w@hotmail.com,+1-415-515-4936,2026-04-01,Mission District,Debit Card,3.89
PAS001901,Gregory Harris,gregory.harris@outlook.com,+1-925-272-8091,2025-12-09,Oakland,Credit Card,4.84
PAS001902,Stephen Orr,sorr@yahoo.com,+1-510-840-1653,2025-09-02,Berkeley,Debit Card,4.91
PAS001903,Ryan Silva,ryansilva@gmail.com,+1-209-611-8730,2025-11-23,Downtown SF,Credit Card,4.76
PAS001904,Dorothy Sawyer,dsawyer@gmail.com,+1-831-722-5161,2026-01-31,Mountain View,Apple Pay,4.17
PAS001905,Justin Simon,justin.s@outlook.com,+1-925-574-9275,2025-08-18,Financial District,Credit Card,4.67
PAS001906,Johnny Daniels,johnny42@gmail.com,+1-408-389-9331,2026-04-11,Mountain View,Apple Pay,4.66
PAS001907,Cynthia Peterson,cynthiapeterson@outlook.com,+1-650-478-5571,2026-04-29,San Jose,Debit Card,3.71
PAS001908,Christian Russo,christian.r@outlook.com,+1-707-788-2512,2026-03-23,Berkeley,Debit Card,4.67
PAS001909,Jonathan Holloway,jonathan.h@hotmail.com,+1-415-205-6071,2026-02-18,Haight-Ashbury,Apple Pay,4.45
PAS001910,Gregory Rivers,grivers@yahoo.com,+1-650-859-5738,2026-04-21,Chinatown,Debit Card,4.75
PAS001911,Amy Lowery,amy.l@gmail.com,+1-209-969-4996,2026-03-19,North Beach,Credit Card,3.81
PAS001912,Diane Barrera,dbarrera@outlook.com,+1-925-785-8700,2026-02-20,Mountain View,Debit Card,4.75
PAS001913,Timothy Beard,timothy.beard@hotmail.com,+1-408-480-3425,2025-10-18,Castro,Debit Card,4.49
PAS001914,Mark Chen,mark.c@outlook.com,+1-510-633-3077,2025-10-02,Palo Alto,Apple Pay,4.57
PAS001915,Janice Giles,janice67@outlook.com,+1-831-668-8086,2026-01-08,Haight-Ashbury,Debit Card,4.8
PAS001916,Marie Mcclain,marie.m@gmail.com,+1-510-815-4108,2025-12-21,Mountain View,Credit Card,4.63
PAS001917,Janet Hicks,janet58@yahoo.com,+1-707-790-4450,2026-03-21,Mission District,Debit Card,3.81
PAS001918,Zachary Deleon,zdeleon@gmail.com,+1-707-630-8331,2026-04-12,Castro,Credit Card,4.79
PAS001919,Theresa Griffin,theresa13@aol.com,+1-831-951-4482,2025-11-01,San Jose,Debit Card,4.85
PAS001920,Deborah Buckley,dbuckley@outlook.com,+1-415-877-5964,2026-01-02,Palo Alto,Cash,3.5
PAS001921,Brenda Parrish,bparrish@gmail.com,+1-925-234-6823,2026-02-24,San Jose,PayPal,4.56
PAS001922,Evelyn Montoya,evelynmontoya@hotmail.com,+1-415-913-2401,2026-03-05,Castro,Credit Card,4.55
PAS001923,Jack Schwartz,jack.s@hotmail.com,+1-415-855-9818,2026-04-13,Castro,Debit Card,3.63
PAS001924,Judith Barton,judith26@outlook.com,+1-408-702-5232,2026-01-28,Mountain View,Credit Card,3.96
PAS001925,Jonathan Rush,jonathan44@hotmail.com,+1-707-926-8756,2025-07-24,Haight-Ashbury,Credit Card,4.37
PAS001926,Bobby Contreras,bobbycontreras@hotmail.com,+1-925-388-1052,2026-03-12,Berkeley,Credit Card,4.64
PAS001927,Christine Robinson,christine82@yahoo.com,+1-415-902-8361,2025-11-19,SOMA,PayPal,4.89
PAS001928,Ethan Guerra,ethan.g@aol.com,+1-650-686-7374,2025-06-15,Financial District,Credit Card,4.08
PAS001929,Katherine Trujillo,ktrujillo@gmail.com,+1-925-361-7985,2025-10-09,Palo Alto,Credit Card,4.17
PAS001930,Julie Sanchez,jsanchez@outlook.com,+1-415-851-4070,2025-10-22,San Jose,Credit Card,4.79
PAS001931,Noah Deleon,noah97@hotmail.com,+1-650-856-5677,2025-09-20,Marina,Credit Card,4.74
PAS001932,Marie Ayala,marie.ayala@outlook.com,+1-831-305-8083,2025-05-01,Castro,Apple Pay,4.33
PAS001933,Laura Merritt,lmerritt@aol.com,+1-925-342-5557,2026-02-08,North Beach,Credit Card,4.79
PAS001934,Margaret Petersen,margaret.p@gmail.com,+1-510-598-4162,2026-04-30,Oakland,Credit Card,4.74
PAS001935,Kelly Mccullough,kelly.mccullough@aol.com,+1-209-377-6621,2025-12-15,Financial District,Credit Card,4.62
PAS001936,Amanda Bridges,amanda.bridges@outlook.com,+1-510-557-7997,2026-01-02,Financial District,Debit Card,4.93
PAS001937,Cheryl Leach,cleach@icloud.com,+1-650-413-1876,2026-01-07,North Beach,PayPal,4.35
PAS001938,Lori Roberts,lori.r@gmail.com,+1-408-420-6044,2026-04-05,Palo Alto,Credit Card,4.9
PAS001939,Louis Best,louisbest@yahoo.com,+1-209-506-4796,2026-03-27,SOMA,Apple Pay,4.93
PAS001940,Douglas William,douglas32@icloud.com,+1-925-300-1061,2026-03-27,Mission District,Debit Card,4.66
PAS001941,Ralph Ware,ralph.w@aol.com,+1-707-825-2930,2026-03-26,Mission District,Credit Card,4.7
PAS001942,Diana Warren,diana83@outlook.com,+1-925-240-5051,2026-02-15,Mission District,Apple Pay,4.53
PAS001943,Margaret Mckee,margaret.m@outlook.com,+1-510-469-8121,2025-05-02,Mountain View,Credit Card,4.55
PAS001944,Carolyn Joyce,carolyn.joyce@gmail.com,+1-650-228-4089,2026-04-18,Palo Alto,Credit Card,4.42
PAS001945,Cynthia Chen,cynthia17@icloud.com,+1-831-642-8089,2025-12-09,Oakland,Cash,4.51
PAS001946,Dylan Blake,dylanblake@icloud.com,+1-925-393-4404,2025-11-28,Berkeley,Credit Card,4.42
PAS001947,Andrea Davenport,andrea96@yahoo.com,+1-925-594-4970,2026-01-31,North Beach,Cash,4.78
PAS001948,Vincent Miranda,vincent40@aol.com,+1-707-254-4991,2026-02-28,Downtown SF,Credit Card,4.75
PAS001949,Deborah Garza,dgarza@yahoo.com,+1-510-664-4348,2026-01-26,Palo Alto,Credit Card,4.46
PAS001950,Karen Fischer,karen30@gmail.com,+1-707-560-4241,2026-02-26,SOMA,Apple Pay,4.83
PAS001951,Adam Lester,adam.l@yahoo.com,+1-925-870-6000,2025-12-26,Oakland,Credit Card,3.14
PAS001952,Ethan Winters,ewinters@yahoo.com,+1-831-771-8559,2026-03-29,San Jose,Credit Card,4.51
PAS001953,Tiffany Stephenson,tiffanystephenson@aol.com,+1-925-808-2298,2025-10-09,San Jose,Credit Card,4.84
PAS001954,Carol Leblanc,cleblanc@yahoo.com,+1-209-691-5212,2025-12-01,North Beach,Credit Card,4.46
PAS001955,Janice Bradford,janice.bradford@gmail.com,+1-925-218-8259,2026-03-22,Haight-Ashbury,Credit Card,4.57
PAS001956,Randy Palmer,rpalmer@icloud.com,+1-831-521-3992,2025-02-18,Palo Alto,Credit Card,4.63
PAS001957,Angela Schwartz,angela22@outlook.com,+1-408-276-9417,2025-11-09,Downtown SF,Credit Card,4.48
PAS001958,Andrew Martin,andrew.martin@hotmail.com,+1-510-921-1130,2025-12-11,North Beach,Debit Card,4.7
PAS001959,Anthony Harding,anthonyharding@icloud.com,+1-925-455-5071,2026-02-21,North Beach,Credit Card,4.85
PAS001960,Joseph Daniels,joseph64@outlook.com,+1-510-498-7482,2025-12-03,Marina,Credit Card,4.58
PAS001961,Carolyn Massey,carolyn.massey@icloud.com,+1-408-578-4424,2025-11-20,Mountain View,Credit Card,3.85
PAS001962,Thomas Osborn,thomas.osborn@gmail.com,+1-707-723-5950,2025-09-23,Castro,Debit Card,4.48
PAS001963,Diane Harrell,diane.harrell@yahoo.com,+1-209-258-1758,2026-04-11,Berkeley,PayPal,4.13
PAS001964,Ralph Cooper,rcooper@hotmail.com,+1-408-294-8389,2026-03-29,Castro,Debit Card,3.66
PAS001965,Henry Walker,henrywalker@gmail.com,+1-650-306-8295,2026-01-07,Marina,PayPal,4.84
PAS001966,Kyle Delgado,kyle.d@outlook.com,+1-415-285-1093,2026-03-15,Mission District,Credit Card,3.88
PAS001967,Jane Mclaughlin,janemclaughlin@outlook.com,+1-650-278-3589,2026-02-07,Mountain View,Apple Pay,3.73
PAS001968,Kenneth Lindsey,kenneth.lindsey@outlook.com,+1-510-413-9588,2026-03-19,Haight-Ashbury,Credit Card,4.29
PAS001969,Christine Sherman,christine.s@outlook.com,+1-831-254-3802,2025-10-08,Mountain View,Debit Card,4.94
PAS001970,Albert Sparks,albert20@yahoo.com,+1-707-755-1678,2026-04-16,Palo Alto,Credit Card,4.23
PAS001971,Stephen Mcdowell,stephen.mcdowell@icloud.com,+1-415-233-5961,2026-04-25,Castro,Apple Pay,4.45
PAS001972,Susan Gray,susangray@gmail.com,+1-510-785-6373,2025-02-04,Financial District,Credit Card,3.22
PAS001973,Bruce Dyer,brucedyer@outlook.com,+1-831-814-4121,2026-03-11,San Jose,Apple Pay,3.93
PAS001974,Olivia Gill,ogill@icloud.com,+1-831-627-1814,2026-04-10,Palo Alto,PayPal,4.54
PAS001975,Katherine Floyd,katherine74@outlook.com,+1-650-524-8736,2025-11-28,Castro,Cash,4.13
PAS001976,John Colon,johncolon@hotmail.com,+1-831-467-1932,2026-02-12,Haight-Ashbury,Credit Card,4.69
PAS001977,Beverly Sandoval,beverly.s@outlook.com,+1-510-999-9061,2026-03-29,Castro,Apple Pay,3.88
PAS001978,Eric Gonzales,ericgonzales@outlook.com,+1-209-311-2897,2026-01-21,Pacific Heights,Debit Card,4.32
PAS001979,Grace Livingston,glivingston@gmail.com,+1-707-769-1345,2026-02-20,Mission District,PayPal,4.91
PAS001980,Judy Walter,judy95@hotmail.com,+1-209-243-3791,2024-12-17,Haight-Ashbury,Credit Card,3.69
PAS001981,Hannah Velez,hannah58@gmail.com,+1-925-477-5746,2026-04-08,Mission District,Debit Card,4.74
PAS001982,Scott Waters,scott.w@hotmail.com,+1-650-966-7625,2026-03-12,North Beach,Debit Card,4.7
PAS001983,Rose Lee,rose.l@gmail.com,+1-707-244-2061,2026-03-20,Castro,Credit Card,4.65
PAS001984,Ashley George,ashley.g@aol.com,+1-831-989-3896,2026-01-11,Haight-Ashbury,PayPal,4.66
PAS001985,Roger Quinn,rquinn@gmail.com,+1-925-346-5174,2026-03-26,Mission District,Credit Card,3.92
PAS001986,Joyce Chen,joyce.c@gmail.com,+1-925-353-1091,2025-05-12,North Beach,Credit Card,4.78
PAS001987,Maria Valdez,maria.valdez@outlook.com,+1-415-245-8031,2025-11-11,Chinatown,Credit Card,4.78
PAS001988,Karen Tyler,ktyler@hotmail.com,+1-209-357-4696,2026-03-16,Financial District,PayPal,4.7
PAS001989,Angela Bond,abond@outlook.com,+1-510-899-1776,2026-04-07,Castro,Credit Card,4.43
PAS001990,Nicholas Hayes,nicholas.hayes@hotmail.com,+1-415-229-9098,2026-04-01,Haight-Ashbury,Apple Pay,3.79
PAS001991,Patricia James,pjames@hotmail.com,+1-510-927-9796,2026-02-22,Mountain View,Credit Card,4.81
PAS001992,Mary Garcia,mgarcia@icloud.com,+1-925-383-9305,2026-03-12,Pacific Heights,Debit Card,3.68
PAS001993,Jack Roman,jroman@gmail.com,+1-831-694-8900,2026-02-07,San Jose,Credit Card,4.61
PAS001994,Barbara Mueller,bmueller@yahoo.com,+1-510-818-3610,2026-01-11,San Jose,Debit Card,4.43
PAS001995,Amanda Sheppard,amanda39@icloud.com,+1-510-465-4363,2026-03-01,Downtown SF,Credit Card,4.57
PAS001996,Gabriel Haley,gabriel.haley@hotmail.com,+1-650-663-3895,2026-03-23,Berkeley,Credit Card,4.92
PAS001997,Janet Cardenas,janet.c@yahoo.com,+1-408-632-8599,2026-03-04,Mountain View,Cash,4.83
PAS001998,Brenda Edwards,brenda.e@gmail.com,+1-650-903-1736,2026-03-24,Castro,Credit Card,4.16
PAS001999,Beverly Blanchard,beverly44@aol.com,+1-209-843-7407,2026-01-11,Financial District,Apple Pay,4.88
PAS002000,Louis Herring,louis.herring@gmail.com,+1-650-887-3706,2025-12-30,Castro,Credit Card,4.43
PAS002001,Ashley Hensley,ashley.hensley@icloud.com,+1-408-624-2573,2025-11-25,Berkeley,Debit Card,4.72
PAS002002,Patricia Middleton,patricia.middleton@yahoo.com,+1-707-702-1630,2026-02-12,San Jose,Credit Card,4.49
PAS002003,Sarah Melton,sarahmelton@aol.com,+1-415-952-7524,2026-04-10,Berkeley,Cash,4.91
PAS002004,Kathleen Blackwell,kathleenblackwell@hotmail.com,+1-707-833-6762,2026-03-06,Mountain View,PayPal,4.0
PAS002005,Danielle Gonzales,danielle.gonzales@outlook.com,+1-209-587-2259,2026-02-07,Haight-Ashbury,Apple Pay,4.64
PAS002006,Randy Snow,randy.s@outlook.com,+1-707-754-7497,2025-04-16,Mountain View,Credit Card,4.8
PAS002007,Angela Hawkins,angela.hawkins@yahoo.com,+1-707-449-7155,2026-04-21,Chinatown,Debit Card,4.26
PAS002008,Walter Payne,walter.payne@icloud.com,+1-650-382-6344,2025-10-09,Palo Alto,Cash,4.85
PAS002009,Stephen Clay,stephen.c@gmail.com,+1-831-829-5394,2025-09-25,Downtown SF,Credit Card,4.15
PAS002010,Billy Wiley,bwiley@yahoo.com,+1-209-299-9778,2026-04-27,Mountain View,Debit Card,4.91
PAS002011,Stephanie Peck,stephanie.peck@gmail.com,+1-415-855-1073,2025-12-27,Haight-Ashbury,Cash,4.27
PAS002012,Heather Roberson,heather79@icloud.com,+1-925-446-4791,2026-01-10,Downtown SF,Credit Card,4.84
PAS002013,Ashley Garcia,agarcia@gmail.com,+1-408-918-6131,2026-04-11,Palo Alto,Credit Card,4.72
PAS002014,Albert Mosley,albert.m@icloud.com,+1-209-239-7288,2026-02-07,Pacific Heights,Credit Card,4.66
PAS002015,Arthur Reid,arthur70@icloud.com,+1-415-491-5630,2025-11-17,North Beach,Apple Pay,4.14
PAS002016,Billy Diaz,billy91@aol.com,+1-408-259-5305,2025-06-19,North Beach,Apple Pay,4.44
PAS002017,Patricia Tran,patricia.t@icloud.com,+1-415-363-8462,2026-04-28,Haight-Ashbury,Credit Card,3.49
PAS002018,Shirley Espinoza,shirleyespinoza@gmail.com,+1-415-528-1818,2026-04-28,Mountain View,Apple Pay,4.88
PAS002019,Donald Mcintyre,donald79@outlook.com,+1-707-505-8900,2026-02-16,Marina,PayPal,3.75
PAS002020,Sean Ellison,sean.e@hotmail.com,+1-650-696-6037,2026-04-27,Downtown SF,PayPal,3.98
PAS002021,Maria Mason,mariamason@icloud.com,+1-707-202-8281,2025-07-10,SOMA,Credit Card,3.7
PAS002022,Raymond Norton,raymondnorton@gmail.com,+1-707-910-3294,2026-03-24,Chinatown,Credit Card,4.11
PAS002023,Patrick Kim,patrick50@gmail.com,+1-510-393-6398,2025-07-26,SOMA,Credit Card,4.45
PAS002024,Nicholas Montoya,nicholas.montoya@outlook.com,+1-209-888-6661,2026-04-29,Downtown SF,Credit Card,4.06
PAS002025,Vincent Sawyer,vincentsawyer@icloud.com,+1-510-743-5378,2025-06-03,Mission District,Debit Card,4.2
PAS002026,Gloria Ramirez,gloria.ramirez@hotmail.com,+1-510-330-1361,2025-11-26,Berkeley,Credit Card,4.44
PAS002027,James Hickman,james.hickman@hotmail.com,+1-707-269-6426,2025-12-01,Haight-Ashbury,Credit Card,3.93
PAS002028,Dylan Roach,dylanroach@yahoo.com,+1-209-616-3382,2025-09-28,San Jose,Credit Card,4.5
PAS002029,Ethan Huffman,ethan.h@icloud.com,+1-925-658-4704,2026-04-27,Chinatown,Credit Card,4.59
PAS002030,Megan Kline,megan.kline@icloud.com,+1-650-890-7056,2025-05-24,SOMA,Cash,4.99
PAS002031,Timothy Mays,tmays@gmail.com,+1-707-622-4255,2025-04-08,Haight-Ashbury,PayPal,4.67
PAS002032,Barbara Wiley,barbarawiley@hotmail.com,+1-510-408-8818,2026-03-23,Marina,Apple Pay,3.43
PAS002033,Billy Brady,billy.brady@yahoo.com,+1-707-748-2138,2025-12-16,Financial District,Credit Card,4.34
PAS002034,Jeffrey Schroeder,jeffrey.s@hotmail.com,+1-408-641-5873,2024-11-08,Marina,Credit Card,4.37
PAS002035,Kelly Pitts,kellypitts@gmail.com,+1-925-956-6162,2025-08-08,Berkeley,Debit Card,4.34
PAS002036,Jordan Nunez,jnunez@icloud.com,+1-510-576-1519,2025-04-20,San Jose,Apple Pay,4.44
PAS002037,Marie Nolan,marie.nolan@hotmail.com,+1-831-918-4812,2026-04-18,San Jose,Debit Card,4.91
PAS002038,Abigail Vasquez,avasquez@icloud.com,+1-209-620-4739,2024-09-21,Marina,Credit Card,4.72
PAS002039,Juan Roberts,juanroberts@gmail.com,+1-925-359-4443,2025-09-20,Marina,Credit Card,4.74
PAS002040,Jeffrey Gentry,jeffreygentry@gmail.com,+1-831-204-3378,2025-12-22,Castro,Credit Card,4.63
PAS002041,Michael Knapp,michaelknapp@outlook.com,+1-415-464-1094,2026-02-19,Downtown SF,Apple Pay,4.55
PAS002042,Marie Park,marie.p@outlook.com,+1-831-639-9439,2026-04-02,Pacific Heights,Apple Pay,4.86
PAS002043,Megan Baker,meganbaker@outlook.com,+1-415-955-3624,2025-07-05,North Beach,Cash,4.72
PAS002044,Benjamin Booker,benjamin.b@outlook.com,+1-831-407-7771,2026-02-17,Chinatown,Apple Pay,4.55
PAS002045,Linda Davenport,ldavenport@yahoo.com,+1-415-768-9615,2026-01-27,SOMA,PayPal,4.3
PAS002046,Stephanie Dunn,stephanie.d@outlook.com,+1-415-295-9880,2026-03-04,SOMA,Apple Pay,4.76
PAS002047,Emma Pruitt,emma.pruitt@aol.com,+1-209-570-2626,2026-02-18,Chinatown,Cash,4.56
PAS002048,Marie Shaffer,marie.shaffer@gmail.com,+1-831-392-7615,2026-03-10,North Beach,Credit Card,3.46
PAS002049,Sara Warren,sara.warren@outlook.com,+1-831-211-1225,2025-11-10,Haight-Ashbury,Credit Card,2.89
PAS002050,Ethan Mathews,ethan.m@gmail.com,+1-650-698-1769,2026-03-11,Pacific Heights,Credit Card,4.82
PAS002051,Russell Hicks,russellhicks@icloud.com,+1-925-586-6284,2026-03-13,Chinatown,Apple Pay,4.34
PAS002052,Jennifer Meyers,jennifer.meyers@aol.com,+1-209-811-3198,2026-01-27,SOMA,PayPal,4.94
PAS002053,Rose Klein,rose.k@icloud.com,+1-209-819-8255,2025-11-29,Downtown SF,Credit Card,4.26
PAS002054,Sharon Herrera,sharon.h@gmail.com,+1-408-470-1071,2026-04-10,Financial District,Credit Card,4.14
PAS002055,Marie Nash,marie43@icloud.com,+1-209-764-1729,2026-04-11,Palo Alto,Credit Card,4.41
PAS002056,Anna Herring,annaherring@hotmail.com,+1-831-525-9834,2025-10-30,Haight-Ashbury,PayPal,4.5
PAS002057,Marie Blackwell,marieblackwell@outlook.com,+1-415-387-2637,2026-04-08,Marina,Debit Card,4.74
PAS002058,Sarah Barrera,sarah.barrera@outlook.com,+1-831-965-7799,2025-10-21,Pacific Heights,Credit Card,4.32
PAS002059,Joseph Figueroa,joseph.f@icloud.com,+1-209-850-5975,2026-03-22,Marina,Debit Card,4.94
PAS002060,Brittany Clark,bclark@aol.com,+1-415-919-4467,2026-04-09,North Beach,Credit Card,4.36
PAS002061,Gerald Fox,gerald92@aol.com,+1-408-649-2751,2025-07-01,SOMA,Credit Card,4.54
PAS002062,Victoria Hull,vhull@gmail.com,+1-925-282-6466,2026-02-25,San Jose,Apple Pay,4.84
PAS002063,Samantha Pacheco,samantha.pacheco@yahoo.com,+1-209-405-2275,2026-03-14,Pacific Heights,Apple Pay,3.98
PAS002064,Kevin West,kevin71@outlook.com,+1-650-476-8872,2025-10-18,Financial District,PayPal,4.35
PAS002065,Bryan Greer,bryangreer@yahoo.com,+1-510-708-9923,2026-03-02,SOMA,Credit Card,4.57
PAS002066,Evelyn Guerrero,evelyn14@aol.com,+1-209-618-8122,2025-12-28,SOMA,Debit Card,4.14
PAS002067,William Browning,william.browning@outlook.com,+1-925-932-7569,2026-01-05,Pacific Heights,Credit Card,4.29
PAS002068,Patricia Graham,pgraham@outlook.com,+1-925-616-7327,2026-01-29,SOMA,Credit Card,4.66
PAS002069,Sandra Crosby,scrosby@icloud.com,+1-707-637-6618,2026-04-26,Oakland,Credit Card,4.62
PAS002070,Steven Huff,steven53@yahoo.com,+1-925-542-7912,2026-03-28,Haight-Ashbury,Credit Card,4.96
PAS002071,Kyle Warren,kylewarren@icloud.com,+1-415-674-3654,2025-09-04,SOMA,PayPal,4.48
PAS002072,Kimberly Petersen,kimberly.p@hotmail.com,+1-415-643-1384,2026-01-23,Mission District,Apple Pay,4.29
PAS002073,Benjamin Guerrero,benjaminguerrero@icloud.com,+1-650-648-4823,2025-10-07,Chinatown,Credit Card,4.78
PAS002074,Jose Huynh,jose.h@yahoo.com,+1-408-830-3211,2026-03-03,San Jose,Credit Card,4.88
PAS002075,Stephanie Bartlett,stephanie.b@icloud.com,+1-831-341-3541,2026-01-20,Castro,Credit Card,4.72
PAS002076,Diana Quinn,diana.q@aol.com,+1-831-391-7754,2026-02-12,Mountain View,PayPal,4.71
PAS002077,Douglas Price,douglasprice@hotmail.com,+1-831-581-9146,2026-03-30,Pacific Heights,Credit Card,4.32
PAS002078,Logan Weeks,logan.w@hotmail.com,+1-408-702-2297,2026-04-30,Berkeley,Apple Pay,4.08
PAS002079,Brandon Best,bbest@yahoo.com,+1-209-437-6990,2026-02-06,Downtown SF,Apple Pay,4.38
PAS002080,Diana Mathews,diana.mathews@aol.com,+1-510-352-8011,2026-04-14,Haight-Ashbury,Credit Card,4.63
PAS002081,Pamela Combs,pamela.combs@icloud.com,+1-831-277-5665,2026-04-04,Financial District,Credit Card,4.07
PAS002082,Elizabeth Harding,elizabeth.harding@gmail.com,+1-510-640-7426,2025-12-24,Castro,Apple Pay,4.72
PAS002083,Alan Valentine,alan51@hotmail.com,+1-925-937-5073,2026-04-25,Downtown SF,Apple Pay,4.46
PAS002084,Susan Powell,susan.p@hotmail.com,+1-831-333-9043,2025-12-22,Berkeley,Credit Card,4.32
PAS002085,Scott Bond,scottbond@gmail.com,+1-707-385-3138,2026-02-11,Castro,PayPal,4.57
PAS002086,Alan Estes,alan.e@outlook.com,+1-408-257-9176,2025-07-14,San Jose,Credit Card,4.32
PAS002087,Ronald Shaw,rshaw@outlook.com,+1-707-992-7551,2025-06-25,Financial District,Apple Pay,4.78
PAS002088,Margaret Carter,margaret.carter@aol.com,+1-831-969-2076,2025-06-21,Palo Alto,Credit Card,4.82
PAS002089,Donald Sweeney,donaldsweeney@aol.com,+1-925-200-3405,2026-04-27,Castro,Cash,4.9
PAS002090,William Harris,william62@yahoo.com,+1-650-669-7889,2026-02-19,Mountain View,Credit Card,4.66
PAS002091,Angela Parks,angela.p@aol.com,+1-925-981-7781,2025-11-27,Castro,Apple Pay,4.67
PAS002092,Emily Hartman,emily96@gmail.com,+1-707-397-5660,2026-01-10,North Beach,Credit Card,4.49
PAS002093,Hannah Sandoval,hannah.sandoval@outlook.com,+1-415-360-9328,2026-04-06,Castro,Credit Card,4.56
PAS002094,Olivia Blackburn,oliviablackburn@aol.com,+1-209-551-6884,2026-03-06,Financial District,Debit Card,4.85
PAS002095,Brittany Branch,brittany73@icloud.com,+1-650-260-5265,2025-11-27,Berkeley,Debit Card,3.81
PAS002096,Sarah Bridges,sarahbridges@icloud.com,+1-650-981-4742,2026-03-31,Downtown SF,Credit Card,4.44
PAS002097,Betty Mathews,bettymathews@gmail.com,+1-408-842-3193,2025-03-16,Financial District,PayPal,4.96
PAS002098,Christian Blackwell,christian45@aol.com,+1-925-432-4733,2025-11-03,San Jose,Credit Card,4.37
PAS002099,Kimberly Freeman,kimberly85@hotmail.com,+1-209-737-8021,2026-04-15,Mountain View,Debit Card,4.46
PAS002100,Jacqueline Acevedo,jacqueline.acevedo@hotmail.com,+1-209-665-3121,2026-04-23,Pacific Heights,Credit Card,4.67
PAS002101,Gabriel Peck,gabriel60@icloud.com,+1-209-353-9354,2026-02-05,Marina,Apple Pay,4.62
PAS002102,Jane Roy,jane.r@gmail.com,+1-831-661-2220,2025-07-17,Downtown SF,PayPal,4.89
PAS002103,William Mcknight,wmcknight@icloud.com,+1-925-498-3846,2025-11-07,Financial District,Credit Card,3.85
PAS002104,Roger Palmer,roger.p@yahoo.com,+1-510-588-5254,2025-10-27,SOMA,Debit Card,4.08
PAS002105,Ashley Aguilar,ashleyaguilar@outlook.com,+1-707-718-6712,2025-12-10,Financial District,Apple Pay,4.4
PAS002106,Ethan Turner,ethan33@icloud.com,+1-510-201-6609,2026-02-17,Oakland,Debit Card,4.58
PAS002107,Janet Hardin,janet.h@icloud.com,+1-510-570-9663,2025-08-15,Berkeley,Debit Card,4.34
PAS002108,Eric Rios,eric43@outlook.com,+1-707-319-3414,2026-03-01,San Jose,Apple Pay,4.61
PAS002109,Laura Pratt,laura36@hotmail.com,+1-415-933-8657,2026-03-01,Berkeley,Apple Pay,4.72
PAS002110,Michael Leon,mleon@aol.com,+1-408-272-4921,2025-11-03,Financial District,Debit Card,4.99
PAS002111,Frank Oneill,frank93@yahoo.com,+1-707-660-9845,2026-04-03,Berkeley,PayPal,4.19
PAS002112,Abigail Doyle,abigail.d@gmail.com,+1-209-414-3023,2026-04-20,SOMA,PayPal,4.78
PAS002113,Teresa Hicks,teresa.hicks@gmail.com,+1-650-602-6055,2026-02-17,Oakland,PayPal,4.9
PAS002114,Joshua Foster,joshua.f@gmail.com,+1-707-462-5302,2026-01-17,San Jose,Credit Card,4.3
PAS002115,Christian Sheppard,christian.s@yahoo.com,+1-209-850-8466,2026-02-27,Downtown SF,Credit Card,3.62
PAS002116,Walter Morris,walter.morris@outlook.com,+1-415-836-7078,2025-07-02,Oakland,Credit Card,4.51
PAS002117,Vincent Thompson,vthompson@yahoo.com,+1-831-884-4560,2026-02-15,SOMA,Apple Pay,4.67
PAS002118,Joan Hensley,joan32@aol.com,+1-408-333-8002,2026-02-02,Castro,Cash,4.92
PAS002119,Evelyn Porter,eporter@icloud.com,+1-415-461-9045,2026-04-25,Downtown SF,Credit Card,4.54
PAS002120,Andrea Randolph,andrearandolph@outlook.com,+1-209-706-6387,2026-04-23,SOMA,Credit Card,4.91
PAS002121,Olivia Morton,olivia.m@icloud.com,+1-831-399-7370,2026-02-07,Financial District,Credit Card,4.84
PAS002122,Margaret Carrillo,margaret48@hotmail.com,+1-925-310-9934,2026-02-23,Oakland,Apple Pay,4.57
PAS002123,Laura Trujillo,ltrujillo@aol.com,+1-650-739-3712,2026-04-07,Haight-Ashbury,Credit Card,3.51
PAS002124,Donna Church,donna.church@outlook.com,+1-707-307-6172,2025-11-16,Financial District,Debit Card,4.55
PAS002125,Emily Mcintosh,emilymcintosh@outlook.com,+1-925-657-9902,2026-03-17,Palo Alto,Credit Card,4.87
PAS002126,Amy English,amy22@aol.com,+1-707-952-4668,2026-03-18,Marina,Credit Card,4.92
PAS002127,Timothy Howard,thoward@icloud.com,+1-408-272-4492,2025-11-01,Oakland,Credit Card,3.9
PAS002128,Scott Sweeney,ssweeney@gmail.com,+1-831-967-2552,2026-04-20,Palo Alto,Debit Card,4.61
PAS002129,Noah Ware,noah.ware@yahoo.com,+1-510-220-1334,2026-03-22,San Jose,Apple Pay,4.26
PAS002130,Barbara Stone,barbara.s@outlook.com,+1-925-878-6845,2026-04-17,Mountain View,Debit Card,4.25
PAS002131,Teresa Barrera,teresa.barrera@gmail.com,+1-707-323-3051,2025-07-25,Castro,PayPal,4.31
PAS002132,Ryan Randolph,ryan.randolph@aol.com,+1-831-397-2565,2026-02-09,Financial District,Credit Card,4.1
PAS002133,Olivia Williams,oliviawilliams@outlook.com,+1-831-812-4411,2026-02-06,SOMA,PayPal,4.78
PAS002134,Russell Bean,russell.b@aol.com,+1-650-925-9158,2026-03-30,Pacific Heights,Credit Card,4.7
PAS002135,Juan Gilmore,juangilmore@outlook.com,+1-209-524-4185,2026-02-09,Mission District,Cash,4.44
PAS002136,Karen Atkins,karen30@yahoo.com,+1-209-337-1430,2026-03-26,North Beach,Debit Card,4.95
PAS002137,Katherine Parrish,katherineparrish@aol.com,+1-510-517-5911,2026-04-09,Pacific Heights,Apple Pay,4.72
PAS002138,Abigail Faulkner,abigail.faulkner@icloud.com,+1-831-875-5426,2026-04-25,Castro,Credit Card,4.6
PAS002139,Kathryn Pennington,kpennington@yahoo.com,+1-925-885-4317,2026-03-22,Chinatown,Debit Card,4.83
PAS002140,Brenda Miller,brendamiller@outlook.com,+1-209-880-2219,2026-04-21,Palo Alto,Credit Card,3.94
PAS002141,Alexander Bullock,abullock@icloud.com,+1-707-205-8285,2026-02-04,Downtown SF,Credit Card,4.05
PAS002142,Samuel Romero,samuelromero@hotmail.com,+1-510-861-2942,2026-02-22,San Jose,PayPal,4.75
PAS002143,Linda Spencer,linda.s@outlook.com,+1-209-333-1310,2026-01-31,North Beach,Debit Card,3.65
PAS002144,Alexander Koch,alexander23@hotmail.com,+1-707-624-8039,2026-03-26,Mountain View,Credit Card,4.71
PAS002145,Karen Shepard,kshepard@aol.com,+1-209-902-7167,2026-02-01,San Jose,Apple Pay,4.49
PAS002146,John Long,john.long@aol.com,+1-925-440-5458,2025-03-23,Downtown SF,Credit Card,4.6
PAS002147,Howard Bennett,howardbennett@outlook.com,+1-707-550-8431,2026-04-19,Haight-Ashbury,Apple Pay,4.25
PAS002148,Marie Owen,marie69@outlook.com,+1-831-571-8503,2025-12-25,Mountain View,Credit Card,4.61
PAS002149,Deborah Washington,dwashington@outlook.com,+1-925-285-1961,2025-11-03,Castro,Debit Card,4.38
PAS002150,James Mueller,james76@icloud.com,+1-415-970-3488,2025-12-09,Marina,Debit Card,4.78
PAS002151,Gary Edwards,gary88@outlook.com,+1-650-320-6089,2026-04-04,Berkeley,Credit Card,4.42
PAS002152,Walter Peck,wpeck@gmail.com,+1-831-542-4609,2025-10-26,Palo Alto,Debit Card,4.32
PAS002153,Noah Richards,noah11@yahoo.com,+1-925-368-9899,2026-04-19,Financial District,Credit Card,4.82
PAS002154,James Serrano,james.serrano@aol.com,+1-831-352-4316,2025-12-22,Downtown SF,Apple Pay,4.47
PAS002155,Theresa Lynn,theresa.lynn@hotmail.com,+1-415-690-2827,2025-12-02,Palo Alto,Credit Card,3.84
PAS002156,Richard Woodard,richard.woodard@outlook.com,+1-415-425-8101,2026-04-25,Palo Alto,Credit Card,4.52
PAS002157,Judith Morris,judith.m@gmail.com,+1-925-321-2959,2025-10-19,North Beach,Debit Card,4.34
PAS002158,Willie William,wwilliam@outlook.com,+1-831-890-4321,2026-03-25,Mission District,Credit Card,4.84
PAS002159,Jordan Woodward,jwoodward@outlook.com,+1-415-781-7344,2025-02-25,Oakland,Credit Card,4.14
PAS002160,Richard Rush,richard69@icloud.com,+1-831-270-3436,2026-02-04,SOMA,Credit Card,4.63
PAS002161,Bryan Winters,bryan.winters@icloud.com,+1-209-754-9471,2026-03-12,Pacific Heights,Cash,4.73
PAS002162,Eugene Hardin,eugene.h@icloud.com,+1-650-462-4551,2026-04-18,North Beach,Credit Card,4.7
PAS002163,Rachel Cherry,rachel.c@aol.com,+1-831-750-8058,2026-04-13,SOMA,Cash,4.3
PAS002164,Zachary Blake,zacharyblake@aol.com,+1-408-212-1585,2026-04-02,Financial District,Debit Card,4.32
PAS002165,Eugene Eaton,eugene18@hotmail.com,+1-209-540-6815,2025-06-04,Downtown SF,Credit Card,3.04
PAS002166,Sandra Pierce,spierce@outlook.com,+1-650-944-2439,2026-03-18,Mission District,Credit Card,2.84
PAS002167,Katherine Huffman,katherine.h@gmail.com,+1-925-218-9776,2026-03-29,SOMA,Apple Pay,4.75
PAS002168,Harold Nichols,hnichols@hotmail.com,+1-510-856-4931,2026-01-31,North Beach,Credit Card,4.11
PAS002169,Charles Petersen,charles.petersen@icloud.com,+1-925-886-3747,2026-03-26,Oakland,Debit Card,4.15
PAS002170,Sharon Cline,sharon23@icloud.com,+1-831-854-4863,2026-04-26,North Beach,Credit Card,4.82
PAS002171,Janice Hughes,janice.hughes@aol.com,+1-510-573-2740,2026-03-15,Chinatown,Debit Card,4.53
PAS002172,Russell Ward,rward@icloud.com,+1-415-226-5518,2025-06-10,Mountain View,Credit Card,4.34
PAS002173,Nathan Maddox,nathan16@outlook.com,+1-925-488-5288,2025-09-03,Downtown SF,Cash,4.24
PAS002174,Cynthia Summers,cynthia.s@gmail.com,+1-707-300-4649,2026-01-29,Financial District,Credit Card,4.31
PAS002175,Angela Mendez,angela.m@icloud.com,+1-510-920-2190,2026-04-28,Financial District,Credit Card,3.78
PAS002176,Alexis Dixon,alexis.d@icloud.com,+1-415-221-9200,2026-01-19,Palo Alto,Apple Pay,3.89
PAS002177,Kelly Turner,kturner@icloud.com,+1-510-498-6051,2026-04-02,Palo Alto,Credit Card,3.84
PAS002178,Charles Olsen,colsen@aol.com,+1-831-298-2684,2026-03-21,North Beach,Debit Card,4.07
PAS002179,Johnny Callahan,johnnycallahan@icloud.com,+1-925-367-1032,2026-03-23,Haight-Ashbury,Credit Card,4.48
PAS002180,Ethan Turner,ethan.turner@hotmail.com,+1-707-767-3516,2025-11-23,Pacific Heights,Credit Card,4.51
PAS002181,Kathryn Lopez,kathryn.l@aol.com,+1-209-696-6280,2026-03-05,Berkeley,Apple Pay,4.67
PAS002182,Andrea Meyer,andrea.meyer@gmail.com,+1-408-260-4232,2026-04-24,Mission District,Debit Card,4.74
PAS002183,Janet Morgan,jmorgan@gmail.com,+1-209-555-8130,2025-12-03,SOMA,Credit Card,4.87
PAS002184,Cynthia Simpson,cynthia97@icloud.com,+1-925-848-8671,2026-01-16,Haight-Ashbury,Credit Card,4.79
PAS002185,Shirley Strickland,shirley.s@hotmail.com,+1-707-718-4471,2025-12-28,SOMA,Credit Card,4.7
PAS002186,Patrick Richardson,patrick.r@gmail.com,+1-510-210-3232,2025-10-03,Palo Alto,Apple Pay,4.56
PAS002187,Julie Watkins,julie37@icloud.com,+1-650-348-8259,2026-02-25,Mountain View,Credit Card,3.86
PAS002188,Bobby Knox,bknox@gmail.com,+1-707-791-6012,2026-04-25,Palo Alto,Apple Pay,4.78
PAS002189,Kathryn Palmer,kathryn.p@yahoo.com,+1-408-831-6904,2025-10-08,Berkeley,Debit Card,4.66
PAS002190,Jack Gibbs,jack35@hotmail.com,+1-650-293-4949,2025-12-30,Chinatown,Credit Card,4.26
PAS002191,Gabriel Jones,gabriel.jones@hotmail.com,+1-707-688-7642,2026-04-08,Financial District,Apple Pay,4.26
PAS002192,Stephen Sullivan,stephen96@gmail.com,+1-408-837-9940,2026-04-27,San Jose,Debit Card,4.55
PAS002193,Patrick Espinoza,patrickespinoza@yahoo.com,+1-209-570-1228,2026-04-13,Chinatown,PayPal,3.06
PAS002194,Johnny Perkins,jperkins@yahoo.com,+1-510-673-6236,2026-03-21,Mountain View,PayPal,4.78
PAS002195,Kevin Figueroa,kevinfigueroa@yahoo.com,+1-925-440-5114,2026-04-09,Berkeley,Apple Pay,4.12
PAS002196,Donna Powell,donna.p@hotmail.com,+1-209-789-8085,2026-04-14,Castro,PayPal,4.08
PAS002197,Christina Palmer,christina.palmer@outlook.com,+1-408-428-7124,2026-04-03,Downtown SF,Credit Card,4.5
PAS002198,Patricia Petersen,patricia43@hotmail.com,+1-415-512-9495,2026-04-13,SOMA,PayPal,4.68
PAS002199,Billy Buchanan,bbuchanan@aol.com,+1-650-731-7210,2026-02-08,SOMA,Debit Card,4.86
PAS002200,Janet Summers,jsummers@aol.com,+1-650-790-4101,2025-12-09,Palo Alto,Credit Card,4.29
PAS002201,Deborah Robles,drobles@yahoo.com,+1-707-718-8586,2025-10-02,Berkeley,Debit Card,4.67
PAS002202,Sharon Molina,sharon.m@gmail.com,+1-707-560-9822,2026-04-19,SOMA,Debit Card,3.69
PAS002203,Kathryn Fernandez,kathrynfernandez@yahoo.com,+1-510-618-8539,2026-01-22,Castro,Apple Pay,4.28
PAS002204,Jennifer Ortiz,jennifer20@yahoo.com,+1-650-851-8360,2026-04-18,Berkeley,Apple Pay,4.4
PAS002205,Michael Perkins,michael.perkins@hotmail.com,+1-209-688-6529,2025-12-07,San Jose,Credit Card,4.79
PAS002206,Maria Rivers,mrivers@yahoo.com,+1-209-291-4872,2026-03-16,North Beach,Credit Card,3.57
PAS002207,Beverly Mejia,bmejia@gmail.com,+1-415-906-6452,2025-10-06,Marina,Credit Card,4.59
PAS002208,Martha Soto,martha.s@icloud.com,+1-510-380-3458,2025-12-26,Oakland,PayPal,4.44
PAS002209,Ethan Carpenter,ethan.c@outlook.com,+1-707-663-6959,2025-10-15,Palo Alto,Apple Pay,4.58
PAS002210,Deborah Strickland,dstrickland@hotmail.com,+1-925-540-2864,2025-07-20,SOMA,PayPal,4.75
PAS002211,Bruce Casey,brucecasey@yahoo.com,+1-650-212-9874,2025-07-09,Mountain View,Credit Card,4.4
PAS002212,Willie Armstrong,warmstrong@hotmail.com,+1-925-334-7334,2026-04-11,Mission District,Apple Pay,4.55
PAS002213,Rebecca Gentry,rgentry@gmail.com,+1-831-245-8086,2025-11-03,Financial District,Cash,4.57
PAS002214,Beverly Morton,beverly.m@icloud.com,+1-925-548-2216,2026-04-15,Downtown SF,Credit Card,4.49
PAS002215,Jerry Lamb,jerrylamb@icloud.com,+1-650-831-3308,2026-04-27,Mission District,Credit Card,4.41
PAS002216,Maria Webb,maria.w@aol.com,+1-831-215-6015,2026-02-02,Berkeley,Credit Card,4.59
PAS002217,Melissa Tanner,melissa74@aol.com,+1-209-308-1937,2026-02-03,Marina,Credit Card,4.45
PAS002218,Victoria Bond,victoria.bond@hotmail.com,+1-831-812-6456,2025-10-27,Oakland,Credit Card,4.39
PAS002219,Albert Shepherd,albert32@aol.com,+1-415-903-7280,2026-02-06,Financial District,Apple Pay,4.54
PAS002220,Scott Cox,scottcox@hotmail.com,+1-650-760-9662,2026-04-17,Chinatown,Credit Card,4.02
PAS002221,Amber Dudley,amber.dudley@aol.com,+1-831-980-1508,2025-11-17,Chinatown,Credit Card,4.69
PAS002222,Sarah Myers,smyers@gmail.com,+1-925-810-3857,2026-03-17,Mountain View,Debit Card,4.66
PAS002223,Timothy Mcclain,timothymcclain@outlook.com,+1-415-719-6467,2026-01-03,Chinatown,PayPal,3.96
PAS002224,Jane Nixon,jane46@hotmail.com,+1-408-699-3200,2026-04-13,San Jose,Credit Card,4.7
PAS002225,Mark Santos,msantos@aol.com,+1-209-707-7826,2026-04-01,Marina,Credit Card,4.7
PAS002226,Grace Lawrence,grace.l@gmail.com,+1-415-511-4816,2026-04-06,Chinatown,Debit Card,4.18
PAS002227,Scott Mccoy,scott.m@outlook.com,+1-209-537-7157,2026-04-21,Chinatown,Apple Pay,4.25
PAS002228,Kimberly Lindsey,kimberly.lindsey@icloud.com,+1-510-769-1539,2026-03-01,Mission District,Credit Card,4.72
PAS002229,Gerald Carey,gcarey@yahoo.com,+1-510-930-4742,2026-04-27,Mission District,Credit Card,4.94
PAS002230,Ashley Mason,ashley59@icloud.com,+1-209-516-7351,2026-03-19,Downtown SF,Debit Card,4.9
PAS002231,Sharon Stewart,sharonstewart@gmail.com,+1-650-273-9017,2026-02-23,Chinatown,Credit Card,4.88
PAS002232,Sandra Hutchinson,sandra12@yahoo.com,+1-408-343-9092,2026-02-27,Palo Alto,Apple Pay,3.79
PAS002233,Benjamin Hull,benjamin.h@gmail.com,+1-510-745-6201,2025-06-29,Financial District,Credit Card,4.62
PAS002234,Kevin Clark,kevinclark@gmail.com,+1-925-319-7243,2025-05-01,Castro,Debit Card,4.8
PAS002235,Kimberly Dalton,kdalton@gmail.com,+1-510-209-6638,2026-01-26,Marina,Debit Card,4.14
PAS002236,Matthew Rivera,matthew.rivera@outlook.com,+1-650-975-6306,2026-01-18,Mission District,Credit Card,4.64
PAS002237,Laura Short,laurashort@yahoo.com,+1-408-756-1294,2026-03-22,Mission District,Credit Card,4.82
PAS002238,Sharon Delacruz,sharon.delacruz@yahoo.com,+1-415-779-2490,2025-12-07,Palo Alto,Credit Card,4.43
PAS002239,Jordan Abbott,jordan.abbott@hotmail.com,+1-831-830-7349,2026-04-06,Mission District,Credit Card,4.3
PAS002240,Randy Valdez,randy.valdez@outlook.com,+1-209-346-9043,2026-03-21,SOMA,Debit Card,4.64
PAS002241,Elizabeth Fuentes,elizabeth46@gmail.com,+1-415-644-4353,2025-07-29,Berkeley,Credit Card,4.82
PAS002242,Alexis Conley,alexisconley@yahoo.com,+1-707-227-2835,2025-07-12,Haight-Ashbury,Cash,4.46
PAS002243,Tiffany Gardner,tiffanygardner@hotmail.com,+1-510-236-6116,2026-03-02,Palo Alto,Debit Card,4.23
PAS002244,Theresa Wise,theresa.wise@outlook.com,+1-408-236-6950,2025-12-02,Oakland,Credit Card,4.8
PAS002245,Karen Mckenzie,karenmckenzie@yahoo.com,+1-650-230-7484,2025-11-25,North Beach,Credit Card,4.19
PAS002246,Stephanie Collins,stephaniecollins@hotmail.com,+1-415-689-6069,2026-03-13,Mission District,Debit Card,4.07
PAS002247,Brittany Knight,brittany.k@aol.com,+1-831-624-6528,2026-04-15,Marina,Debit Card,4.42
PAS002248,Jacob Chen,jacobchen@outlook.com,+1-408-876-9478,2025-11-24,Castro,Credit Card,4.37
PAS002249,Andrea Simon,andreasimon@icloud.com,+1-510-802-6244,2026-01-31,Palo Alto,Credit Card,4.37
PAS002250,Martha Lee,martha.lee@gmail.com,+1-925-304-7420,2025-12-24,SOMA,Credit Card,4.02
PAS002251,Wayne Oconnor,wayne72@gmail.com,+1-510-930-6080,2026-04-02,Haight-Ashbury,PayPal,4.59
PAS002252,Terry Mccoy,terry.mccoy@hotmail.com,+1-831-571-1089,2026-03-31,Palo Alto,Debit Card,4.25
PAS002253,Robert Sandoval,robert83@aol.com,+1-707-569-9370,2025-11-22,Berkeley,Credit Card,4.96
PAS002254,Juan Zimmerman,juan59@aol.com,+1-650-260-2600,2026-04-27,Chinatown,PayPal,4.07
PAS002255,Margaret Nash,margaret.nash@yahoo.com,+1-408-373-1035,2026-03-01,Mission District,Credit Card,4.04
PAS002256,Dennis Atkins,dennis.a@icloud.com,+1-415-615-1259,2025-09-19,Palo Alto,Apple Pay,4.93
PAS002257,Jordan Patterson,jordan72@gmail.com,+1-209-551-2965,2025-10-15,Mountain View,Credit Card,4.93
PAS002258,Philip Koch,pkoch@outlook.com,+1-209-849-6805,2024-06-01,San Jose,Credit Card,4.84
PAS002259,Jennifer Ballard,jennifer.ballard@outlook.com,+1-650-877-3381,2026-04-24,Oakland,Credit Card,4.91
PAS002260,Brittany Boyer,brittany90@yahoo.com,+1-831-554-7962,2026-04-14,Chinatown,PayPal,4.66
PAS002261,Philip Peck,ppeck@yahoo.com,+1-415-345-1057,2025-11-25,Pacific Heights,Debit Card,3.95
PAS002262,Carl Knox,carl.knox@yahoo.com,+1-831-889-6560,2026-04-13,Marina,Debit Card,4.79
PAS002263,Larry Stephenson,larry58@gmail.com,+1-925-498-3337,2026-04-11,Berkeley,Debit Card,4.71
PAS002264,Tiffany Hardin,tiffany.h@outlook.com,+1-925-545-4569,2024-12-05,Mission District,Credit Card,4.64
PAS002265,Emma Vazquez,emma84@hotmail.com,+1-415-773-1834,2026-04-29,Downtown SF,Credit Card,4.73
PAS002266,Donna Cantu,donna.cantu@outlook.com,+1-707-512-8708,2026-01-07,Marina,Debit Card,4.31
PAS002267,Benjamin Garrison,benjamingarrison@outlook.com,+1-650-807-5164,2026-04-19,Marina,Debit Card,3.04
PAS002268,Joyce Terrell,joyce.terrell@icloud.com,+1-415-779-9531,2025-09-13,SOMA,Credit Card,4.42
PAS002269,Eric Barton,eric.b@gmail.com,+1-925-926-8055,2026-04-29,Oakland,Credit Card,4.71
PAS002270,Scott Navarro,scottnavarro@yahoo.com,+1-831-206-8203,2026-03-17,Pacific Heights,Credit Card,4.43
PAS002271,Mark Marks,mmarks@gmail.com,+1-650-377-6947,2026-02-22,SOMA,Debit Card,4.88
PAS002272,Christine Roberson,christine.roberson@yahoo.com,+1-925-960-2528,2026-01-09,North Beach,Debit Card,4.6
PAS002273,Victoria Ryan,victoria.r@gmail.com,+1-707-506-2134,2026-01-27,North Beach,Debit Card,4.46
PAS002274,Jack Gross,jack.gross@gmail.com,+1-831-453-8358,2026-04-16,Financial District,Apple Pay,4.34
PAS002275,Elizabeth Conley,elizabeth80@icloud.com,+1-650-766-2861,2026-04-10,North Beach,Credit Card,4.76
PAS002276,Edward Ochoa,edwardochoa@icloud.com,+1-831-833-2692,2026-03-24,Downtown SF,Debit Card,4.87
PAS002277,Johnny Bauer,johnny.b@outlook.com,+1-707-644-2787,2026-04-22,SOMA,PayPal,4.75
PAS002278,Jessica Huffman,jhuffman@hotmail.com,+1-831-691-7160,2026-03-20,Pacific Heights,Apple Pay,4.88
PAS002279,Noah Camacho,ncamacho@yahoo.com,+1-707-248-5284,2026-04-04,Mountain View,Debit Card,4.26
PAS002280,Alexander Morris,alexander.morris@aol.com,+1-925-453-3543,2025-12-26,Castro,Credit Card,4.78
PAS002281,Megan Taylor,megan.t@yahoo.com,+1-831-322-1135,2025-04-16,SOMA,Apple Pay,4.37
PAS002282,Teresa Bridges,teresa90@gmail.com,+1-925-444-9662,2026-03-23,Oakland,Apple Pay,4.95
PAS002283,Michelle Roberson,michelle97@yahoo.com,+1-415-452-4041,2026-03-04,Mountain View,Credit Card,4.18
PAS002284,Juan Barr,juan62@icloud.com,+1-510-749-3001,2026-03-30,Palo Alto,PayPal,4.71
PAS002285,Arthur Velasquez,arthur14@yahoo.com,+1-408-819-1699,2025-10-29,Palo Alto,Credit Card,4.95
PAS002286,Gregory Pierce,gpierce@outlook.com,+1-408-215-9868,2026-02-22,Marina,Apple Pay,4.48
PAS002287,Susan George,susan.g@hotmail.com,+1-415-307-8057,2025-02-17,Oakland,Credit Card,4.67
PAS002288,Cheryl Pruitt,cheryl.p@yahoo.com,+1-510-795-3015,2025-08-19,Berkeley,Debit Card,4.36
PAS002289,Robert Boone,rboone@gmail.com,+1-209-235-6799,2025-12-09,North Beach,Credit Card,4.32
PAS002290,Emma Marsh,emma54@gmail.com,+1-831-805-2906,2025-07-02,Mountain View,Debit Card,4.29
PAS002291,Helen Baldwin,hbaldwin@outlook.com,+1-209-412-6000,2026-03-14,Marina,Cash,4.9
PAS002292,Sandra Tillman,sandra50@outlook.com,+1-209-634-6152,2026-04-03,Financial District,Credit Card,3.77
PAS002293,Noah Whitney,noah.w@outlook.com,+1-650-954-7700,2026-03-30,Marina,Credit Card,4.26
PAS002294,Kevin Wilkinson,kevinwilkinson@hotmail.com,+1-408-700-1702,2026-02-17,Marina,Credit Card,4.68
PAS002295,Kathryn Sanford,kathryn.sanford@icloud.com,+1-415-534-7702,2026-03-17,Haight-Ashbury,Cash,4.24
PAS002296,Emma Carson,emma.carson@hotmail.com,+1-510-901-4826,2026-03-09,Pacific Heights,Credit Card,4.35
PAS002297,Edward White,ewhite@icloud.com,+1-408-353-9306,2026-04-03,North Beach,Credit Card,4.72
PAS002298,Jerry Pugh,jpugh@gmail.com,+1-707-938-2421,2026-03-19,Financial District,Credit Card,4.8
PAS002299,Anthony Mcdowell,anthonymcdowell@aol.com,+1-925-390-4895,2026-04-18,Haight-Ashbury,Credit Card,3.83
PAS002300,Angela Mccoy,angela66@aol.com,+1-408-673-5085,2026-03-16,Chinatown,PayPal,4.43
PAS002301,Barbara Peterson,barbara.peterson@icloud.com,+1-925-397-5706,2025-12-10,Mission District,Credit Card,4.38
PAS002302,Edward Bridges,ebridges@aol.com,+1-510-647-3341,2026-01-16,Haight-Ashbury,PayPal,4.8
PAS002303,Ashley Morgan,ashley23@outlook.com,+1-831-374-1412,2025-11-14,North Beach,Credit Card,3.26
PAS002304,Timothy Pope,timothy.p@outlook.com,+1-408-950-6632,2026-03-26,Pacific Heights,Credit Card,4.14
PAS002305,Donald Ballard,donald51@outlook.com,+1-925-662-4178,2026-02-16,Mission District,Credit Card,4.54
PAS002306,Albert Perry,albert.p@icloud.com,+1-707-806-3885,2025-12-28,Haight-Ashbury,Cash,4.76
PAS002307,Julie Ortega,julie.ortega@gmail.com,+1-925-428-9991,2025-11-25,Marina,Credit Card,4.87
PAS002308,Barbara Gibson,barbara.g@aol.com,+1-707-685-9308,2025-08-26,Berkeley,Credit Card,4.67
PAS002309,Anthony Hensley,ahensley@gmail.com,+1-415-894-5335,2026-02-27,Mountain View,Credit Card,4.89
PAS002310,Sarah Ellison,sarah.e@gmail.com,+1-650-488-5658,2026-04-17,Haight-Ashbury,Debit Card,4.24
PAS002311,Kimberly Weaver,kimberly.w@yahoo.com,+1-831-267-8656,2026-04-07,Marina,Debit Card,4.05
PAS002312,Shirley Oconnor,shirley.o@outlook.com,+1-408-982-8109,2025-03-23,Palo Alto,Credit Card,4.83
PAS002313,Stephanie Chavez,stephanie.c@yahoo.com,+1-510-728-2398,2026-02-14,Marina,Debit Card,4.65
PAS002314,Evelyn Marshall,evelyn.m@aol.com,+1-408-732-1113,2026-04-16,Pacific Heights,Credit Card,3.99
PAS002315,Gregory Miller,gregorymiller@gmail.com,+1-408-483-2834,2026-04-17,Oakland,Debit Card,4.24
PAS002316,Charles Wall,cwall@outlook.com,+1-925-794-4029,2026-04-15,Berkeley,Credit Card,3.84
PAS002317,Jeremy Peters,jpeters@icloud.com,+1-510-408-4831,2026-03-06,Mountain View,Credit Card,4.7
PAS002318,Russell Henson,russellhenson@aol.com,+1-650-850-8985,2026-02-02,San Jose,Apple Pay,4.25
PAS002319,Ralph Livingston,ralph.l@gmail.com,+1-707-553-4400,2026-01-27,Oakland,Credit Card,4.8
PAS002320,Dylan Weaver,dylan.w@icloud.com,+1-408-234-3865,2026-03-16,Mission District,Cash,4.69
PAS002321,Stephanie Wiggins,stephanie.wiggins@outlook.com,+1-415-867-4907,2026-02-10,Marina,Credit Card,4.53
PAS002322,Keith Morton,kmorton@icloud.com,+1-209-613-1218,2026-01-14,SOMA,Apple Pay,4.42
PAS002323,Roger Hickman,roger.h@gmail.com,+1-209-363-7777,2026-04-11,Mountain View,Debit Card,4.98
PAS002324,Roy Cobb,roy.c@gmail.com,+1-415-546-1496,2026-04-27,Marina,Credit Card,4.06
PAS002325,Jesse Castillo,jcastillo@icloud.com,+1-510-377-9701,2025-01-05,Chinatown,PayPal,4.94
PAS002326,Lori Newton,lori.n@aol.com,+1-408-816-9848,2025-11-23,Castro,Debit Card,4.32
PAS002327,Gabriel Harding,gabriel.harding@icloud.com,+1-650-388-8340,2025-10-06,Oakland,Debit Card,4.51
PAS002328,Terry Powell,tpowell@icloud.com,+1-707-455-6188,2025-10-08,Marina,Debit Card,4.83
PAS002329,Ethan Whitehead,ethan.w@aol.com,+1-650-448-3856,2026-03-17,Downtown SF,PayPal,3.65
PAS002330,Nathan Black,nathan90@icloud.com,+1-831-301-2400,2026-04-07,Castro,Credit Card,4.48
PAS002331,Douglas Mason,douglas.mason@aol.com,+1-831-710-1481,2026-04-12,Mission District,Credit Card,4.75
PAS002332,Kathryn Woodward,kwoodward@outlook.com,+1-415-286-5537,2025-11-09,Berkeley,Debit Card,4.7
PAS002333,Karen Olson,karen.olson@hotmail.com,+1-925-648-2723,2025-07-31,Mountain View,Credit Card,3.91
PAS002334,Kenneth Green,kennethgreen@outlook.com,+1-650-491-9986,2026-02-11,North Beach,PayPal,4.76
PAS002335,Brandon Lowery,blowery@yahoo.com,+1-408-659-9921,2025-12-06,Oakland,PayPal,4.91
PAS002336,Carl Vincent,carl.vincent@outlook.com,+1-408-333-8407,2026-04-17,North Beach,Credit Card,4.33
PAS002337,Jose Ramirez,joseramirez@icloud.com,+1-707-855-2085,2026-04-20,Berkeley,Debit Card,4.84
PAS002338,Kathleen Cameron,kathleen.c@icloud.com,+1-415-636-6893,2026-01-30,San Jose,Apple Pay,4.78
PAS002339,Cheryl French,cfrench@icloud.com,+1-925-859-4593,2025-12-09,Mountain View,PayPal,4.08
PAS002340,Henry Hensley,henryhensley@outlook.com,+1-707-626-2402,2026-01-04,Mountain View,PayPal,3.85
PAS002341,Martha Wise,marthawise@hotmail.com,+1-209-663-8891,2025-03-11,Berkeley,Credit Card,4.32
PAS002342,Christian Pace,christian.p@yahoo.com,+1-925-547-9275,2026-03-18,Marina,Cash,4.79
PAS002343,Joyce Cox,joyce.c@aol.com,+1-408-650-5778,2026-04-08,Pacific Heights,Debit Card,4.92
PAS002344,Sean Hatfield,seanhatfield@icloud.com,+1-831-238-5621,2026-04-10,SOMA,Debit Card,3.78
PAS002345,Jonathan Fitzgerald,jonathan.fitzgerald@yahoo.com,+1-707-599-9135,2026-04-02,Oakland,Credit Card,4.99
PAS002346,Jessica Mendez,jmendez@icloud.com,+1-650-832-6453,2024-09-12,San Jose,Cash,4.07
PAS002347,Jesse Camacho,jesse.camacho@outlook.com,+1-510-940-1055,2026-04-24,Marina,Credit Card,4.19
PAS002348,Nathan Christian,nathanchristian@icloud.com,+1-925-202-4650,2025-11-12,Palo Alto,PayPal,4.84
PAS002349,Roger King,rogerking@outlook.com,+1-925-292-3568,2026-04-15,Haight-Ashbury,Apple Pay,4.5
PAS002350,Billy Rush,billy.r@aol.com,+1-831-526-6226,2026-02-10,Palo Alto,Apple Pay,4.82
PAS002351,Donald Taylor,dtaylor@gmail.com,+1-209-203-9126,2026-04-29,Palo Alto,Credit Card,4.83
PAS002352,Emily Farrell,emily.f@yahoo.com,+1-510-440-3095,2025-10-01,Financial District,Credit Card,3.45
PAS002353,Nicole Scott,nscott@hotmail.com,+1-925-385-6881,2025-08-05,Mountain View,Credit Card,4.78
PAS002354,David Cooper,david61@outlook.com,+1-707-573-6232,2026-04-16,North Beach,Debit Card,4.5
PAS002355,Nicole Ayers,nicoleayers@aol.com,+1-650-768-2167,2026-02-08,Downtown SF,Debit Card,4.74
PAS002356,Alexis Barrera,alexis.barrera@hotmail.com,+1-831-260-6527,2025-10-24,Castro,Credit Card,4.75
PAS002357,Jeremy Andrews,jeremy76@gmail.com,+1-415-785-7631,2026-04-25,Downtown SF,PayPal,4.68
PAS002358,Marie Young,myoung@gmail.com,+1-831-890-2095,2025-09-24,Oakland,Debit Card,4.69
PAS002359,Debra Arnold,darnold@outlook.com,+1-831-221-3695,2025-09-17,Pacific Heights,Debit Card,3.97
PAS002360,Justin Randall,justin.r@outlook.com,+1-510-722-2386,2025-08-09,Pacific Heights,Debit Card,4.19
PAS002361,Jason Estrada,jestrada@icloud.com,+1-209-536-8506,2025-12-18,Castro,Debit Card,4.61
PAS002362,Patrick Sandoval,patrick.sandoval@outlook.com,+1-408-474-3959,2026-02-14,Haight-Ashbury,Credit Card,4.81
PAS002363,Jennifer Morrow,jennifermorrow@icloud.com,+1-650-844-6083,2026-03-01,Financial District,Debit Card,4.45
PAS002364,Randy Kane,randy.k@outlook.com,+1-831-943-1822,2025-12-29,Chinatown,Credit Card,4.58
PAS002365,Randy Reynolds,rreynolds@hotmail.com,+1-415-495-2769,2026-01-17,Pacific Heights,Credit Card,3.81
PAS002366,Brittany Thompson,bthompson@yahoo.com,+1-925-739-8289,2026-04-01,Pacific Heights,Apple Pay,4.54
PAS002367,Christine Barnes,cbarnes@gmail.com,+1-408-660-1926,2026-04-25,Palo Alto,Credit Card,3.9
PAS002368,Kevin Shaw,kevin.s@yahoo.com,+1-415-815-5771,2025-12-29,Pacific Heights,Credit Card,4.21
PAS002369,Sharon Kelly,sharonkelly@gmail.com,+1-408-481-6300,2026-03-02,Castro,Credit Card,3.86
PAS002370,Nathan Richmond,nathan.r@gmail.com,+1-415-686-4039,2026-03-01,Castro,Credit Card,4.14
PAS002371,Aaron Oneal,aoneal@yahoo.com,+1-408-258-7251,2026-03-07,Oakland,Credit Card,4.64
PAS002372,Rebecca Glenn,rglenn@icloud.com,+1-408-652-2207,2025-11-03,Oakland,Credit Card,4.08
PAS002373,Wayne Monroe,wayne.monroe@hotmail.com,+1-510-441-7536,2026-01-10,North Beach,Debit Card,3.47
PAS002374,Kyle Hobbs,khobbs@icloud.com,+1-707-793-4305,2025-11-30,Berkeley,PayPal,4.38
PAS002375,Steven Castro,steven.c@outlook.com,+1-209-423-8666,2026-03-23,Mission District,PayPal,4.89
PAS002376,Jesse Whitehead,jesse70@hotmail.com,+1-209-796-2937,2026-02-25,San Jose,Apple Pay,3.94
PAS002377,Kimberly Allen,kimberly87@hotmail.com,+1-925-886-1391,2025-12-09,Mountain View,Credit Card,3.27
PAS002378,Dorothy Landry,dorothy89@hotmail.com,+1-408-773-9656,2025-12-27,SOMA,Cash,4.28
PAS002379,Dennis Kane,dkane@icloud.com,+1-925-323-4859,2026-04-27,Oakland,Credit Card,3.95
PAS002380,Heather Oneal,heather72@icloud.com,+1-831-718-7403,2026-03-23,Financial District,Credit Card,3.13
PAS002381,John Carrillo,john.c@outlook.com,+1-408-778-2289,2025-10-20,Pacific Heights,Apple Pay,3.78
PAS002382,Ashley Durham,ashleydurham@hotmail.com,+1-415-963-5674,2026-04-24,Financial District,Credit Card,4.94
PAS002383,Susan Schwartz,susan47@outlook.com,+1-925-390-8504,2026-01-22,Downtown SF,Debit Card,5.0
PAS002384,Evelyn Woods,evelyn56@hotmail.com,+1-707-943-3466,2026-03-20,North Beach,Apple Pay,3.06
PAS002385,Grace Wyatt,grace.wyatt@icloud.com,+1-707-458-8537,2026-03-17,Palo Alto,Credit Card,4.19
PAS002386,Albert Hicks,ahicks@hotmail.com,+1-415-667-6203,2025-11-12,Mission District,Debit Card,4.58
PAS002387,Amber Parks,amber.parks@hotmail.com,+1-831-207-4919,2025-12-05,North Beach,Apple Pay,4.19
PAS002388,Marie Robertson,marie.robertson@yahoo.com,+1-707-623-9572,2025-01-19,Financial District,Credit Card,4.08
PAS002389,Marilyn Graham,marilyn.graham@icloud.com,+1-707-747-9106,2026-04-21,North Beach,Credit Card,4.19
PAS002390,Judith Smith,judith70@gmail.com,+1-510-395-4530,2026-04-22,Palo Alto,Credit Card,4.5
PAS002391,Denise Donaldson,denise32@outlook.com,+1-209-826-8833,2025-04-03,Berkeley,Credit Card,4.78
PAS002392,Cynthia Owen,cowen@yahoo.com,+1-510-981-8851,2025-10-11,San Jose,Credit Card,4.71
PAS002393,Andrea Peterson,apeterson@yahoo.com,+1-831-616-8203,2025-12-12,Berkeley,Debit Card,3.46
PAS002394,Emma Browning,emma.browning@outlook.com,+1-408-431-7427,2025-10-07,Marina,Credit Card,4.88
PAS002395,Harold West,harold.west@yahoo.com,+1-650-962-7718,2026-01-29,SOMA,Credit Card,4.75
PAS002396,Nicole Jacobson,njacobson@hotmail.com,+1-415-824-5142,2025-11-21,Haight-Ashbury,Apple Pay,4.72
PAS002397,Diane Acosta,diane.a@outlook.com,+1-209-231-6124,2026-02-23,Marina,Apple Pay,4.91
PAS002398,Tyler Brady,tylerbrady@hotmail.com,+1-707-494-2690,2026-01-08,SOMA,Debit Card,4.87
PAS002399,Margaret Melendez,mmelendez@yahoo.com,+1-415-753-1514,2025-12-24,Palo Alto,Credit Card,4.82
PAS002400,Karen Meyer,karen.m@yahoo.com,+1-925-719-3679,2026-04-26,Chinatown,Credit Card,4.9
PAS002401,John Clark,john.c@yahoo.com,+1-415-563-5032,2026-04-06,Palo Alto,Debit Card,3.83
PAS002402,Jerry Bowers,jerry13@aol.com,+1-707-608-9595,2026-04-04,Haight-Ashbury,Credit Card,4.16
PAS002403,Joe Beasley,joe.beasley@gmail.com,+1-510-815-3775,2025-09-20,Mountain View,Apple Pay,3.47
PAS002404,Sharon Payne,sharon21@yahoo.com,+1-925-214-5462,2026-03-09,Mountain View,Credit Card,4.79
PAS002405,Ashley Sparks,asparks@hotmail.com,+1-925-911-3382,2026-01-27,North Beach,PayPal,4.56
PAS002406,Adam Mccall,adam.mccall@aol.com,+1-650-691-8357,2026-04-10,Palo Alto,Credit Card,4.7
PAS002407,Russell Frost,russellfrost@yahoo.com,+1-408-536-8141,2025-06-12,Palo Alto,Credit Card,4.25
PAS002408,Amber Morton,amber.morton@gmail.com,+1-925-462-6250,2025-10-02,North Beach,PayPal,4.59
PAS002409,Tyler Skinner,tskinner@aol.com,+1-650-789-6963,2025-11-11,Downtown SF,Credit Card,4.71
PAS002410,Deborah Mosley,deborah.mosley@gmail.com,+1-408-279-9759,2026-04-11,Pacific Heights,Credit Card,4.59
PAS002411,Thomas Peck,tpeck@yahoo.com,+1-650-853-7683,2026-04-28,Castro,Credit Card,4.26
PAS002412,Emily Ray,eray@hotmail.com,+1-707-488-8036,2026-04-01,Berkeley,Credit Card,4.49
PAS002413,Thomas Medina,thomas.medina@yahoo.com,+1-925-955-7739,2026-04-02,North Beach,Credit Card,4.52
PAS002414,Juan Fox,juan65@hotmail.com,+1-415-277-9405,2026-02-12,Financial District,Apple Pay,4.19
PAS002415,Brian Juarez,brian.juarez@hotmail.com,+1-408-541-4473,2026-02-26,Castro,Credit Card,4.46
PAS002416,Brittany Estrada,brittany33@aol.com,+1-831-328-9731,2025-06-19,Oakland,Credit Card,4.63
PAS002417,Adam Lindsey,alindsey@aol.com,+1-510-976-5064,2026-01-14,San Jose,Credit Card,4.51
PAS002418,Martha Houston,martha68@gmail.com,+1-408-956-5215,2025-12-19,San Jose,Credit Card,4.96
PAS002419,Barbara Campos,barbara96@icloud.com,+1-510-715-6198,2026-02-28,Downtown SF,Credit Card,4.77
PAS002420,Virginia Foley,virginia27@gmail.com,+1-707-887-6165,2025-08-01,San Jose,Debit Card,4.83
PAS002421,Jonathan Hoover,jonathan.hoover@yahoo.com,+1-415-611-1378,2026-04-12,Oakland,Debit Card,4.99
PAS002422,Bruce Strickland,bruce.strickland@gmail.com,+1-707-989-8443,2026-04-11,Marina,PayPal,4.77
PAS002423,Brittany Eaton,brittany29@yahoo.com,+1-415-437-2946,2025-10-19,Castro,Credit Card,4.54
PAS002424,Harold Colon,harold58@yahoo.com,+1-925-477-3092,2025-12-11,Chinatown,Credit Card,4.74
PAS002425,Robert Carson,robert.carson@gmail.com,+1-650-998-4452,2024-08-24,Mission District,Credit Card,4.59
PAS002426,Theresa Cochran,tcochran@icloud.com,+1-209-448-1247,2026-03-19,Mountain View,Credit Card,4.32
PAS002427,Debra Grant,debra.grant@gmail.com,+1-408-977-5449,2026-03-10,Oakland,Debit Card,4.31
PAS002428,Deborah Fuentes,deborahfuentes@aol.com,+1-650-597-3329,2026-02-19,Downtown SF,Debit Card,4.31
PAS002429,Frank Dickerson,frank57@aol.com,+1-831-351-9273,2026-03-01,Pacific Heights,Debit Card,4.91
PAS002430,Marilyn Mcclure,mmcclure@hotmail.com,+1-209-759-4598,2026-01-12,Palo Alto,Credit Card,4.19
PAS002431,Ryan Maddox,ryan.m@icloud.com,+1-925-412-2173,2025-12-31,Downtown SF,Credit Card,3.97
PAS002432,Dylan Conley,dylan.c@icloud.com,+1-707-980-8289,2026-04-18,Chinatown,Credit Card,4.96
PAS002433,Nathan Chang,nathan.c@gmail.com,+1-707-693-3950,2026-02-22,Berkeley,Credit Card,4.25
PAS002434,Roger Briggs,rbriggs@icloud.com,+1-408-212-2166,2025-12-17,Chinatown,Debit Card,3.82
PAS002435,Bryan Blevins,bryan65@aol.com,+1-925-613-1290,2026-04-29,Palo Alto,Credit Card,4.53
PAS002436,Evelyn Buchanan,ebuchanan@yahoo.com,+1-707-895-7179,2026-01-23,Oakland,Credit Card,4.52
PAS002437,Megan Brown,meganbrown@outlook.com,+1-510-747-9316,2025-12-22,North Beach,Credit Card,4.79
PAS002438,Carolyn Kent,carolyn67@gmail.com,+1-415-880-3165,2026-02-08,Downtown SF,Credit Card,4.04
PAS002439,Walter Phelps,walterphelps@gmail.com,+1-925-609-1769,2026-03-31,Mountain View,Debit Card,3.82
PAS002440,Noah Briggs,noah.b@gmail.com,+1-831-465-9732,2026-04-27,Pacific Heights,Credit Card,4.45
PAS002441,Jeremy Sweeney,jeremy.s@yahoo.com,+1-415-352-5880,2025-11-11,Oakland,Credit Card,4.63
PAS002442,Angela Doyle,adoyle@yahoo.com,+1-510-787-8926,2026-02-01,Mission District,Apple Pay,4.89
PAS002443,Sean Melendez,sean.melendez@gmail.com,+1-510-385-1949,2026-03-08,San Jose,Credit Card,4.75
PAS002444,Ronald Wiggins,ronaldwiggins@icloud.com,+1-510-952-7468,2025-07-20,Financial District,Credit Card,4.0
PAS002445,Rose Quinn,rquinn@gmail.com,+1-831-625-7886,2025-11-12,Pacific Heights,Credit Card,3.95
PAS002446,Andrea Cooper,acooper@aol.com,+1-408-554-3997,2026-04-23,North Beach,Apple Pay,3.84
PAS002447,Debra Petersen,debrapetersen@aol.com,+1-415-756-5062,2025-04-09,Mission District,Credit Card,4.45
PAS002448,Alexis Hawkins,alexis.hawkins@gmail.com,+1-831-281-9599,2026-03-25,Marina,Debit Card,4.68
PAS002449,Amanda Patel,amandapatel@icloud.com,+1-415-260-9065,2025-12-27,Pacific Heights,Credit Card,4.22
PAS002450,Sarah Bradford,sarah58@yahoo.com,+1-415-763-7189,2025-05-23,Downtown SF,Debit Card,4.1
PAS002451,Emma Guzman,emmaguzman@gmail.com,+1-831-702-3298,2025-06-10,Marina,Credit Card,4.79
PAS002452,Kimberly Brock,kimberly58@hotmail.com,+1-209-318-1624,2026-02-17,Haight-Ashbury,Credit Card,4.75
PAS002453,Richard Hancock,rhancock@outlook.com,+1-408-703-8424,2026-02-04,Chinatown,Cash,4.36
PAS002454,Harold Horne,harold.horne@hotmail.com,+1-510-756-2931,2024-05-29,Downtown SF,Credit Card,4.52
PAS002455,Jessica Johns,jessica.j@gmail.com,+1-925-682-9733,2025-11-18,Berkeley,Debit Card,3.83
PAS002456,Barbara Barnes,barbara.barnes@outlook.com,+1-415-952-6649,2026-03-13,San Jose,Apple Pay,4.38
PAS002457,Tyler Saunders,tsaunders@aol.com,+1-707-752-7068,2025-08-25,North Beach,Credit Card,4.45
PAS002458,Ashley Dickerson,ashley.d@gmail.com,+1-408-949-4685,2025-02-05,Haight-Ashbury,Credit Card,4.33
PAS002459,Bruce Trevino,bruce.t@aol.com,+1-925-986-9015,2026-03-15,Mountain View,Credit Card,4.84
PAS002460,Bryan Mendoza,bryan.m@icloud.com,+1-408-960-8914,2026-03-14,Chinatown,Cash,4.62
PAS002461,Larry Durham,larry61@yahoo.com,+1-408-989-1704,2026-03-25,Chinatown,Apple Pay,4.13
PAS002462,Mary Parsons,maryparsons@yahoo.com,+1-925-417-1406,2026-03-07,Pacific Heights,Apple Pay,4.83
PAS002463,Billy Rivers,billy.rivers@outlook.com,+1-415-202-1384,2026-03-12,SOMA,Credit Card,4.32
PAS002464,Tyler Montoya,tyler54@hotmail.com,+1-209-555-4314,2025-10-24,San Jose,Credit Card,4.81
PAS002465,Tiffany Gay,tiffany65@aol.com,+1-510-634-4454,2026-03-28,Chinatown,Credit Card,4.73
PAS002466,Emily Phelps,emily.phelps@outlook.com,+1-650-849-4314,2025-10-29,Downtown SF,PayPal,4.03
PAS002467,Deborah Wilcox,deborahwilcox@gmail.com,+1-209-379-7361,2026-01-17,Marina,Credit Card,4.93
PAS002468,Alexis Hammond,alexis.h@gmail.com,+1-925-766-1213,2026-02-03,Chinatown,Credit Card,4.45
PAS002469,Roy Boyer,roy.boyer@gmail.com,+1-650-990-7018,2026-02-10,Chinatown,Credit Card,3.61
PAS002470,Jennifer Frank,jenniferfrank@gmail.com,+1-831-526-8609,2025-08-19,Mountain View,Cash,4.57
PAS002471,Andrea Tran,andrea.tran@yahoo.com,+1-209-309-7630,2025-09-13,Chinatown,Debit Card,4.42
PAS002472,Margaret Smith,margaret.s@gmail.com,+1-209-625-8027,2026-04-02,Marina,Debit Card,4.3
PAS002473,Jack Aguilar,jack20@yahoo.com,+1-831-695-4309,2025-12-20,Palo Alto,Credit Card,4.82
PAS002474,Abigail Robles,abigail.robles@gmail.com,+1-209-983-1107,2025-11-10,Mountain View,Credit Card,4.98
PAS002475,Diane Herring,diane.h@aol.com,+1-831-480-7867,2025-08-03,Berkeley,Credit Card,4.86
PAS002476,Brandon Bell,bbell@yahoo.com,+1-707-821-6093,2026-04-11,Haight-Ashbury,PayPal,4.78
PAS002477,Austin Solis,austinsolis@aol.com,+1-209-498-4043,2026-02-17,Castro,PayPal,4.21
PAS002478,Brian Massey,bmassey@outlook.com,+1-209-934-8903,2025-12-15,San Jose,Credit Card,4.69
PAS002479,Bobby Contreras,bobby.c@hotmail.com,+1-510-597-7320,2026-04-15,Downtown SF,Credit Card,4.37
PAS002480,Laura Dixon,lauradixon@aol.com,+1-209-957-1493,2026-02-13,Mission District,Apple Pay,4.76
PAS002481,Shirley Jackson,shirley88@aol.com,+1-415-895-8207,2024-09-16,San Jose,Credit Card,4.68
PAS002482,Diana Watson,diana.watson@icloud.com,+1-831-945-4645,2026-03-03,SOMA,Cash,4.76
PAS002483,Laura Morris,laura93@outlook.com,+1-209-354-6517,2024-10-02,Berkeley,Credit Card,4.51
PAS002484,Beverly Beasley,beverly.beasley@hotmail.com,+1-707-903-4767,2026-03-25,Marina,Credit Card,4.54
PAS002485,Marie Nixon,marie.nixon@outlook.com,+1-650-974-1283,2025-12-28,Haight-Ashbury,Apple Pay,3.7
PAS002486,Melissa Pugh,melissa.pugh@hotmail.com,+1-831-607-1877,2026-03-10,Oakland,Credit Card,4.98
PAS002487,Deborah Robinson,deborah.r@gmail.com,+1-707-285-9552,2026-02-27,Marina,PayPal,3.85
PAS002488,Shirley Hart,shirley.h@yahoo.com,+1-831-455-6271,2026-02-24,Haight-Ashbury,PayPal,4.32
PAS002489,Sara Cook,sara.c@outlook.com,+1-209-830-5076,2026-01-31,Pacific Heights,Cash,4.75
PAS002490,Walter Freeman,walter47@gmail.com,+1-831-674-7351,2026-04-06,SOMA,PayPal,4.59
PAS002491,Matthew Bartlett,matthew72@yahoo.com,+1-415-832-7669,2026-04-23,Pacific Heights,Credit Card,4.65
PAS002492,Jacqueline Poole,jacqueline.p@aol.com,+1-408-343-7403,2026-02-23,Chinatown,Credit Card,4.79
PAS002493,Jacob Frank,jfrank@gmail.com,+1-650-797-6498,2026-04-16,Mission District,Apple Pay,4.81
PAS002494,Victoria Robertson,victoria.r@gmail.com,+1-925-556-5338,2026-02-01,Chinatown,Cash,4.15
PAS002495,Michelle Oconnor,moconnor@outlook.com,+1-408-428-2672,2026-03-25,Palo Alto,PayPal,4.82
PAS002496,Melissa Hogan,melissa.hogan@yahoo.com,+1-209-602-7593,2025-09-20,Marina,Debit Card,4.24
PAS002497,Jonathan Davis,jonathan.davis@icloud.com,+1-209-960-5133,2026-01-17,Pacific Heights,Credit Card,4.2
PAS002498,Megan Vincent,meganvincent@yahoo.com,+1-925-610-7571,2025-07-10,Chinatown,Debit Card,4.86
PAS002499,Frank Graham,frank.g@yahoo.com,+1-510-688-7073,2025-09-21,Mission District,Credit Card,4.9
PAS002500,Noah Henderson,noah41@aol.com,+1-650-844-5867,2026-02-28,Castro,PayPal,4.71
PAS002501,Eric Odom,eric.odom@aol.com,+1-707-207-1376,2024-04-30,Castro,Credit Card,4.6
PAS002502,Nathan Guerrero,nathan97@aol.com,+1-415-696-7815,2025-06-01,Haight-Ashbury,PayPal,4.38
PAS002503,Helen Noble,helen.n@hotmail.com,+1-510-431-9939,2026-04-08,Oakland,Credit Card,4.04
PAS002504,Amy Moreno,amoreno@outlook.com,+1-415-707-9778,2026-04-25,San Jose,Debit Card,4.9
PAS002505,Jacob Hansen,jacob.h@hotmail.com,+1-650-852-3089,2025-12-17,Mountain View,Debit Card,3.07
PAS002506,Angela Roman,angela26@icloud.com,+1-510-596-1253,2025-12-17,Oakland,PayPal,3.95
PAS002507,Edward Dickerson,edward41@gmail.com,+1-209-634-6781,2026-03-02,Pacific Heights,Credit Card,3.95
PAS002508,Jose Fisher,jose.fisher@gmail.com,+1-510-233-2635,2024-10-02,Pacific Heights,Credit Card,3.71
PAS002509,Juan Salinas,juan.s@aol.com,+1-510-844-3775,2025-08-24,Palo Alto,Apple Pay,3.95
PAS002510,Theresa Weiss,theresaweiss@hotmail.com,+1-925-488-1134,2026-04-17,Oakland,Credit Card,4.64
PAS002511,Betty Owens,bowens@gmail.com,+1-650-653-9025,2025-11-10,Berkeley,Debit Card,4.91
PAS002512,Anthony Bowers,anthony.b@hotmail.com,+1-408-816-1073,2026-02-05,Palo Alto,Credit Card,4.94
PAS002513,Beverly Powell,bpowell@hotmail.com,+1-925-699-5135,2026-02-15,Downtown SF,PayPal,4.85
PAS002514,Gerald Williams,geraldwilliams@gmail.com,+1-650-370-1732,2025-10-21,Palo Alto,PayPal,4.88
PAS002515,Julie Lindsey,julie.l@icloud.com,+1-831-533-5840,2026-02-05,Downtown SF,Credit Card,4.82
PAS002516,Michelle Mcconnell,mmcconnell@outlook.com,+1-925-529-3076,2026-04-17,Palo Alto,Cash,4.86
PAS002517,Henry Gamble,henry.g@outlook.com,+1-650-737-1233,2025-11-15,Mountain View,Credit Card,4.06
PAS002518,Carol Lynch,clynch@hotmail.com,+1-831-382-7783,2026-03-29,Downtown SF,PayPal,3.77
PAS002519,Patricia Weeks,patricia11@icloud.com,+1-415-885-2968,2026-03-10,Palo Alto,Debit Card,4.88
PAS002520,Gerald Dodson,gerald.dodson@gmail.com,+1-408-200-1007,2025-05-30,Castro,Credit Card,4.83
PAS002521,Deborah Rich,deborahrich@icloud.com,+1-831-736-8848,2026-03-18,Oakland,PayPal,4.19
PAS002522,Dorothy Rasmussen,dorothyrasmussen@gmail.com,+1-408-210-8443,2026-03-24,Mission District,Credit Card,4.98
PAS002523,Jessica Mckee,jmckee@icloud.com,+1-650-370-4359,2026-03-25,Palo Alto,Credit Card,4.49
PAS002524,Tiffany Joyce,tjoyce@aol.com,+1-831-371-2848,2026-04-22,Castro,Credit Card,4.69
PAS002525,Jonathan Reed,jonathan.reed@icloud.com,+1-415-656-1042,2026-04-14,Palo Alto,Credit Card,3.85
PAS002526,Marie Tran,marietran@icloud.com,+1-650-911-6050,2026-04-14,Palo Alto,Credit Card,3.76
PAS002527,Michelle Delacruz,mdelacruz@yahoo.com,+1-707-750-4894,2025-11-03,Pacific Heights,Credit Card,4.61
PAS002528,Madison Black,madisonblack@icloud.com,+1-209-860-5412,2026-03-12,Financial District,PayPal,2.69
PAS002529,Samuel Conley,samuel.conley@gmail.com,+1-650-989-4763,2025-11-03,Marina,Credit Card,4.94
PAS002530,Patrick Roman,patrick.r@hotmail.com,+1-209-352-9445,2025-12-26,Oakland,Apple Pay,4.77
PAS002531,Jeffrey Estrada,jeffreyestrada@aol.com,+1-510-645-2337,2026-03-10,Oakland,Credit Card,4.76
PAS002532,Denise Robinson,denise54@icloud.com,+1-209-574-4407,2026-01-16,Downtown SF,Debit Card,4.83
PAS002533,Ralph Peck,ralph.p@outlook.com,+1-510-478-1935,2026-03-23,San Jose,Debit Card,4.81
PAS002534,Kathryn Oneill,kathryn.oneill@outlook.com,+1-209-779-6369,2026-04-07,Oakland,Credit Card,4.14
PAS002535,Willie Silva,willie.silva@yahoo.com,+1-209-810-9323,2025-05-02,Financial District,Cash,4.68
PAS002536,Wayne Powell,wayne45@hotmail.com,+1-510-272-2982,2026-02-28,North Beach,PayPal,4.58
PAS002537,Bruce Munoz,bruce75@hotmail.com,+1-925-748-8924,2026-04-16,Pacific Heights,Credit Card,4.42
PAS002538,Jesse Osborne,jesse.osborne@icloud.com,+1-650-630-4012,2025-10-13,Chinatown,Apple Pay,4.5
PAS002539,Marie Mccall,marie60@aol.com,+1-415-705-4037,2026-04-20,Downtown SF,Credit Card,4.43
PAS002540,Joseph Barron,joseph.barron@hotmail.com,+1-209-221-2316,2025-09-14,Financial District,Credit Card,4.89
PAS002541,Jacqueline Klein,jacqueline36@outlook.com,+1-707-902-3406,2024-05-28,Oakland,Credit Card,4.5
PAS002542,Amber Aguilar,amber52@aol.com,+1-707-851-7908,2026-01-02,Chinatown,Credit Card,4.74
PAS002543,Michael Pugh,mpugh@icloud.com,+1-415-201-2702,2026-01-08,Castro,Debit Card,4.8
PAS002544,Marie Melendez,marie.melendez@yahoo.com,+1-408-589-3496,2025-11-01,Pacific Heights,Credit Card,4.69
PAS002545,Randy Gardner,randy.g@aol.com,+1-925-695-1609,2026-04-28,Downtown SF,Credit Card,4.47
PAS002546,Paul Wilkerson,paul.w@aol.com,+1-415-602-8347,2025-10-03,Mountain View,Credit Card,4.56
PAS002547,Emily Wong,emily98@outlook.com,+1-415-836-6890,2025-05-06,San Jose,Apple Pay,3.98
PAS002548,Cheryl Tanner,cheryl30@icloud.com,+1-209-696-5732,2025-05-03,North Beach,Credit Card,3.82
PAS002549,Jerry Briggs,jerry.b@yahoo.com,+1-707-650-3163,2026-04-02,Oakland,Apple Pay,4.46
PAS002550,Janice Mays,janice.m@gmail.com,+1-415-237-7841,2025-02-28,Marina,Debit Card,4.27
PAS002551,Jonathan Dickson,jonathan68@aol.com,+1-510-717-1235,2026-04-26,Palo Alto,Credit Card,4.51
PAS002552,Shirley Owens,shirleyowens@yahoo.com,+1-408-215-6177,2026-03-12,San Jose,Debit Card,4.15
PAS002553,Arthur Booker,abooker@yahoo.com,+1-408-995-8089,2026-03-07,Chinatown,Cash,4.43
PAS002554,Ethan Melendez,ethan.m@outlook.com,+1-831-552-8361,2026-01-17,Castro,PayPal,4.54
PAS002555,Russell Davenport,russelldavenport@hotmail.com,+1-831-770-6304,2025-10-08,Haight-Ashbury,Credit Card,4.07
PAS002556,Sean Clay,sclay@outlook.com,+1-925-712-8814,2026-04-15,Chinatown,Credit Card,4.33
PAS002557,Kevin Lamb,kevin61@icloud.com,+1-209-314-4672,2026-01-22,Downtown SF,Credit Card,4.3
PAS002558,Susan Edwards,susan32@hotmail.com,+1-925-614-5342,2025-11-10,Castro,Credit Card,4.26
PAS002559,Amy Barker,abarker@icloud.com,+1-707-339-5350,2025-07-25,Oakland,Credit Card,4.83
PAS002560,Bruce Ellison,bruce46@outlook.com,+1-415-493-2937,2025-06-25,Berkeley,PayPal,4.91
PAS002561,Ralph Morton,ralph.morton@hotmail.com,+1-831-417-4208,2026-04-16,North Beach,Credit Card,4.76
PAS002562,David Horn,david87@aol.com,+1-510-267-9561,2026-04-25,Mission District,Credit Card,3.86
PAS002563,Beverly Gallagher,beverly.gallagher@yahoo.com,+1-209-572-6705,2026-04-04,Castro,Credit Card,4.6
PAS002564,Arthur Nunez,arthurnunez@icloud.com,+1-510-881-4128,2025-11-15,Marina,Credit Card,4.04
PAS002565,Diana Simpson,diana.simpson@icloud.com,+1-209-673-2427,2025-10-05,Mission District,Credit Card,4.42
PAS002566,Teresa Garcia,tgarcia@outlook.com,+1-209-501-4173,2025-07-19,Haight-Ashbury,PayPal,3.95
PAS002567,Susan Gibbs,susan.g@gmail.com,+1-707-818-3543,2026-03-14,North Beach,Credit Card,4.05
PAS002568,Betty Paul,bpaul@icloud.com,+1-925-681-5143,2026-02-01,Financial District,Credit Card,4.02
PAS002569,Timothy Peck,tpeck@outlook.com,+1-408-932-9284,2025-10-14,Haight-Ashbury,Apple Pay,4.73
PAS002570,Charles Kramer,charles.kramer@aol.com,+1-209-670-7276,2026-04-29,Pacific Heights,Debit Card,4.29
PAS002571,Russell Huff,russell.huff@icloud.com,+1-925-393-2331,2025-09-06,San Jose,PayPal,3.94
PAS002572,Joe Mosley,joe91@yahoo.com,+1-510-910-8324,2026-02-07,Palo Alto,Credit Card,4.84
PAS002573,Arthur Flores,arthur.flores@hotmail.com,+1-408-879-2061,2026-01-21,SOMA,Debit Card,4.64
PAS002574,Victoria Thompson,victoria57@aol.com,+1-209-506-2017,2026-01-03,SOMA,Credit Card,4.07
PAS002575,Bruce House,bruce48@icloud.com,+1-707-750-8238,2026-03-07,Haight-Ashbury,Credit Card,4.27
PAS002576,Lawrence Carson,lawrence.c@gmail.com,+1-650-625-9451,2026-02-01,Mission District,Apple Pay,4.56
PAS002577,Ryan Nguyen,ryan.n@yahoo.com,+1-209-414-2789,2025-07-23,San Jose,Debit Card,4.5
PAS002578,Teresa Curtis,teresa.c@hotmail.com,+1-510-375-4865,2026-04-08,San Jose,Apple Pay,4.74
PAS002579,Philip Lindsey,philip.l@aol.com,+1-650-406-3890,2026-02-02,San Jose,Credit Card,4.37
PAS002580,Jack Villarreal,jackvillarreal@hotmail.com,+1-707-526-9191,2025-11-19,Mission District,Debit Card,4.47
PAS002581,Anthony Bradford,abradford@hotmail.com,+1-408-540-2682,2025-09-15,Mountain View,Apple Pay,3.69
PAS002582,Larry Buck,larry.b@outlook.com,+1-408-337-9123,2026-01-27,Berkeley,Credit Card,4.17
PAS002583,Joseph Hunter,joseph.hunter@outlook.com,+1-925-849-1545,2025-05-21,SOMA,PayPal,4.75
PAS002584,Gerald Ward,gward@gmail.com,+1-209-597-4807,2026-02-09,Palo Alto,Credit Card,3.9
PAS002585,Emma Gill,emmagill@hotmail.com,+1-831-202-3973,2026-01-18,Oakland,Credit Card,3.61
PAS002586,Angela Anthony,angelaanthony@aol.com,+1-707-607-5550,2026-03-22,Mission District,Credit Card,3.97
PAS002587,Tiffany Melton,tiffanymelton@icloud.com,+1-209-238-3802,2026-03-29,Castro,Credit Card,4.55
PAS002588,Joshua Foster,joshua.foster@hotmail.com,+1-408-559-2561,2026-03-10,North Beach,PayPal,4.95
PAS002589,Kimberly Buchanan,kbuchanan@icloud.com,+1-707-244-5312,2025-10-08,Berkeley,Credit Card,4.64
PAS002590,Philip Holloway,philip.h@hotmail.com,+1-650-597-1840,2026-03-05,Oakland,Credit Card,4.68
PAS002591,Bobby Vargas,bobby41@hotmail.com,+1-209-357-3760,2026-02-25,Pacific Heights,Debit Card,4.72
PAS002592,Elizabeth Figueroa,elizabethfigueroa@gmail.com,+1-831-278-2899,2025-10-26,Marina,Credit Card,4.1
PAS002593,Billy Jackson,billy10@hotmail.com,+1-650-684-6960,2026-04-22,Palo Alto,Debit Card,4.9
PAS002594,Gabriel Palmer,gabriel35@gmail.com,+1-209-236-7128,2026-02-14,Haight-Ashbury,Cash,4.48
PAS002595,Grace Pittman,gracepittman@hotmail.com,+1-707-566-7583,2026-03-24,Marina,PayPal,4.84
PAS002596,Roger Monroe,roger.m@gmail.com,+1-650-769-5270,2026-03-27,Mountain View,Credit Card,4.53
PAS002597,Rebecca Barry,rbarry@hotmail.com,+1-831-793-1693,2026-02-16,Downtown SF,Debit Card,4.43
PAS002598,Raymond Clay,raymondclay@yahoo.com,+1-415-671-3060,2026-02-04,Haight-Ashbury,Credit Card,3.54
PAS002599,Rose Bruce,rose.b@aol.com,+1-925-210-5980,2026-03-31,Pacific Heights,Apple Pay,4.77
PAS002600,Kyle Monroe,kyle.monroe@outlook.com,+1-707-215-6458,2026-02-27,Haight-Ashbury,Credit Card,4.54
PAS002601,Kathryn Heath,kathryn54@icloud.com,+1-415-861-7516,2026-04-28,Castro,Credit Card,4.42
PAS002602,Harold Short,hshort@aol.com,+1-650-367-4308,2025-11-05,SOMA,PayPal,4.02
PAS002603,Justin Nichols,justin15@yahoo.com,+1-415-262-7542,2026-02-13,Marina,Apple Pay,4.62
PAS002604,Roy Ortiz,roy.ortiz@gmail.com,+1-831-777-8689,2026-04-15,Palo Alto,Credit Card,4.88
PAS002605,Betty Casey,bettycasey@hotmail.com,+1-510-980-2489,2026-04-02,Palo Alto,Cash,4.35
PAS002606,Nicole Tucker,nicoletucker@icloud.com,+1-831-311-3188,2026-01-05,Palo Alto,PayPal,3.92
PAS002607,Andrew Hoffman,andrew.h@outlook.com,+1-510-476-1032,2025-06-16,Berkeley,Apple Pay,4.5
PAS002608,Cynthia Ford,cynthia91@hotmail.com,+1-925-339-3386,2026-03-20,Pacific Heights,Credit Card,4.06
PAS002609,Louis Maddox,louismaddox@hotmail.com,+1-408-222-3435,2025-10-25,Marina,Apple Pay,4.51
PAS002610,Roy Ford,roy.ford@gmail.com,+1-415-298-4124,2025-10-05,SOMA,Debit Card,4.2
PAS002611,Zachary Leblanc,zacharyleblanc@icloud.com,+1-650-471-4863,2026-04-17,Castro,Apple Pay,4.71
PAS002612,Jessica Dickson,jdickson@icloud.com,+1-510-931-4822,2026-04-25,Castro,Credit Card,4.77
PAS002613,Ryan Munoz,ryan87@outlook.com,+1-510-851-8941,2026-02-27,Haight-Ashbury,Credit Card,4.33
PAS002614,Melissa Kane,melissa.k@hotmail.com,+1-831-952-8998,2025-01-07,San Jose,Credit Card,4.85
PAS002615,Dennis Klein,dennis.k@icloud.com,+1-209-669-6945,2025-11-22,Marina,Debit Card,4.58
PAS002616,Dennis Reed,dennis.reed@icloud.com,+1-408-200-8617,2025-11-15,Downtown SF,Credit Card,4.77
PAS002617,Jordan Edwards,jordanedwards@yahoo.com,+1-831-256-3111,2026-03-15,North Beach,Credit Card,4.85
PAS002618,Edward Hayes,ehayes@outlook.com,+1-650-631-2128,2026-02-06,North Beach,Credit Card,4.39
PAS002619,Philip Peters,philippeters@icloud.com,+1-650-498-6263,2025-09-30,San Jose,Debit Card,4.57
PAS002620,Denise Barrera,denise.b@outlook.com,+1-209-665-4202,2026-04-15,Chinatown,Credit Card,3.67
PAS002621,Emily Nichols,emily98@yahoo.com,+1-650-265-5577,2026-03-11,Haight-Ashbury,Apple Pay,4.63
PAS002622,Kevin Maddox,kevinmaddox@yahoo.com,+1-650-742-4655,2025-11-04,Marina,Credit Card,4.94
PAS002623,Teresa Gray,teresa.g@hotmail.com,+1-650-939-3676,2026-02-19,Marina,Credit Card,4.74
PAS002624,Gregory Berg,gberg@yahoo.com,+1-209-897-1449,2025-05-14,San Jose,Credit Card,4.79
PAS002625,Dylan French,dylan.french@hotmail.com,+1-925-276-3814,2026-03-09,Pacific Heights,Credit Card,4.95
PAS002626,Gregory Dixon,gregory.d@yahoo.com,+1-925-578-7354,2026-01-18,North Beach,Credit Card,4.6
PAS002627,Juan Lewis,juan.l@yahoo.com,+1-408-914-6709,2026-02-18,Downtown SF,Debit Card,4.52
PAS002628,Brenda Mosley,brenda.m@aol.com,+1-408-401-8521,2026-03-04,Pacific Heights,Credit Card,4.22
PAS002629,Mark Marquez,mark35@icloud.com,+1-408-412-9557,2025-11-11,North Beach,Credit Card,4.71
PAS002630,Roger Morrison,roger84@icloud.com,+1-510-948-1354,2026-02-24,Castro,Credit Card,4.81
PAS002631,Gary Scott,gary84@hotmail.com,+1-209-570-6661,2026-02-22,Downtown SF,Cash,4.68
PAS002632,Roger Weaver,rweaver@yahoo.com,+1-408-386-4130,2025-11-30,Downtown SF,Apple Pay,4.76
PAS002633,Mary Decker,mary.d@outlook.com,+1-510-770-8139,2026-04-29,Financial District,PayPal,3.53
PAS002634,Nicole Lowery,nlowery@aol.com,+1-209-491-8641,2025-03-14,Berkeley,Cash,4.73
PAS002635,Rose Pitts,rose.p@gmail.com,+1-925-760-5089,2025-10-27,Berkeley,Credit Card,4.74
PAS002636,Janet Nash,janet58@gmail.com,+1-831-785-3234,2026-02-07,Oakland,Debit Card,3.98
PAS002637,Emily York,emily.york@aol.com,+1-650-540-3132,2025-07-10,Oakland,Apple Pay,4.51
PAS002638,Wayne Espinoza,wayne91@aol.com,+1-510-313-2017,2025-12-20,Mountain View,Credit Card,4.68
PAS002639,Bobby Flynn,bflynn@yahoo.com,+1-925-273-3340,2025-12-22,Haight-Ashbury,Debit Card,4.9
PAS002640,Willie Cameron,wcameron@aol.com,+1-415-862-5346,2026-04-05,Downtown SF,Debit Card,4.69
PAS002641,Amy Sparks,asparks@hotmail.com,+1-209-236-5069,2026-02-19,Marina,Apple Pay,4.23
PAS002642,Adam Fitzgerald,adam31@hotmail.com,+1-408-932-3553,2025-07-30,Downtown SF,PayPal,4.31
PAS002643,Douglas Figueroa,douglasfigueroa@yahoo.com,+1-831-849-2100,2026-02-22,Pacific Heights,Credit Card,3.22
PAS002644,Jeffrey Mccormick,jeffreymccormick@outlook.com,+1-510-553-3447,2026-04-03,Mountain View,Credit Card,4.85
PAS002645,Eugene Gross,eugene.gross@gmail.com,+1-510-543-7738,2026-04-19,Chinatown,Cash,4.22
PAS002646,Amy Bond,amy.b@aol.com,+1-707-446-2278,2026-04-07,Berkeley,Credit Card,4.8
PAS002647,Melissa Hicks,melissahicks@aol.com,+1-831-482-8278,2026-03-04,Pacific Heights,Credit Card,4.53
PAS002648,Nathan Rush,nathan.rush@outlook.com,+1-209-866-7247,2026-03-06,Pacific Heights,Apple Pay,4.59
PAS002649,Larry Hicks,lhicks@aol.com,+1-408-237-8646,2025-12-28,Oakland,Credit Card,3.74
PAS002650,Louis Allen,louis.a@gmail.com,+1-415-949-2133,2026-02-01,Berkeley,Apple Pay,4.59
PAS002651,Elizabeth Simmons,elizabeth27@hotmail.com,+1-415-580-7418,2025-12-27,Financial District,PayPal,4.68
PAS002652,Brittany Brady,brittany.brady@gmail.com,+1-209-514-1323,2026-01-31,Downtown SF,Apple Pay,4.17
PAS002653,Brenda Floyd,brenda.floyd@gmail.com,+1-415-649-3777,2026-01-18,Berkeley,Credit Card,4.23
PAS002654,Deborah Ramos,deborah.r@yahoo.com,+1-415-490-4407,2025-12-21,Downtown SF,Credit Card,4.93
PAS002655,Eugene Mosley,eugene.mosley@hotmail.com,+1-510-333-2202,2025-11-24,Downtown SF,Debit Card,4.02
PAS002656,Judith Baker,judith95@aol.com,+1-408-276-1478,2026-03-25,San Jose,Debit Card,4.6
PAS002657,Rachel Monroe,rachelmonroe@gmail.com,+1-707-945-9555,2026-01-03,Chinatown,Cash,4.79
PAS002658,Kyle Rush,kyle.rush@outlook.com,+1-831-215-8055,2026-02-05,North Beach,PayPal,4.08
PAS002659,Carolyn Yates,carolyn24@gmail.com,+1-925-734-4734,2025-04-22,Castro,Credit Card,4.63
PAS002660,Christopher Singleton,christopher.singleton@icloud.com,+1-707-323-5355,2026-03-31,Berkeley,Debit Card,4.88
PAS002661,Kimberly Blackwell,kimberly.blackwell@aol.com,+1-650-266-6615,2026-02-15,San Jose,Debit Card,4.48
PAS002662,Ryan Durham,ryan.durham@gmail.com,+1-707-325-2924,2026-04-07,Mission District,Apple Pay,4.53
PAS002663,Tiffany Kemp,tkemp@gmail.com,+1-925-412-7058,2026-04-08,Financial District,Cash,4.45
PAS002664,Deborah Sandoval,deborah.sandoval@outlook.com,+1-510-862-7911,2025-11-23,Castro,PayPal,4.78
PAS002665,John Gillespie,jgillespie@yahoo.com,+1-707-556-4529,2025-12-01,Mission District,Credit Card,4.48
PAS002666,Ralph Hill,ralphhill@outlook.com,+1-510-391-3385,2026-01-02,Downtown SF,Credit Card,3.77
PAS002667,Nathan Freeman,nathan.freeman@icloud.com,+1-925-528-3896,2026-04-11,Pacific Heights,Credit Card,4.45
PAS002668,Jennifer Velez,jvelez@aol.com,+1-415-957-8020,2025-12-14,Oakland,Credit Card,4.79
PAS002669,Beverly Aguilar,beverlyaguilar@yahoo.com,+1-831-239-2624,2026-02-08,Oakland,Credit Card,4.59
PAS002670,Patricia Dudley,patricia.d@icloud.com,+1-408-276-2611,2025-05-08,San Jose,Apple Pay,4.2
PAS002671,Randy Doyle,randy.doyle@icloud.com,+1-510-368-8400,2026-03-23,Berkeley,Credit Card,4.33
PAS002672,Mark Mejia,markmejia@icloud.com,+1-209-513-2259,2025-07-09,Castro,Credit Card,4.61
PAS002673,Tiffany Buckley,tiffany.b@yahoo.com,+1-707-471-4141,2026-02-09,Pacific Heights,Credit Card,3.34
PAS002674,Tiffany Clarke,tiffanyclarke@outlook.com,+1-831-466-3846,2026-01-08,North Beach,Debit Card,3.42
PAS002675,Gary Sellers,gary.s@outlook.com,+1-831-485-9989,2026-03-11,Mission District,Credit Card,3.59
PAS002676,Nancy Green,nancy.green@yahoo.com,+1-650-915-8673,2026-01-15,SOMA,Credit Card,4.1
PAS002677,Anna Grant,agrant@outlook.com,+1-209-709-9464,2026-02-08,Marina,Cash,4.73
PAS002678,Jane Gilmore,jgilmore@icloud.com,+1-510-211-9080,2025-09-06,Downtown SF,PayPal,3.66
PAS002679,Roger Owens,roger.owens@icloud.com,+1-408-848-6873,2026-02-26,Mission District,Debit Card,4.17
PAS002680,Kimberly Pena,kimberly.pena@hotmail.com,+1-209-790-3923,2026-04-15,Downtown SF,PayPal,3.98
PAS002681,Grace Daniels,gracedaniels@outlook.com,+1-831-285-7346,2025-07-13,Oakland,Apple Pay,4.44
PAS002682,Dorothy Moore,dmoore@yahoo.com,+1-707-951-2919,2026-04-11,Oakland,Apple Pay,4.46
PAS002683,Emily Kirby,ekirby@gmail.com,+1-831-800-7934,2025-12-05,San Jose,Credit Card,4.69
PAS002684,Mark Alvarez,mark.a@hotmail.com,+1-415-889-4921,2026-01-31,Financial District,Apple Pay,3.65
PAS002685,Michael Ashley,mashley@outlook.com,+1-209-421-7750,2026-03-05,Downtown SF,Debit Card,4.5
PAS002686,Ethan Velasquez,ethanvelasquez@yahoo.com,+1-408-797-6676,2026-04-30,Downtown SF,PayPal,4.16
PAS002687,Tyler Kramer,tkramer@aol.com,+1-209-638-1140,2025-12-23,San Jose,PayPal,4.47
PAS002688,Kimberly Luna,kimberly.luna@icloud.com,+1-415-864-1604,2026-03-18,Castro,Credit Card,4.02
PAS002689,Richard Faulkner,richard.f@yahoo.com,+1-415-626-4060,2026-02-10,Castro,Credit Card,3.15
PAS002690,Richard Joyce,richard.joyce@hotmail.com,+1-707-641-5833,2025-08-24,Pacific Heights,Apple Pay,4.8
PAS002691,Karen Rivas,karen83@gmail.com,+1-650-467-4460,2026-04-12,Haight-Ashbury,Credit Card,4.72
PAS002692,Thomas Heath,thomas16@gmail.com,+1-650-810-1693,2025-12-16,North Beach,Apple Pay,4.56
PAS002693,Aaron Long,aaron.long@aol.com,+1-510-959-6087,2025-11-24,Financial District,Cash,4.69
PAS002694,Janice Andrews,jandrews@icloud.com,+1-925-824-1235,2026-04-08,Marina,Credit Card,4.08
PAS002695,Paul Ross,pross@hotmail.com,+1-510-321-8835,2026-02-04,Haight-Ashbury,Cash,4.09
PAS002696,Nathan Singleton,nathan.singleton@aol.com,+1-415-485-4084,2026-01-04,Palo Alto,Credit Card,4.79
PAS002697,Christian Collier,christiancollier@aol.com,+1-510-540-8303,2026-04-14,Castro,Credit Card,3.55
PAS002698,Diana Pittman,dianapittman@icloud.com,+1-707-253-9820,2025-08-31,Marina,PayPal,3.99
PAS002699,Grace Gallagher,gracegallagher@icloud.com,+1-415-418-7955,2026-03-17,North Beach,PayPal,4.87
PAS002700,Justin Camacho,jcamacho@hotmail.com,+1-831-683-7016,2026-01-26,Palo Alto,Credit Card,4.26
PAS002701,Timothy Tran,timothy19@yahoo.com,+1-925-877-9090,2025-03-07,Pacific Heights,Apple Pay,4.82
PAS002702,Stephanie Moon,smoon@gmail.com,+1-510-374-1929,2026-01-31,North Beach,Debit Card,4.42
PAS002703,Marie Mitchell,mariemitchell@outlook.com,+1-510-202-2895,2026-04-10,Downtown SF,Cash,4.84
PAS002704,Amy Sanford,amy.sanford@icloud.com,+1-650-445-5212,2026-03-03,Mountain View,Cash,4.39
PAS002705,Matthew Hensley,matthew.h@aol.com,+1-415-790-8602,2026-04-18,Castro,PayPal,4.95
PAS002706,Hannah Kent,hannah78@gmail.com,+1-831-608-2382,2026-04-10,Financial District,Debit Card,4.62
PAS002707,Robert Conway,robert60@hotmail.com,+1-925-813-1786,2025-12-01,Pacific Heights,Debit Card,4.75
PAS002708,Laura Joyce,ljoyce@aol.com,+1-510-644-3315,2026-04-07,SOMA,Apple Pay,4.82
PAS002709,Roy Robertson,rrobertson@yahoo.com,+1-831-307-1305,2026-03-21,Castro,Apple Pay,3.15
PAS002710,Jonathan Yates,jonathanyates@aol.com,+1-831-219-3950,2026-03-11,Chinatown,PayPal,4.14
PAS002711,Albert Frank,albert62@aol.com,+1-707-798-3328,2024-12-30,Mountain View,Debit Card,4.76
PAS002712,Lisa Chang,lisa85@outlook.com,+1-831-456-4558,2026-01-13,Palo Alto,Apple Pay,4.81
PAS002713,Deborah Barrera,dbarrera@hotmail.com,+1-707-394-2038,2026-02-04,Chinatown,Credit Card,4.12
PAS002714,David Meyer,david.m@hotmail.com,+1-209-620-2380,2025-12-12,San Jose,Credit Card,4.37
PAS002715,Brittany Owen,brittany48@yahoo.com,+1-408-885-8228,2026-04-02,Mountain View,Cash,4.77
PAS002716,Cynthia Oconnor,cynthia.oconnor@icloud.com,+1-415-724-6395,2026-01-26,North Beach,Apple Pay,4.39
PAS002717,Gregory Carpenter,gregory.c@hotmail.com,+1-209-601-4540,2025-11-21,Mission District,Credit Card,4.45
PAS002718,Sara Matthews,sara93@yahoo.com,+1-415-213-3596,2026-02-10,Pacific Heights,Credit Card,4.39
PAS002719,Beverly Palmer,bpalmer@icloud.com,+1-707-360-4320,2026-03-30,Pacific Heights,Debit Card,4.15
PAS002720,Aaron Holloway,aaron20@gmail.com,+1-650-314-7987,2026-04-26,North Beach,Credit Card,4.78
PAS002721,Julie Jones,julie.j@outlook.com,+1-415-290-1323,2025-12-13,Haight-Ashbury,Credit Card,4.66
PAS002722,Kelly Clayton,kelly.c@outlook.com,+1-650-922-6086,2025-11-06,SOMA,Apple Pay,4.43
PAS002723,Louis Nicholson,louis63@icloud.com,+1-650-973-4580,2025-11-08,Chinatown,Credit Card,4.51
PAS002724,Frank Cobb,frank.cobb@aol.com,+1-925-939-5826,2026-03-04,Oakland,Credit Card,4.39
PAS002725,Gregory Martin,gregorymartin@icloud.com,+1-831-398-9634,2025-10-19,Mountain View,PayPal,4.54
PAS002726,Ronald Blake,rblake@icloud.com,+1-415-735-2962,2024-11-23,Pacific Heights,Cash,4.76
PAS002727,Emma Richmond,erichmond@gmail.com,+1-650-819-7626,2026-04-06,San Jose,Debit Card,4.37
PAS002728,Frank Sandoval,frank.s@aol.com,+1-408-278-6645,2026-04-23,Oakland,Credit Card,4.79
PAS002729,Stephanie Harris,stephanie.harris@outlook.com,+1-510-832-1695,2026-04-09,San Jose,Credit Card,4.01
PAS002730,Justin Leblanc,jleblanc@icloud.com,+1-831-223-2240,2026-03-09,Castro,Credit Card,3.31
PAS002731,Jessica Boyer,jessicaboyer@yahoo.com,+1-925-526-2154,2026-04-12,SOMA,Cash,4.45
PAS002732,Marilyn Browning,marilyn.b@aol.com,+1-925-555-5478,2026-04-19,San Jose,Debit Card,3.9
PAS002733,Daniel Ellison,danielellison@outlook.com,+1-510-511-9051,2026-04-16,San Jose,Credit Card,4.47
PAS002734,Tiffany Drake,tiffany28@gmail.com,+1-209-515-4643,2026-01-28,Chinatown,Credit Card,4.57
PAS002735,Paul Carter,paul.c@hotmail.com,+1-415-865-1909,2026-04-13,North Beach,Apple Pay,4.03
PAS002736,Roger Savage,rsavage@hotmail.com,+1-707-200-1566,2026-02-05,San Jose,Credit Card,4.69
PAS002737,Samuel Dunn,sdunn@aol.com,+1-831-930-1977,2026-01-31,Oakland,Credit Card,4.7
PAS002738,Jeffrey Heath,jeffreyheath@yahoo.com,+1-831-269-5409,2025-12-05,SOMA,Apple Pay,4.7
PAS002739,Nicholas Carey,nicholas.carey@hotmail.com,+1-510-644-4668,2026-01-27,SOMA,PayPal,4.72
PAS002740,Amber Huff,ahuff@aol.com,+1-510-856-5509,2026-04-16,Chinatown,PayPal,4.62
PAS002741,Howard Silva,howard99@aol.com,+1-408-626-5943,2026-03-16,Chinatown,Credit Card,4.22
PAS002742,Debra Ward,debra.w@yahoo.com,+1-209-897-6925,2026-02-13,Berkeley,Credit Card,4.17
PAS002743,Christian Gallegos,christian.gallegos@outlook.com,+1-510-466-7406,2026-04-21,Downtown SF,Credit Card,4.74
PAS002744,Charles Hickman,charles95@gmail.com,+1-831-513-1420,2025-09-11,Mountain View,Debit Card,4.25
PAS002745,Emily Murphy,emily.m@yahoo.com,+1-707-622-9368,2025-11-18,San Jose,PayPal,4.21
PAS002746,Stephanie Cortez,scortez@yahoo.com,+1-209-732-5086,2026-03-31,Oakland,Debit Card,4.18
PAS002747,Carl Gallegos,cgallegos@outlook.com,+1-707-466-1002,2026-04-20,SOMA,Apple Pay,4.76
PAS002748,Laura Brady,laura.brady@hotmail.com,+1-707-317-4166,2026-03-22,North Beach,Apple Pay,3.92
PAS002749,Anna Holloway,annaholloway@icloud.com,+1-650-628-6833,2026-03-19,San Jose,Credit Card,4.59
PAS002750,Diana Hartman,dianahartman@icloud.com,+1-408-883-7167,2026-03-19,North Beach,Apple Pay,4.76
PAS002751,Patrick Bruce,pbruce@hotmail.com,+1-925-549-5234,2026-02-03,Downtown SF,PayPal,4.14
PAS002752,Cynthia Bass,cynthia.b@icloud.com,+1-408-819-8355,2026-04-02,Castro,Apple Pay,4.29
PAS002753,Joe Hood,joehood@outlook.com,+1-925-843-3777,2026-03-01,SOMA,Cash,3.94
PAS002754,Alexis Evans,alexis84@outlook.com,+1-415-539-5211,2026-02-18,Mountain View,Credit Card,4.72
PAS002755,Eric Sweeney,eric60@icloud.com,+1-408-824-1183,2026-04-08,Mission District,Cash,4.23
PAS002756,Grace Hendrix,ghendrix@aol.com,+1-650-656-2022,2026-04-18,Pacific Heights,Debit Card,4.72
PAS002757,Kathleen Winters,kathleen79@aol.com,+1-650-731-8384,2025-07-30,Mission District,Debit Card,4.11
PAS002758,Alexander Gentry,alexander39@aol.com,+1-925-430-1403,2026-02-07,SOMA,Credit Card,4.63
PAS002759,Madison Shepard,mshepard@aol.com,+1-408-762-6208,2026-04-08,Pacific Heights,Debit Card,4.5
PAS002760,Anna Meyer,anna.meyer@yahoo.com,+1-925-748-1121,2026-04-29,Pacific Heights,Credit Card,4.8
PAS002761,Ralph Garrison,ralph.g@outlook.com,+1-415-752-8395,2025-12-03,Haight-Ashbury,Apple Pay,4.48
PAS002762,Stephanie Pope,stephaniepope@outlook.com,+1-650-514-8195,2026-02-14,San Jose,Credit Card,4.79
PAS002763,Megan Henderson,megan24@outlook.com,+1-209-398-8871,2026-04-07,San Jose,Debit Card,4.56
PAS002764,Janice Hughes,jhughes@gmail.com,+1-831-360-2064,2025-07-26,Berkeley,Debit Card,4.22
PAS002765,Hannah Alvarado,halvarado@gmail.com,+1-408-959-9643,2026-02-10,Berkeley,Credit Card,4.54
PAS002766,Christian Peters,christian18@gmail.com,+1-408-277-2922,2026-04-06,Haight-Ashbury,Credit Card,4.81
PAS002767,Adam Shepherd,ashepherd@yahoo.com,+1-925-964-7506,2026-01-03,Financial District,Cash,3.82
PAS002768,Emily Everett,emily.e@aol.com,+1-831-691-7443,2026-02-01,SOMA,Credit Card,4.7
PAS002769,Louis Richardson,louisrichardson@yahoo.com,+1-925-675-3971,2026-04-28,SOMA,Credit Card,3.86
PAS002770,Angela English,angela.e@outlook.com,+1-209-243-8468,2026-03-26,Mission District,Credit Card,4.33
PAS002771,Tyler Harrell,tyler21@icloud.com,+1-707-671-3309,2025-10-22,Castro,Credit Card,4.72
PAS002772,Kyle Bartlett,kylebartlett@yahoo.com,+1-707-354-9237,2026-01-29,Downtown SF,Credit Card,3.3
PAS002773,Michael Hebert,michael34@gmail.com,+1-408-995-8233,2026-04-16,Marina,Debit Card,4.51
PAS002774,Nicholas Phelps,nicholasphelps@hotmail.com,+1-209-974-2570,2026-04-14,Mission District,Apple Pay,3.7
PAS002775,Raymond Norton,raymondnorton@yahoo.com,+1-510-770-2855,2026-01-27,Palo Alto,Credit Card,4.7
PAS002776,Arthur Wilkins,awilkins@gmail.com,+1-415-661-1426,2026-01-31,Haight-Ashbury,Credit Card,4.89
PAS002777,Kyle Carey,kcarey@aol.com,+1-408-319-4432,2026-01-24,Mission District,Credit Card,3.39
PAS002778,Tyler Brady,tylerbrady@icloud.com,+1-408-397-7557,2026-04-24,Mountain View,Credit Card,4.35
PAS002779,Emma Munoz,emma54@gmail.com,+1-408-569-5011,2025-10-18,Marina,PayPal,4.7
PAS002780,Marie Mills,marie.mills@gmail.com,+1-650-545-5913,2026-03-19,Berkeley,PayPal,4.6
PAS002781,Julie Bullock,julie.b@gmail.com,+1-925-793-6868,2026-02-20,Palo Alto,Cash,4.93
PAS002782,Lawrence Hess,lawrence.hess@yahoo.com,+1-510-919-8865,2025-05-10,Downtown SF,Credit Card,4.62
PAS002783,Patrick Savage,patricksavage@hotmail.com,+1-408-391-1673,2025-08-03,Mission District,Apple Pay,4.52
PAS002784,Jonathan Hoffman,jonathan52@hotmail.com,+1-831-397-7488,2026-03-18,Palo Alto,Credit Card,3.96
PAS002785,Ethan Gay,ethan.g@aol.com,+1-408-647-9201,2026-03-04,Haight-Ashbury,Credit Card,3.9
PAS002786,Jacob Glenn,jacob90@aol.com,+1-925-936-6069,2026-04-28,Mountain View,Credit Card,4.34
PAS002787,Dylan Trujillo,dylan.trujillo@aol.com,+1-831-398-3167,2026-02-17,San Jose,Credit Card,4.44
PAS002788,Joyce Hess,joyce.h@yahoo.com,+1-415-586-1377,2025-07-02,Pacific Heights,Credit Card,4.77
PAS002789,Emily Solomon,emilysolomon@icloud.com,+1-650-974-2251,2026-04-30,Mission District,PayPal,3.95
PAS002790,Amber Mills,amills@hotmail.com,+1-408-857-6590,2025-08-01,Downtown SF,Credit Card,4.55
PAS002791,Douglas Dotson,ddotson@icloud.com,+1-650-261-4392,2025-12-26,Chinatown,Apple Pay,4.25
PAS002792,Jeremy Owens,jeremy.owens@yahoo.com,+1-415-420-9382,2025-12-30,SOMA,Credit Card,4.69
PAS002793,Emily Haley,emily.h@yahoo.com,+1-415-307-7047,2026-04-07,Mountain View,Apple Pay,4.36
PAS002794,James Barrera,james96@icloud.com,+1-707-505-9029,2026-01-28,Haight-Ashbury,Cash,3.96
PAS002795,Charles Deleon,charles.deleon@aol.com,+1-831-725-1564,2025-02-24,Marina,Cash,4.88
PAS002796,Elizabeth Park,elizabeth.park@hotmail.com,+1-925-630-9532,2025-10-31,Downtown SF,Credit Card,4.92
PAS002797,Charles Bradley,charles25@yahoo.com,+1-408-626-1015,2026-04-05,Mountain View,PayPal,4.91
PAS002798,Carolyn English,carolynenglish@yahoo.com,+1-510-953-2764,2026-04-18,Mission District,Debit Card,4.55
PAS002799,Raymond Gross,raymond83@icloud.com,+1-650-791-2343,2026-04-03,San Jose,Credit Card,4.99
PAS002800,Wayne Gallegos,wayne.gallegos@icloud.com,+1-831-836-1773,2026-03-13,Financial District,PayPal,4.7
PAS002801,Sarah Wheeler,sarah58@gmail.com,+1-209-858-7820,2026-02-24,Castro,Credit Card,4.73
PAS002802,Olivia Solis,olivia.solis@hotmail.com,+1-925-755-4342,2026-04-13,San Jose,Apple Pay,4.5
PAS002803,Diane Ramirez,diane.ramirez@gmail.com,+1-831-732-1222,2024-12-06,Mission District,Credit Card,4.25
PAS002804,Ashley Gray,ashleygray@aol.com,+1-831-218-7307,2025-09-30,Pacific Heights,Cash,4.42
PAS002805,Rebecca Faulkner,rebecca48@aol.com,+1-408-870-5370,2026-04-05,Mountain View,Debit Card,3.94
PAS002806,Marilyn Hickman,marilynhickman@gmail.com,+1-415-797-7783,2025-03-07,Downtown SF,Credit Card,4.9
PAS002807,Sandra Wolf,sandra35@yahoo.com,+1-415-567-4611,2026-03-31,SOMA,Apple Pay,4.67
PAS002808,Cynthia Bridges,cynthiabridges@hotmail.com,+1-415-507-9117,2025-05-11,Downtown SF,Credit Card,4.4
PAS002809,Shirley Wyatt,shirley.w@aol.com,+1-707-530-6837,2026-04-27,Mission District,Apple Pay,4.39
PAS002810,Wayne Hensley,waynehensley@yahoo.com,+1-925-232-6455,2026-04-07,Mountain View,Cash,4.29
PAS002811,Emma Salas,emma67@gmail.com,+1-510-855-4356,2026-02-12,Castro,Apple Pay,4.91
PAS002812,Ronald Harding,ronald.harding@yahoo.com,+1-510-910-7495,2025-04-16,Palo Alto,Debit Card,4.81
PAS002813,Howard Mcclain,hmcclain@aol.com,+1-415-839-6902,2026-04-07,SOMA,Credit Card,4.4
PAS002814,Christopher Trujillo,christopher.t@outlook.com,+1-415-467-4098,2026-02-20,Financial District,Credit Card,4.99
PAS002815,Eric Chen,eric.chen@gmail.com,+1-650-534-9844,2025-08-01,Palo Alto,Credit Card,3.76
PAS002816,Gabriel Tran,gabriel.t@yahoo.com,+1-415-396-8835,2026-04-05,Downtown SF,PayPal,4.88
PAS002817,Jason Beard,jasonbeard@gmail.com,+1-650-252-7032,2026-04-06,Chinatown,Credit Card,3.91
PAS002818,Carl Contreras,carl82@icloud.com,+1-707-410-2008,2026-02-06,North Beach,Apple Pay,4.97
PAS002819,Nicholas Kent,nicholas.k@gmail.com,+1-408-462-1367,2026-03-23,Berkeley,Apple Pay,3.43
PAS002820,Beverly Wilcox,beverly.wilcox@hotmail.com,+1-415-527-1938,2025-08-18,Berkeley,Apple Pay,4.91
PAS002821,Christopher Sheppard,christophersheppard@aol.com,+1-831-276-9098,2026-04-07,Mountain View,Debit Card,4.7
PAS002822,William Williams,william14@icloud.com,+1-707-511-2788,2025-12-21,Berkeley,PayPal,4.51
PAS002823,Cynthia Harrison,cynthiaharrison@aol.com,+1-925-718-2696,2025-07-02,Downtown SF,Credit Card,4.21
PAS002824,Emily Dudley,emily46@yahoo.com,+1-707-534-5079,2026-03-14,Berkeley,Credit Card,2.68
PAS002825,Lawrence Gilmore,lawrence28@hotmail.com,+1-831-280-5449,2025-10-18,Pacific Heights,Debit Card,4.42
PAS002826,Betty Mendez,betty.m@icloud.com,+1-209-262-2026,2025-07-14,Mountain View,Apple Pay,4.76
PAS002827,Joseph Kline,josephkline@gmail.com,+1-707-349-5190,2026-01-31,Mission District,Credit Card,4.36
PAS002828,Jacqueline Hartman,jacqueline.hartman@gmail.com,+1-925-727-4836,2026-02-11,SOMA,Credit Card,2.98
PAS002829,Nicholas Green,ngreen@aol.com,+1-707-975-3220,2026-03-31,Mountain View,PayPal,4.54
PAS002830,Kathryn Wyatt,kathrynwyatt@gmail.com,+1-831-622-5891,2026-03-11,Chinatown,Credit Card,4.98
PAS002831,Daniel Key,daniel.key@gmail.com,+1-510-368-4392,2025-08-07,Marina,PayPal,4.36
PAS002832,Ralph Sanchez,rsanchez@outlook.com,+1-831-545-7040,2026-04-12,Oakland,Credit Card,4.83
PAS002833,Heather Bond,heatherbond@yahoo.com,+1-408-761-4148,2026-04-21,Haight-Ashbury,Debit Card,4.43
PAS002834,Martha Drake,martha22@yahoo.com,+1-925-488-7440,2026-04-19,Mountain View,Apple Pay,4.4
PAS002835,Carol Mills,carol.mills@aol.com,+1-209-470-1913,2025-09-18,Castro,PayPal,3.9
PAS002836,Stephanie Mclean,stephanie.m@aol.com,+1-415-550-7016,2026-01-14,Downtown SF,Credit Card,4.83
PAS002837,Amber Sherman,amber.s@aol.com,+1-510-646-9903,2026-01-22,Marina,Debit Card,4.83
PAS002838,Diane Porter,dporter@outlook.com,+1-650-287-1430,2026-02-19,Berkeley,Debit Card,4.21
PAS002839,Keith Serrano,kserrano@hotmail.com,+1-510-251-7106,2025-09-28,Financial District,Apple Pay,4.75
PAS002840,Charles Pitts,charles.p@icloud.com,+1-510-582-6563,2025-08-19,Castro,PayPal,4.7
PAS002841,Lisa Morse,lisa.m@hotmail.com,+1-707-371-7949,2026-01-25,Pacific Heights,Apple Pay,4.87
PAS002842,Amy Holman,amyholman@yahoo.com,+1-510-695-4248,2025-09-11,SOMA,Apple Pay,4.47
PAS002843,Julia Bass,julia28@icloud.com,+1-209-858-3811,2025-10-06,Financial District,Debit Card,4.9
PAS002844,Harold Murphy,haroldmurphy@gmail.com,+1-650-832-2246,2026-03-11,Oakland,Credit Card,4.6
PAS002845,Judith Salazar,judith59@gmail.com,+1-408-936-5304,2026-03-28,SOMA,Credit Card,4.11
PAS002846,William Abbott,william90@outlook.com,+1-510-450-2748,2025-09-12,Pacific Heights,Debit Card,4.39
PAS002847,Patrick Ware,patrick27@yahoo.com,+1-415-423-1990,2026-02-25,Mountain View,Cash,3.77
PAS002848,Emily Ballard,emilyballard@gmail.com,+1-415-318-2853,2026-03-24,Marina,Apple Pay,4.16
PAS002849,Thomas Schwartz,thomas64@hotmail.com,+1-650-285-5620,2025-08-02,Marina,Credit Card,3.84
PAS002850,Megan Odom,megan.o@aol.com,+1-415-580-6502,2025-12-26,Oakland,Credit Card,4.08
PAS002851,Amber Woods,awoods@outlook.com,+1-415-876-3078,2026-04-04,Haight-Ashbury,Debit Card,3.97
PAS002852,Susan Marsh,smarsh@outlook.com,+1-209-827-9489,2026-03-10,Mountain View,Apple Pay,4.45
PAS002853,Evelyn Soto,esoto@aol.com,+1-831-863-6008,2026-03-21,Mission District,Debit Card,3.49
PAS002854,Thomas Alvarado,thomas.alvarado@outlook.com,+1-831-496-7231,2025-12-08,North Beach,Credit Card,4.05
PAS002855,Kevin Duran,kevinduran@yahoo.com,+1-831-718-1430,2025-10-07,Downtown SF,Credit Card,3.6
PAS002856,Joan Alexander,joan.a@hotmail.com,+1-209-521-1781,2026-04-06,Oakland,Credit Card,4.61
PAS002857,Marie Chase,mariechase@yahoo.com,+1-415-297-2082,2026-01-31,SOMA,Credit Card,4.42
PAS002858,Andrea Rodriguez,andrearodriguez@yahoo.com,+1-707-783-4660,2025-12-25,Marina,Credit Card,4.73
PAS002859,Albert Woods,albert.w@gmail.com,+1-925-437-4476,2026-02-16,Mission District,Credit Card,4.67
PAS002860,Jose Ward,jward@aol.com,+1-209-514-6036,2026-02-14,Mountain View,PayPal,4.24
PAS002861,Joyce Dudley,joyce.dudley@outlook.com,+1-510-314-9635,2026-04-21,San Jose,Credit Card,4.86
PAS002862,Kimberly Best,kimberly.best@gmail.com,+1-510-578-9095,2026-01-22,Chinatown,Credit Card,3.7
PAS002863,Kyle Aguilar,kyle.a@gmail.com,+1-408-706-2924,2026-03-22,Castro,Apple Pay,4.63
PAS002864,Diana Espinoza,despinoza@gmail.com,+1-650-611-5938,2025-09-10,SOMA,Cash,4.62
PAS002865,Rebecca Small,rebecca32@hotmail.com,+1-925-928-7165,2026-02-03,Berkeley,Debit Card,4.97
PAS002866,Dylan Hudson,dylan.hudson@hotmail.com,+1-209-862-9140,2025-04-30,Castro,Debit Card,4.85
PAS002867,Michael Carrillo,michael.carrillo@hotmail.com,+1-209-842-2072,2026-04-23,Mission District,Credit Card,4.59
PAS002868,Jacqueline Velasquez,jacqueline43@hotmail.com,+1-415-261-3558,2025-08-27,Berkeley,Debit Card,4.01
PAS002869,Walter Guerrero,walter.g@hotmail.com,+1-650-482-6027,2025-12-28,Mountain View,Credit Card,4.86
PAS002870,Cynthia Navarro,cynthianavarro@outlook.com,+1-831-638-1854,2026-03-08,Pacific Heights,Debit Card,4.07
PAS002871,Helen Landry,hlandry@gmail.com,+1-510-751-9585,2026-02-27,Mission District,Credit Card,3.87
PAS002872,Jose Bailey,josebailey@aol.com,+1-209-934-8217,2026-03-31,Oakland,PayPal,4.59
PAS002873,Jeffrey Roy,jroy@hotmail.com,+1-831-648-9484,2026-02-04,Berkeley,Debit Card,4.25
PAS002874,Justin Randall,justinrandall@outlook.com,+1-408-908-4970,2025-09-24,Oakland,Apple Pay,4.33
PAS002875,Gabriel Gamble,gabriel.g@icloud.com,+1-510-525-7805,2026-01-30,North Beach,Credit Card,4.61
PAS002876,Katherine Christensen,katherinechristensen@hotmail.com,+1-925-842-6765,2025-12-18,Castro,Credit Card,4.35
PAS002877,Jane Calhoun,jcalhoun@aol.com,+1-415-941-8541,2026-01-08,Financial District,Apple Pay,4.73
PAS002878,Vincent Cook,vcook@aol.com,+1-415-516-7115,2026-04-08,Castro,Apple Pay,4.83
PAS002879,Rebecca Robinson,rebecca.robinson@outlook.com,+1-408-306-5295,2026-04-27,Mission District,Debit Card,4.4
PAS002880,Joshua Mcdowell,joshua32@icloud.com,+1-650-311-4005,2026-03-10,Financial District,Debit Card,4.77
PAS002881,Bruce Weeks,bweeks@outlook.com,+1-650-464-1856,2025-09-29,Castro,Debit Card,3.34
PAS002882,Janet Mcguire,janetmcguire@hotmail.com,+1-510-710-8686,2025-03-14,Pacific Heights,Credit Card,4.31
PAS002883,Gabriel House,ghouse@hotmail.com,+1-650-865-7611,2026-04-16,Pacific Heights,Credit Card,4.29
PAS002884,Michelle Sherman,msherman@hotmail.com,+1-650-717-3215,2026-04-30,San Jose,Credit Card,4.6
PAS002885,Michelle Clark,michelleclark@gmail.com,+1-925-274-1057,2025-11-23,Haight-Ashbury,Debit Card,4.9
PAS002886,Justin Frost,justin.frost@outlook.com,+1-650-585-6578,2026-01-23,SOMA,Debit Card,4.82
PAS002887,Eugene Rogers,eugene.rogers@aol.com,+1-925-725-8558,2025-07-06,Haight-Ashbury,Apple Pay,4.0
PAS002888,Richard Cardenas,rcardenas@yahoo.com,+1-209-374-7126,2025-12-02,Downtown SF,Credit Card,4.58
PAS002889,Joseph William,josephwilliam@gmail.com,+1-707-599-4196,2026-03-26,San Jose,Apple Pay,4.74
PAS002890,Amanda Morales,amanda.morales@outlook.com,+1-707-242-7503,2026-01-04,Mountain View,Debit Card,4.56
PAS002891,Judy Bruce,judy.bruce@aol.com,+1-707-753-9517,2025-07-15,Pacific Heights,PayPal,3.88
PAS002892,Anna Huynh,annahuynh@yahoo.com,+1-831-456-5331,2025-11-28,Mission District,Credit Card,4.9
PAS002893,Anthony Robinson,anthonyrobinson@gmail.com,+1-831-703-7617,2026-04-12,Berkeley,Apple Pay,3.83
PAS002894,William Brady,wbrady@yahoo.com,+1-408-390-2582,2026-03-06,Palo Alto,PayPal,4.82
PAS002895,Patrick West,pwest@hotmail.com,+1-510-816-7165,2026-03-30,North Beach,Credit Card,4.82
PAS002896,Beverly Garza,bgarza@gmail.com,+1-707-735-8051,2026-01-04,Castro,Debit Card,4.29
PAS002897,Cynthia James,cynthiajames@hotmail.com,+1-650-383-1537,2026-03-29,North Beach,Debit Card,4.24
PAS002898,Barbara Pratt,barbara.pratt@aol.com,+1-415-666-8494,2025-12-11,SOMA,Debit Card,4.12
PAS002899,Kevin Henry,khenry@hotmail.com,+1-707-718-4153,2024-12-31,Berkeley,Credit Card,3.91
PAS002900,Aaron Pacheco,aaronpacheco@icloud.com,+1-831-233-2344,2025-10-19,North Beach,Credit Card,4.54
PAS002901,Ethan Heath,eheath@aol.com,+1-209-418-9235,2026-04-01,San Jose,Credit Card,4.21
PAS002902,Terry Stewart,terry.stewart@gmail.com,+1-408-233-6735,2026-01-22,SOMA,Apple Pay,4.02
PAS002903,Alexis Solomon,alexissolomon@icloud.com,+1-408-572-3693,2026-04-14,SOMA,Debit Card,3.89
PAS002904,Rebecca Moses,rebecca73@gmail.com,+1-925-493-9589,2026-03-24,San Jose,Credit Card,4.45
PAS002905,Linda Wiggins,lindawiggins@aol.com,+1-650-470-5565,2026-03-21,Chinatown,Debit Card,4.29
PAS002906,Wayne Oneill,wayne.o@hotmail.com,+1-831-235-5566,2026-03-21,Palo Alto,Debit Card,4.79
PAS002907,Mark Boyd,mark.boyd@outlook.com,+1-707-532-6095,2025-09-27,SOMA,PayPal,4.74
PAS002908,Megan Rivas,meganrivas@aol.com,+1-209-257-3167,2025-10-16,Mission District,Debit Card,3.98
PAS002909,Scott Barrera,scott.barrera@aol.com,+1-831-827-1570,2026-04-29,Pacific Heights,Apple Pay,4.36
PAS002910,Cheryl Huynh,cheryl.huynh@gmail.com,+1-650-825-8000,2026-04-25,Oakland,Credit Card,4.55
PAS002911,Johnny Lynn,johnny93@hotmail.com,+1-925-284-1729,2026-04-15,San Jose,Credit Card,4.12
PAS002912,Shirley Santos,ssantos@gmail.com,+1-650-832-7790,2026-03-15,North Beach,Credit Card,4.55
PAS002913,William Clarke,williamclarke@hotmail.com,+1-831-997-3758,2026-04-22,Marina,Cash,4.45
PAS002914,Evelyn Gardner,egardner@aol.com,+1-925-990-6332,2026-04-21,San Jose,Credit Card,4.67
PAS002915,Diane Martinez,diane.m@hotmail.com,+1-510-287-1513,2026-04-23,Mountain View,Apple Pay,4.59
PAS002916,Julie Figueroa,juliefigueroa@yahoo.com,+1-650-889-7623,2026-04-29,North Beach,Credit Card,4.68
PAS002917,Bryan Howard,bryan.howard@outlook.com,+1-707-316-3944,2026-01-31,Castro,Credit Card,3.79
PAS002918,Bryan Stone,bstone@yahoo.com,+1-510-615-5770,2025-12-25,SOMA,Apple Pay,4.94
PAS002919,Emma Webb,emma.w@yahoo.com,+1-707-452-9950,2025-10-31,Pacific Heights,Apple Pay,4.13
PAS002920,Christopher Morse,christopher66@outlook.com,+1-831-288-9027,2026-04-28,Haight-Ashbury,Credit Card,4.67
PAS002921,Virginia Tanner,virginiatanner@aol.com,+1-925-572-9532,2025-11-30,Mountain View,Debit Card,4.27
PAS002922,Teresa Valdez,tvaldez@gmail.com,+1-209-799-4543,2026-04-03,Marina,Credit Card,4.33
PAS002923,Jane Mcbride,jane.m@yahoo.com,+1-408-683-9376,2026-04-28,Marina,Apple Pay,4.57
PAS002924,Tyler Bentley,tyler24@aol.com,+1-650-598-7793,2026-04-29,Chinatown,Cash,4.86
PAS002925,Julie Huffman,julie.h@gmail.com,+1-415-692-7049,2026-03-22,Haight-Ashbury,Cash,4.62
PAS002926,Christine Barker,christine.barker@gmail.com,+1-650-346-8938,2026-04-22,Castro,Cash,4.24
PAS002927,Patricia Gay,pgay@aol.com,+1-415-487-8706,2026-04-28,Palo Alto,Credit Card,4.73
PAS002928,Mary Horne,mary.h@gmail.com,+1-408-427-8415,2026-03-05,San Jose,Credit Card,3.88
PAS002929,Daniel Tyler,daniel.tyler@yahoo.com,+1-209-495-8365,2025-06-08,Palo Alto,PayPal,4.86
PAS002930,Amanda Conway,amandaconway@icloud.com,+1-650-846-3357,2026-04-01,Oakland,Credit Card,4.23
PAS002931,Jose Lowery,jose89@icloud.com,+1-707-466-3585,2026-01-19,North Beach,Credit Card,4.62
PAS002932,Henry Ellis,henryellis@aol.com,+1-408-604-9368,2026-03-05,Marina,Debit Card,4.09
PAS002933,Andrew Jefferson,ajefferson@yahoo.com,+1-510-831-6662,2025-09-19,Financial District,Apple Pay,4.69
PAS002934,Keith Barnes,kbarnes@gmail.com,+1-415-803-9293,2025-10-07,Palo Alto,Credit Card,4.67
PAS002935,Bobby King,bobby.k@icloud.com,+1-415-469-1318,2026-03-14,Financial District,Debit Card,3.4
PAS002936,Rebecca Ortega,rebeccaortega@outlook.com,+1-650-475-5950,2025-07-31,Castro,Debit Card,3.61
PAS002937,Steven Ryan,steven71@icloud.com,+1-925-339-7384,2026-04-11,North Beach,Apple Pay,4.92
PAS002938,Cynthia Owens,cowens@yahoo.com,+1-650-351-2669,2026-01-11,San Jose,Credit Card,4.45
PAS002939,Benjamin Atkins,benjaminatkins@hotmail.com,+1-415-995-2578,2026-03-16,Haight-Ashbury,Credit Card,4.96
PAS002940,Joe Koch,joekoch@icloud.com,+1-209-459-6922,2025-09-04,Mission District,Credit Card,4.26
PAS002941,Nancy Velazquez,nancy60@aol.com,+1-510-632-1069,2026-04-01,Chinatown,Credit Card,4.36
PAS002942,Aaron Fox,aaron.f@hotmail.com,+1-510-430-4265,2026-02-05,Financial District,Apple Pay,4.2
PAS002943,Adam Shields,adam10@outlook.com,+1-707-352-7653,2025-11-14,Haight-Ashbury,Credit Card,4.91
PAS002944,Philip Bass,philip.bass@aol.com,+1-510-724-2404,2025-06-22,Marina,Cash,4.16
PAS002945,Paul Holloway,pholloway@yahoo.com,+1-408-954-2944,2026-01-18,Financial District,Credit Card,4.9
PAS002946,Tiffany Alvarez,tiffany78@outlook.com,+1-707-573-1888,2026-03-01,San Jose,Credit Card,4.62
PAS002947,Joyce Johnston,joyce.j@aol.com,+1-707-264-7196,2026-03-02,North Beach,Cash,4.68
PAS002948,Louis Petersen,louis93@hotmail.com,+1-510-811-7211,2026-02-26,Palo Alto,Credit Card,4.27
PAS002949,Joyce Rivas,jrivas@gmail.com,+1-650-341-4232,2026-02-08,Haight-Ashbury,Credit Card,3.25
PAS002950,Stephen Marsh,stephen.m@hotmail.com,+1-510-496-4841,2026-01-09,North Beach,Credit Card,4.66
PAS002951,Alan Jones,alanjones@aol.com,+1-925-358-5862,2025-11-11,Financial District,Apple Pay,3.97
PAS002952,Anthony Beasley,abeasley@yahoo.com,+1-510-709-8666,2026-03-29,North Beach,Debit Card,4.5
PAS002953,Emma Wise,emmawise@yahoo.com,+1-650-301-4046,2025-05-21,Oakland,Credit Card,3.53
PAS002954,Nicole Ford,nicole.ford@aol.com,+1-209-396-9408,2025-10-26,Mission District,PayPal,4.54
PAS002955,Lori Finley,lorifinley@hotmail.com,+1-209-408-2703,2026-01-08,North Beach,Credit Card,4.05
PAS002956,Katherine Bell,katherinebell@icloud.com,+1-707-753-4873,2026-04-17,Berkeley,PayPal,4.59
PAS002957,Grace Harrington,grace.h@aol.com,+1-408-440-3757,2026-02-18,North Beach,Cash,4.89
PAS002958,Betty Clark,betty48@yahoo.com,+1-707-289-4564,2025-11-29,Castro,Debit Card,4.37
PAS002959,Albert Shields,albert35@yahoo.com,+1-510-913-8200,2026-04-30,Mission District,Credit Card,4.14
PAS002960,Bryan Fuentes,bfuentes@yahoo.com,+1-408-977-6705,2026-01-16,Pacific Heights,Debit Card,4.72
PAS002961,Zachary Cantu,zachary20@hotmail.com,+1-408-448-9288,2026-03-19,Mountain View,Credit Card,4.6
PAS002962,Kevin Barton,kevin.barton@outlook.com,+1-831-757-3305,2026-04-06,Berkeley,Credit Card,3.12
PAS002963,Juan Tucker,jtucker@icloud.com,+1-650-783-5173,2025-10-07,Castro,Credit Card,4.73
PAS002964,Cynthia Dodson,cynthia.dodson@yahoo.com,+1-925-554-8550,2026-02-10,Mission District,Credit Card,3.62
PAS002965,Juan Barron,juan.b@aol.com,+1-510-974-9425,2026-03-26,Mission District,Debit Card,4.64
PAS002966,Kelly Meyer,kelly57@icloud.com,+1-408-309-5955,2026-04-11,Castro,Debit Card,4.44
PAS002967,Amy Beasley,amy.beasley@yahoo.com,+1-408-729-8104,2025-11-27,Mission District,Debit Card,3.28
PAS002968,Laura Mosley,laura69@outlook.com,+1-510-641-2646,2026-03-15,Haight-Ashbury,Credit Card,4.86
PAS002969,John Lloyd,johnlloyd@yahoo.com,+1-209-898-1325,2025-10-16,North Beach,Cash,4.44
PAS002970,Bobby Barrera,bobbybarrera@outlook.com,+1-209-280-3081,2026-02-14,North Beach,Debit Card,4.83
PAS002971,Olivia Mccarthy,olivia.mccarthy@outlook.com,+1-707-445-2279,2025-08-12,SOMA,Credit Card,4.26
PAS002972,Margaret Dalton,margaret.d@hotmail.com,+1-415-878-7354,2025-12-24,Financial District,PayPal,4.6
PAS002973,Cynthia Bullock,cynthia.b@outlook.com,+1-209-344-1862,2026-04-02,Pacific Heights,Apple Pay,4.2
PAS002974,Daniel Weeks,danielweeks@icloud.com,+1-408-266-2732,2026-03-01,Oakland,Credit Card,4.66
PAS002975,Dennis Lester,dlester@hotmail.com,+1-831-906-5224,2026-02-12,North Beach,Credit Card,4.85
PAS002976,Eric Thomas,eric.t@yahoo.com,+1-707-552-5042,2026-04-02,Mountain View,Apple Pay,4.92
PAS002977,Donald Beard,donald52@gmail.com,+1-925-600-2684,2025-12-19,Haight-Ashbury,Debit Card,3.52
PAS002978,Mark Roy,mark.r@aol.com,+1-925-250-4714,2026-03-28,Financial District,Credit Card,3.59
PAS002979,Megan Ellis,mellis@hotmail.com,+1-925-553-8209,2025-12-13,Haight-Ashbury,Debit Card,4.61
PAS002980,Jesse Fuentes,jesse.f@hotmail.com,+1-510-464-3122,2026-04-05,Castro,Debit Card,4.39
PAS002981,Willie Rogers,willie88@outlook.com,+1-408-618-1921,2025-10-04,Marina,Debit Card,4.04
PAS002982,Roger Clarke,roger92@yahoo.com,+1-650-394-2898,2026-02-06,Marina,Debit Card,4.52
PAS002983,Joshua Hendricks,jhendricks@outlook.com,+1-408-516-4320,2025-11-23,Mountain View,Apple Pay,4.29
PAS002984,Carolyn Foley,carolyn99@icloud.com,+1-510-821-8589,2025-10-08,Mountain View,Cash,4.92
PAS002985,Ethan Callahan,ethancallahan@icloud.com,+1-707-724-7419,2026-01-05,Berkeley,Credit Card,4.37
PAS002986,Willie Woodward,williewoodward@hotmail.com,+1-925-432-8991,2026-02-22,Berkeley,Cash,3.95
PAS002987,Jose Vazquez,jvazquez@yahoo.com,+1-209-299-2258,2025-10-10,North Beach,Debit Card,3.87
PAS002988,Sandra Patel,sandrapatel@aol.com,+1-707-811-6453,2026-01-17,Castro,Credit Card,4.2
PAS002989,Deborah Chan,deborah44@gmail.com,+1-831-881-9542,2026-04-23,Financial District,PayPal,4.93
PAS002990,Gregory Farrell,gregoryfarrell@icloud.com,+1-925-751-7766,2026-01-31,Marina,Credit Card,4.96
PAS002991,Jessica Richmond,jrichmond@aol.com,+1-650-733-6464,2026-04-03,Castro,Credit Card,3.35
PAS002992,Marie Donaldson,marie.donaldson@outlook.com,+1-408-917-5902,2026-04-03,Mountain View,Debit Card,4.65
PAS002993,Jeffrey Hughes,jeffrey.h@aol.com,+1-510-469-3603,2025-04-11,Mountain View,Credit Card,3.62
PAS002994,Christopher Chase,christopher42@aol.com,+1-415-793-7576,2025-07-07,North Beach,Debit Card,4.1
PAS002995,Heather Tucker,heathertucker@icloud.com,+1-707-706-5287,2026-03-25,Downtown SF,Credit Card,4.7
PAS002996,Helen Sanchez,helensanchez@aol.com,+1-209-851-8622,2026-04-02,Mountain View,Credit Card,4.44
PAS002997,Jennifer Bradley,jennifer57@outlook.com,+1-831-589-4792,2025-07-15,Downtown SF,Credit Card,4.23
PAS002998,Evelyn Holloway,evelyn.h@icloud.com,+1-209-528-2260,2025-11-25,Oakland,Credit Card,4.9
PAS002999,Diana Smith,diana.smith@outlook.com,+1-707-984-2613,2026-04-21,Financial District,Apple Pay,4.44
PAS003000,Larry Sanchez,larrysanchez@yahoo.com,+1-925-617-2680,2026-03-18,Castro,Apple Pay,4.7
PAS003001,Emily Hall,emily.hall@aol.com,+1-510-711-1817,2026-02-07,Chinatown,Apple Pay,4.04
PAS003002,Michelle Kerr,michellekerr@gmail.com,+1-650-525-2442,2026-02-10,San Jose,Debit Card,4.88
PAS003003,Olivia Andrews,olivia.andrews@gmail.com,+1-650-799-6831,2026-03-25,Downtown SF,Debit Card,3.77
PAS003004,Thomas Ross,tross@hotmail.com,+1-209-380-1898,2026-04-08,Berkeley,Debit Card,4.52
PAS003005,Raymond Monroe,raymondmonroe@yahoo.com,+1-209-716-4076,2026-04-14,Berkeley,Credit Card,4.36
PAS003006,Joe Walker,joe.w@outlook.com,+1-707-691-5799,2026-04-15,Castro,Credit Card,4.6
PAS003007,Dennis Rivers,dennis46@yahoo.com,+1-831-437-4204,2025-12-12,Marina,Cash,4.32
PAS003008,Gary Sanford,gary.s@hotmail.com,+1-831-550-2084,2026-03-28,Financial District,Credit Card,4.95
PAS003009,David Carroll,david.c@yahoo.com,+1-415-772-3258,2026-01-29,Pacific Heights,Credit Card,4.14
PAS003010,Daniel Lane,daniel.lane@outlook.com,+1-415-615-5172,2024-08-03,Oakland,Credit Card,4.58
PAS003011,Amy Sandoval,amy.sandoval@yahoo.com,+1-707-854-4982,2025-11-07,Palo Alto,PayPal,4.31
PAS003012,Justin Moreno,jmoreno@aol.com,+1-408-408-5664,2026-01-28,Berkeley,PayPal,3.98
PAS003013,Alexis Morton,alexis.morton@aol.com,+1-209-313-9962,2026-03-01,Berkeley,Credit Card,4.21
PAS003014,Joshua Sullivan,joshua.s@yahoo.com,+1-510-592-1276,2025-11-03,Mountain View,Apple Pay,4.9
PAS003015,Christina Velazquez,christina.v@yahoo.com,+1-408-268-9652,2026-04-30,Mountain View,Credit Card,4.34
PAS003016,Dennis Trevino,dennis.t@gmail.com,+1-510-877-1446,2026-04-13,Chinatown,Credit Card,4.59
PAS003017,Jessica Hunter,jessica.h@icloud.com,+1-408-608-8858,2026-01-21,Mountain View,Credit Card,4.14
PAS003018,Mary Kennedy,mary95@outlook.com,+1-707-445-6860,2025-10-30,Haight-Ashbury,Debit Card,4.59
PAS003019,Helen Sherman,helen.sherman@gmail.com,+1-408-557-5783,2026-04-28,Mountain View,PayPal,3.44
PAS003020,Marie Robles,marierobles@icloud.com,+1-831-454-7424,2026-04-04,SOMA,Apple Pay,4.62
PAS003021,Brandon Jackson,brandonjackson@yahoo.com,+1-925-837-3357,2024-09-07,Downtown SF,Debit Card,4.05
PAS003022,Laura Howard,laura70@icloud.com,+1-510-467-6255,2025-11-09,Downtown SF,Credit Card,3.69
PAS003023,Marilyn Mitchell,marilyn.mitchell@aol.com,+1-408-837-6983,2026-04-30,San Jose,Debit Card,4.37
PAS003024,Jeremy Woods,jwoods@icloud.com,+1-408-829-6570,2025-07-16,Marina,Credit Card,4.71
PAS003025,Theresa Rollins,theresa.rollins@outlook.com,+1-209-431-4607,2024-10-05,Marina,Credit Card,4.6
PAS003026,Teresa Soto,tsoto@hotmail.com,+1-408-979-5841,2025-07-05,Chinatown,Credit Card,4.66
PAS003027,Lori Parker,lori32@icloud.com,+1-831-600-9538,2025-10-13,Financial District,Credit Card,4.63
PAS003028,Theresa Stone,theresa.s@hotmail.com,+1-707-941-6426,2025-11-16,Berkeley,Credit Card,3.55
PAS003029,George Robinson,george.robinson@aol.com,+1-510-849-6966,2026-03-10,Oakland,Credit Card,4.85
PAS003030,Helen Logan,helen.l@hotmail.com,+1-209-808-3313,2026-04-04,Downtown SF,Credit Card,4.69
PAS003031,Zachary Saunders,zachary17@gmail.com,+1-209-214-4092,2025-12-24,Oakland,Apple Pay,4.57
PAS003032,Paul Rose,prose@outlook.com,+1-707-830-1895,2026-01-16,SOMA,Credit Card,4.88
PAS003033,Raymond Moody,raymond.m@icloud.com,+1-408-787-2219,2025-07-04,Downtown SF,Credit Card,3.69
PAS003034,Rebecca Meyer,rebecca10@gmail.com,+1-415-435-8975,2025-09-03,SOMA,Credit Card,4.71
PAS003035,Roger Bailey,rogerbailey@icloud.com,+1-209-376-6596,2025-11-10,Palo Alto,PayPal,4.5
PAS003036,Zachary Harrington,zachary.harrington@yahoo.com,+1-831-419-8590,2026-04-05,Downtown SF,Debit Card,4.28
PAS003037,Logan Reyes,logan.r@outlook.com,+1-408-412-1378,2026-03-25,San Jose,PayPal,4.52
PAS003038,George Snyder,george.snyder@outlook.com,+1-831-639-8158,2026-02-15,Palo Alto,Credit Card,4.57
PAS003039,Harold Cardenas,haroldcardenas@gmail.com,+1-650-700-5680,2025-08-10,Haight-Ashbury,Debit Card,4.54
PAS003040,Dorothy Russell,dorothyrussell@hotmail.com,+1-707-790-6695,2026-03-15,Chinatown,Cash,4.68
PAS003041,Amanda Rollins,amanda89@outlook.com,+1-707-607-3615,2026-03-02,Mission District,Credit Card,4.81
PAS003042,Dylan Stone,dylan86@icloud.com,+1-415-797-5979,2026-01-26,Palo Alto,Credit Card,4.86
PAS003043,Scott Ward,sward@hotmail.com,+1-408-979-8192,2026-03-12,Haight-Ashbury,Debit Card,4.57
PAS003044,Ronald Robles,ronaldrobles@hotmail.com,+1-831-499-9323,2026-04-27,Castro,Cash,4.77
PAS003045,Marie Savage,msavage@outlook.com,+1-831-797-6867,2026-04-23,Mountain View,Credit Card,4.31
PAS003046,Jane Barton,jbarton@outlook.com,+1-415-529-2926,2025-10-10,Chinatown,Credit Card,3.44
PAS003047,Jose Hodge,jhodge@outlook.com,+1-831-486-6523,2026-01-08,Mission District,Apple Pay,4.1
PAS003048,Betty Randall,betty.randall@hotmail.com,+1-650-539-7763,2025-03-10,Chinatown,Debit Card,4.36
PAS003049,Kyle Williams,kylewilliams@outlook.com,+1-925-586-9184,2025-11-28,Financial District,Debit Card,4.84
PAS003050,Carolyn Roberts,carolyn.roberts@hotmail.com,+1-831-617-1110,2026-03-28,Berkeley,Credit Card,4.78
PAS003051,Bruce Combs,bruce.c@aol.com,+1-650-716-7083,2026-04-07,Downtown SF,Credit Card,4.08
PAS003052,Kimberly Roy,kroy@yahoo.com,+1-209-538-1000,2025-10-18,Palo Alto,Credit Card,4.39
PAS003053,Rose Rollins,rose.rollins@aol.com,+1-650-384-6482,2026-04-08,SOMA,Credit Card,3.99
PAS003054,Mark Soto,mark.s@gmail.com,+1-650-794-5615,2026-02-25,Pacific Heights,Credit Card,4.33
PAS003055,Olivia Huffman,ohuffman@outlook.com,+1-408-531-2571,2025-06-08,Mountain View,PayPal,3.95
PAS003056,Emma Winters,emma69@icloud.com,+1-209-845-2500,2026-03-15,Castro,Debit Card,4.47
PAS003057,Lori Jenkins,lori.j@hotmail.com,+1-925-578-4938,2026-04-07,Berkeley,Cash,4.02
PAS003058,Marie Sparks,mariesparks@hotmail.com,+1-925-784-2090,2026-02-10,Haight-Ashbury,Debit Card,4.19
PAS003059,Beverly Summers,beverly38@aol.com,+1-707-346-3186,2026-01-20,Chinatown,Apple Pay,3.99
PAS003060,Kimberly Stafford,kimberly93@gmail.com,+1-650-207-1723,2026-02-23,Mission District,Apple Pay,4.32
PAS003061,Austin Sanders,austin73@icloud.com,+1-209-455-2036,2025-10-22,Mission District,Credit Card,4.63
PAS003062,Charles Briggs,cbriggs@yahoo.com,+1-408-633-1417,2025-09-03,Financial District,Credit Card,4.32
PAS003063,Sean Oneill,sean.oneill@hotmail.com,+1-415-488-6279,2025-09-09,Financial District,Credit Card,4.68
PAS003064,Bobby Lang,bobby.lang@icloud.com,+1-209-864-5410,2026-02-24,Downtown SF,Debit Card,4.72
PAS003065,Linda Sawyer,lsawyer@hotmail.com,+1-408-468-5765,2026-01-13,Castro,Credit Card,4.16
PAS003066,Denise Colon,denise.colon@gmail.com,+1-925-366-1273,2025-07-06,Oakland,Apple Pay,4.8
PAS003067,Roger Copeland,roger.c@yahoo.com,+1-831-528-5447,2026-03-16,Financial District,Credit Card,4.58
PAS003068,Elizabeth Moses,emoses@yahoo.com,+1-707-536-1570,2026-04-18,Berkeley,Credit Card,4.36
PAS003069,Virginia Morton,virginia25@gmail.com,+1-415-787-4359,2026-02-26,North Beach,Debit Card,3.65
PAS003070,Jack Hutchinson,jack.hutchinson@outlook.com,+1-831-873-1485,2026-04-19,Palo Alto,Credit Card,4.23
PAS003071,Wayne Wall,wwall@icloud.com,+1-925-315-4461,2026-03-12,San Jose,Credit Card,4.3
PAS003072,Janet Sullivan,janet.s@hotmail.com,+1-408-588-6130,2025-12-17,San Jose,Debit Card,3.87
PAS003073,Patrick Kane,patrick.k@yahoo.com,+1-209-674-2009,2025-12-04,Berkeley,Cash,4.79
PAS003074,Jose Nolan,josenolan@yahoo.com,+1-831-813-2809,2025-06-07,Palo Alto,Credit Card,4.92
PAS003075,Virginia Bruce,virginia82@icloud.com,+1-415-645-1341,2026-04-05,Palo Alto,Credit Card,4.99
PAS003076,Gerald Strickland,gstrickland@outlook.com,+1-510-219-1176,2026-01-25,SOMA,Credit Card,4.42
PAS003077,Eugene Sandoval,eugene.sandoval@aol.com,+1-650-227-5240,2026-03-22,Castro,Debit Card,3.94
PAS003078,Jesse Bradford,jesse.bradford@hotmail.com,+1-209-410-5274,2025-12-30,Financial District,Debit Card,3.38
PAS003079,Eric Pierce,eric81@aol.com,+1-831-405-4350,2025-08-14,North Beach,Debit Card,4.37
PAS003080,Carolyn Harding,carolyn75@icloud.com,+1-510-448-9857,2025-12-14,Berkeley,Debit Card,4.94
PAS003081,Cheryl Velasquez,cheryl.velasquez@gmail.com,+1-510-844-2432,2025-11-21,Mission District,Credit Card,4.17
PAS003082,Vincent Ortega,vortega@icloud.com,+1-707-884-3618,2026-04-06,Marina,Credit Card,3.53
PAS003083,Stephanie Foster,stephaniefoster@yahoo.com,+1-925-283-8244,2026-01-20,Downtown SF,Debit Card,4.85
PAS003084,Lori Moses,lorimoses@outlook.com,+1-209-990-7819,2025-08-10,Marina,PayPal,4.62
PAS003085,Gary Juarez,gary.j@aol.com,+1-415-724-2123,2025-09-14,Marina,Credit Card,4.8
PAS003086,Juan Salazar,juan.salazar@icloud.com,+1-650-385-1887,2026-03-31,Pacific Heights,Cash,4.98
PAS003087,Larry Carrillo,larrycarrillo@hotmail.com,+1-510-818-9041,2026-03-26,Chinatown,Credit Card,3.29
PAS003088,Ethan Blevins,eblevins@hotmail.com,+1-707-687-2825,2026-04-25,San Jose,PayPal,4.72
PAS003089,Johnny Nguyen,johnnynguyen@aol.com,+1-707-837-1279,2025-12-19,Downtown SF,Debit Card,4.26
PAS003090,Randy Fuentes,randy.f@hotmail.com,+1-650-336-5505,2025-12-06,San Jose,Apple Pay,4.6
PAS003091,Matthew Conway,matthew.conway@icloud.com,+1-408-841-2567,2026-03-29,Marina,Credit Card,4.85
PAS003092,Christian Hickman,christian96@yahoo.com,+1-925-235-4672,2025-12-03,Mountain View,Credit Card,3.46
PAS003093,Jessica Phelps,jphelps@icloud.com,+1-650-540-2488,2026-01-10,North Beach,Apple Pay,4.1
PAS003094,Laura Carpenter,laura41@icloud.com,+1-510-438-7692,2026-03-15,Chinatown,Apple Pay,4.59
PAS003095,Dorothy Hunt,dorothy.hunt@aol.com,+1-707-359-8970,2025-09-02,Financial District,PayPal,4.45
PAS003096,Victoria Sheppard,victoria57@outlook.com,+1-650-283-2514,2026-04-15,Haight-Ashbury,Credit Card,4.32
PAS003097,Evelyn Rodriguez,evelyn.rodriguez@outlook.com,+1-650-244-9423,2026-04-04,SOMA,PayPal,4.41
PAS003098,Margaret Castro,margaret.castro@outlook.com,+1-831-643-5660,2026-02-01,Berkeley,Credit Card,4.44
PAS003099,Gabriel Peck,gabrielpeck@outlook.com,+1-650-788-3095,2026-04-19,Mission District,Apple Pay,4.7
PAS003100,Ashley Parks,ashley.parks@aol.com,+1-510-307-4929,2026-02-02,Pacific Heights,Credit Card,4.09
PAS003101,Angela Chan,angela.c@aol.com,+1-707-227-3172,2026-01-14,Palo Alto,Apple Pay,4.59
PAS003102,Arthur Gray,arthur77@icloud.com,+1-925-564-5449,2025-12-10,Oakland,Debit Card,4.49
PAS003103,Vincent Nolan,vincent.n@outlook.com,+1-650-560-5829,2026-03-14,North Beach,Apple Pay,4.78
PAS003104,Donna Holloway,donna17@outlook.com,+1-925-513-3057,2026-01-09,Oakland,Credit Card,4.52
PAS003105,Margaret Hutchinson,mhutchinson@yahoo.com,+1-925-800-1031,2026-03-10,Pacific Heights,Credit Card,4.74
PAS003106,Jerry Lamb,jerry22@hotmail.com,+1-925-512-7891,2024-04-30,Berkeley,Credit Card,4.56
PAS003107,Patrick Tanner,patrick.t@gmail.com,+1-925-956-6213,2025-10-01,SOMA,Credit Card,4.9
PAS003108,Samantha Owens,samantha.o@icloud.com,+1-831-505-7208,2026-03-05,Castro,Credit Card,4.9
PAS003109,Robert Spears,robertspears@gmail.com,+1-925-443-2346,2026-02-05,North Beach,Credit Card,4.63
PAS003110,Carl Moran,carl.moran@yahoo.com,+1-510-429-8157,2025-12-17,Berkeley,Credit Card,4.53
PAS003111,Marilyn Hendricks,marilyn73@hotmail.com,+1-408-830-4516,2025-11-23,North Beach,Credit Card,4.51
PAS003112,Walter Preston,wpreston@aol.com,+1-510-570-5118,2026-02-01,Palo Alto,Credit Card,3.65
PAS003113,Joshua Hicks,joshua.hicks@yahoo.com,+1-707-980-1024,2026-03-08,Berkeley,Credit Card,4.06
PAS003114,Timothy Leblanc,timothyleblanc@hotmail.com,+1-510-390-5718,2025-12-23,North Beach,Debit Card,4.87
PAS003115,Emily Daniels,edaniels@yahoo.com,+1-415-655-5874,2025-11-25,Mountain View,Debit Card,4.37
PAS003116,Sarah Mcmillan,sarah71@yahoo.com,+1-209-250-1851,2026-01-27,Palo Alto,Debit Card,4.29
PAS003117,Kelly Valdez,kellyvaldez@icloud.com,+1-209-666-4436,2026-04-05,Marina,Debit Card,4.8
PAS003118,Virginia Mason,virginia.mason@icloud.com,+1-707-742-4099,2026-01-22,Oakland,Debit Card,4.91
PAS003119,Judith Hodge,judith.h@yahoo.com,+1-831-431-3606,2026-04-19,Mission District,Debit Card,4.17
PAS003120,Sara Roach,sara45@gmail.com,+1-415-770-9574,2025-09-10,Castro,Credit Card,4.51
PAS003121,Emma Trujillo,emma.t@icloud.com,+1-510-740-3006,2025-03-15,Mountain View,Apple Pay,4.4
PAS003122,Betty Dotson,betty89@yahoo.com,+1-510-708-4852,2026-04-15,Pacific Heights,Apple Pay,4.73
PAS003123,Paul Odom,podom@hotmail.com,+1-408-405-6229,2026-01-19,Castro,Credit Card,3.87
PAS003124,Edward Jefferson,edwardjefferson@hotmail.com,+1-209-929-2618,2025-10-24,San Jose,Debit Card,4.68
PAS003125,Jordan Humphrey,jordan.humphrey@hotmail.com,+1-415-778-4534,2026-01-25,SOMA,Credit Card,4.49
PAS003126,Justin Guzman,justinguzman@aol.com,+1-415-225-2327,2026-01-12,Oakland,Debit Card,4.76
PAS003127,Amy Johns,amy.johns@outlook.com,+1-408-426-3191,2026-03-13,Pacific Heights,Credit Card,4.21
PAS003128,Diana George,diana.g@aol.com,+1-209-983-3796,2025-09-30,Pacific Heights,Apple Pay,4.78
PAS003129,Angela Atkinson,angelaatkinson@icloud.com,+1-415-697-2946,2026-04-22,Mountain View,Credit Card,4.52
PAS003130,Paul Mendoza,paul31@outlook.com,+1-831-814-2279,2026-01-26,Downtown SF,Credit Card,4.32
PAS003131,Donna Logan,donna.l@icloud.com,+1-650-682-3667,2026-03-07,Pacific Heights,Credit Card,4.48
PAS003132,Justin Morton,justin89@yahoo.com,+1-415-651-7289,2026-03-13,Financial District,Apple Pay,4.73
PAS003133,Madison Cantu,madison19@yahoo.com,+1-408-287-2474,2025-12-12,Mountain View,Cash,4.72
PAS003134,Ethan Hatfield,ehatfield@icloud.com,+1-707-309-7983,2026-03-03,Haight-Ashbury,PayPal,4.51
PAS003135,Carolyn Reyes,carolyn.r@gmail.com,+1-415-581-5522,2026-02-01,Pacific Heights,Credit Card,4.94
PAS003136,Jennifer Chen,jchen@outlook.com,+1-415-319-3071,2026-04-06,Marina,Credit Card,4.75
PAS003137,Matthew Lang,matthew27@outlook.com,+1-707-294-1401,2026-02-15,Downtown SF,Credit Card,4.85
PAS003138,Robert Perkins,rperkins@icloud.com,+1-707-682-6115,2026-03-05,Marina,PayPal,4.54
PAS003139,Madison Henson,madisonhenson@icloud.com,+1-925-661-2492,2026-04-25,Berkeley,Credit Card,3.71
PAS003140,Marie Bradshaw,marie44@icloud.com,+1-510-597-4717,2026-04-25,Palo Alto,PayPal,4.79
PAS003141,Richard Meyer,richardmeyer@icloud.com,+1-510-748-3604,2025-12-14,Marina,Debit Card,3.87
PAS003142,Jose Arnold,josearnold@hotmail.com,+1-510-295-3283,2025-06-16,Financial District,Apple Pay,4.32
PAS003143,Jane Ayers,janeayers@aol.com,+1-510-253-3526,2025-10-28,Haight-Ashbury,Debit Card,4.64
PAS003144,Michelle Greene,michelle.greene@hotmail.com,+1-415-592-8444,2025-10-18,Oakland,PayPal,4.86
PAS003145,Emma Barron,emma32@yahoo.com,+1-650-789-3616,2026-01-18,Castro,PayPal,4.65
PAS003146,Larry Hancock,larry53@outlook.com,+1-831-427-2259,2025-11-06,Haight-Ashbury,PayPal,4.77
PAS003147,Bryan Long,bryan48@hotmail.com,+1-415-411-7305,2026-04-10,Castro,Credit Card,4.3
PAS003148,Laura Cochran,lauracochran@yahoo.com,+1-209-363-5188,2026-02-28,Haight-Ashbury,Credit Card,4.5
PAS003149,Adam Robles,adamrobles@yahoo.com,+1-831-914-8894,2026-04-25,Haight-Ashbury,Apple Pay,4.44
PAS003150,Christopher Hickman,chickman@icloud.com,+1-415-484-6827,2025-07-10,San Jose,Debit Card,3.84
PAS003151,Christine Wagner,christine28@aol.com,+1-650-908-1708,2024-09-15,Castro,PayPal,4.37
PAS003152,Jordan Horn,jordanhorn@hotmail.com,+1-925-818-8371,2025-10-27,Chinatown,Credit Card,3.95
PAS003153,Susan Anthony,susananthony@outlook.com,+1-510-832-7523,2025-06-13,Downtown SF,Debit Card,4.06
PAS003154,Marie Lindsey,marie34@icloud.com,+1-209-427-2132,2026-04-07,Mission District,Credit Card,4.87
PAS003155,Kelly Roberts,kelly25@outlook.com,+1-707-440-7070,2026-02-26,SOMA,Debit Card,4.13
PAS003156,Lisa Powell,lisa91@hotmail.com,+1-650-461-1079,2026-03-13,Mission District,Credit Card,3.99
PAS003157,Raymond Sanchez,raymond96@yahoo.com,+1-209-825-1996,2026-02-06,Berkeley,PayPal,4.39
PAS003158,Gerald Shepherd,gerald.shepherd@icloud.com,+1-408-546-9639,2026-01-13,Berkeley,Apple Pay,4.09
PAS003159,Angela Nicholson,angela.n@aol.com,+1-408-637-5273,2025-10-09,Castro,PayPal,4.79
PAS003160,Shirley Tillman,stillman@hotmail.com,+1-209-788-8915,2026-03-19,Pacific Heights,Credit Card,3.71
PAS003161,Paul Wilcox,paulwilcox@aol.com,+1-415-948-5968,2026-02-25,Marina,Cash,4.81
PAS003162,Jerry Leach,jleach@hotmail.com,+1-831-727-5191,2026-02-27,Financial District,Credit Card,4.24
PAS003163,Christian Browning,christian.browning@aol.com,+1-209-735-8063,2026-04-01,Mountain View,Credit Card,4.59
PAS003164,Andrea Ferguson,andreaferguson@gmail.com,+1-510-541-9682,2026-01-03,Downtown SF,Debit Card,4.91
PAS003165,Marie Melton,marie.m@aol.com,+1-925-582-2774,2026-04-09,Mission District,Credit Card,4.81
PAS003166,Bryan Willis,bryanwillis@hotmail.com,+1-831-693-2163,2026-02-24,Oakland,Cash,4.13
PAS003167,Eugene Odom,eugene.o@icloud.com,+1-650-675-6508,2026-04-04,SOMA,Credit Card,4.73
PAS003168,Sharon Wiley,sharon.wiley@gmail.com,+1-650-945-7031,2026-02-20,Palo Alto,Credit Card,4.16
PAS003169,Billy Dickson,billydickson@hotmail.com,+1-510-984-8960,2026-03-30,Castro,Credit Card,4.38
PAS003170,Evelyn Collins,evelyncollins@yahoo.com,+1-415-776-5025,2026-03-14,Haight-Ashbury,Debit Card,4.17
PAS003171,Karen Contreras,karen.contreras@gmail.com,+1-925-519-7674,2025-12-03,Pacific Heights,Apple Pay,4.59
PAS003172,Margaret Cherry,margaretcherry@aol.com,+1-925-272-1939,2025-07-15,Marina,Credit Card,4.73
PAS003173,Kelly Hickman,kelly.h@gmail.com,+1-831-781-4639,2026-03-03,SOMA,PayPal,4.88
PAS003174,Tiffany Sexton,tiffany85@gmail.com,+1-510-293-8472,2026-04-27,Mission District,Credit Card,3.93
PAS003175,Edward Torres,etorres@gmail.com,+1-209-303-9667,2026-01-22,Pacific Heights,Apple Pay,3.74
PAS003176,Joyce York,joyce.york@icloud.com,+1-209-687-4835,2026-02-17,North Beach,PayPal,4.42
PAS003177,Sharon Key,skey@icloud.com,+1-650-658-6653,2026-01-18,Financial District,Credit Card,4.87
PAS003178,Carol Serrano,cserrano@gmail.com,+1-510-244-1265,2026-03-20,Haight-Ashbury,Credit Card,4.28
PAS003179,Brittany Faulkner,bfaulkner@outlook.com,+1-925-252-1026,2026-03-21,Financial District,Cash,4.75
PAS003180,Roy Salinas,roy.salinas@icloud.com,+1-408-335-7068,2025-07-10,Oakland,Credit Card,4.09
PAS003181,Juan Wiggins,juan.wiggins@icloud.com,+1-415-586-2536,2026-03-11,Downtown SF,Credit Card,4.92
PAS003182,Gerald Mckenzie,gmckenzie@gmail.com,+1-415-711-2021,2026-04-28,Palo Alto,Debit Card,4.45
PAS003183,Jennifer Sullivan,jennifersullivan@yahoo.com,+1-650-942-2912,2026-03-29,SOMA,PayPal,4.58
PAS003184,Olivia Shaffer,oliviashaffer@icloud.com,+1-415-526-2569,2026-04-28,Palo Alto,Debit Card,4.89
PAS003185,Philip Hill,philip.hill@icloud.com,+1-510-951-7206,2026-04-22,Financial District,Apple Pay,4.57
PAS003186,Ronald Doyle,ronald.doyle@gmail.com,+1-831-674-8149,2026-04-15,Financial District,Credit Card,4.48
PAS003187,Terry Booker,terry.booker@gmail.com,+1-925-828-5995,2025-12-16,Mission District,Credit Card,4.05
PAS003188,Charles Vincent,charlesvincent@icloud.com,+1-650-961-3487,2026-02-17,Castro,PayPal,4.52
PAS003189,Mark Ashley,mark58@yahoo.com,+1-707-719-7326,2025-12-16,Mission District,Credit Card,4.46
PAS003190,Douglas Parrish,douglas.parrish@gmail.com,+1-209-220-3554,2026-01-01,Palo Alto,Apple Pay,4.31
PAS003191,Katherine Blake,katherine.b@outlook.com,+1-707-534-1590,2026-02-14,SOMA,Debit Card,3.53
PAS003192,Randy Greer,randy.greer@icloud.com,+1-650-533-5315,2025-10-28,Oakland,Cash,4.69
PAS003193,Gerald Turner,gturner@hotmail.com,+1-707-202-3795,2026-02-14,Pacific Heights,Credit Card,4.1
PAS003194,Andrew Moody,andrewmoody@outlook.com,+1-408-450-7140,2025-07-23,SOMA,Credit Card,3.25
PAS003195,Ryan Reynolds,rreynolds@aol.com,+1-707-494-9244,2026-03-31,North Beach,Credit Card,3.67
PAS003196,Jacqueline Gibson,jacquelinegibson@yahoo.com,+1-415-358-1272,2026-02-16,Haight-Ashbury,Apple Pay,4.49
PAS003197,Lisa Hudson,lisahudson@gmail.com,+1-408-308-9585,2026-03-11,Haight-Ashbury,Credit Card,4.53
PAS003198,Evelyn Vincent,evelyn69@hotmail.com,+1-650-382-9360,2026-02-25,Berkeley,Credit Card,4.2
PAS003199,Hannah Weeks,hweeks@yahoo.com,+1-415-244-5903,2026-03-31,Financial District,Credit Card,4.19
PAS003200,Douglas Estrada,douglas.e@outlook.com,+1-831-600-8358,2026-03-16,San Jose,Apple Pay,4.62
PAS003201,Christina Warren,cwarren@gmail.com,+1-650-926-8113,2026-04-01,Oakland,Credit Card,4.65
PAS003202,Helen Oneill,helen.oneill@aol.com,+1-415-463-9073,2025-08-24,Mission District,Credit Card,4.37
PAS003203,Henry Brady,henry86@hotmail.com,+1-707-853-9226,2025-10-10,Palo Alto,Credit Card,4.79
PAS003204,Shirley Owen,shirley62@outlook.com,+1-209-934-2933,2025-11-04,Marina,Credit Card,4.86
PAS003205,Roy Tillman,roy.tillman@hotmail.com,+1-408-460-3741,2025-09-13,North Beach,Credit Card,4.94
PAS003206,Keith Mccullough,keithmccullough@icloud.com,+1-209-988-4522,2026-03-02,SOMA,Credit Card,4.21
PAS003207,Ethan Fox,efox@outlook.com,+1-707-463-9753,2026-02-21,Oakland,Credit Card,4.3
PAS003208,Justin Aguilar,justin73@icloud.com,+1-925-638-6002,2025-06-28,Castro,PayPal,2.05
PAS003209,Bruce Alvarado,bruce.alvarado@yahoo.com,+1-415-937-1457,2025-12-24,SOMA,Debit Card,3.85
PAS003210,Logan Sullivan,logansullivan@outlook.com,+1-831-534-5815,2025-08-19,Castro,PayPal,4.47
PAS003211,Stephanie Weeks,stephanieweeks@yahoo.com,+1-650-454-6007,2026-04-21,San Jose,Debit Card,4.25
PAS003212,Christine Reid,christine37@outlook.com,+1-831-727-3652,2026-04-20,SOMA,Credit Card,4.01
PAS003213,Ethan Sexton,esexton@hotmail.com,+1-209-886-7038,2025-08-04,Pacific Heights,Apple Pay,3.95
PAS003214,Bryan Sanford,bryan.sanford@yahoo.com,+1-415-315-4306,2026-01-06,Marina,Credit Card,4.66
PAS003215,Gabriel Callahan,gcallahan@gmail.com,+1-510-574-8486,2026-04-25,North Beach,Credit Card,4.15
PAS003216,John Russell,john.russell@gmail.com,+1-510-564-9656,2025-12-17,Mission District,Debit Card,4.82
PAS003217,Gabriel Molina,gabrielmolina@gmail.com,+1-707-449-5478,2026-02-11,SOMA,Credit Card,4.39
PAS003218,Austin Cox,austin24@icloud.com,+1-209-939-7635,2025-01-20,Castro,Credit Card,4.14
PAS003219,Elizabeth Finley,efinley@yahoo.com,+1-209-852-6968,2026-03-16,Downtown SF,Debit Card,4.57
PAS003220,Jack Wiley,jackwiley@gmail.com,+1-707-265-1630,2025-08-07,Oakland,PayPal,4.63
PAS003221,Bryan Barron,bryan.barron@gmail.com,+1-925-501-4620,2026-03-03,Downtown SF,PayPal,4.32
PAS003222,Elizabeth Washington,ewashington@yahoo.com,+1-650-968-1231,2026-04-28,Oakland,Credit Card,4.31
PAS003223,Dennis Bryan,dennis.b@hotmail.com,+1-650-657-7767,2026-03-10,Oakland,Debit Card,4.06
PAS003224,Edward Sheppard,edward.s@yahoo.com,+1-831-402-3702,2026-04-06,Palo Alto,Credit Card,4.4
PAS003225,Tyler Humphrey,tylerhumphrey@aol.com,+1-510-289-6069,2026-01-05,Marina,Credit Card,4.53
PAS003226,Charles Cook,charles68@yahoo.com,+1-209-280-5527,2025-12-11,Mission District,Apple Pay,4.84
PAS003227,Jonathan Ryan,jonathan65@yahoo.com,+1-408-231-7166,2026-03-14,Oakland,Credit Card,4.15
PAS003228,Angela Kirby,angela24@yahoo.com,+1-408-945-9294,2025-11-07,Palo Alto,Apple Pay,4.9
PAS003229,Philip Gutierrez,pgutierrez@hotmail.com,+1-650-907-9850,2025-04-11,Berkeley,Debit Card,4.17
PAS003230,Jordan Sparks,jordan.sparks@hotmail.com,+1-925-872-8775,2026-01-14,Pacific Heights,Credit Card,4.33
PAS003231,Amy Livingston,amy84@outlook.com,+1-707-336-9327,2026-01-09,Financial District,Apple Pay,4.65
PAS003232,Andrea Munoz,andrea93@hotmail.com,+1-209-777-9899,2026-04-04,SOMA,Credit Card,3.5
PAS003233,Melissa Briggs,melissa53@aol.com,+1-925-227-5580,2026-01-29,SOMA,Cash,4.67
PAS003234,Ashley White,ashley.white@hotmail.com,+1-831-321-2794,2025-11-09,San Jose,Credit Card,4.82
PAS003235,Cheryl Parrish,cheryl77@hotmail.com,+1-707-413-1513,2026-02-06,Berkeley,Apple Pay,3.82
PAS003236,Raymond Eaton,raymond.e@outlook.com,+1-831-331-8063,2025-12-12,Financial District,Credit Card,4.81
PAS003237,Amanda Perkins,amanda.p@hotmail.com,+1-408-948-1137,2025-10-13,Downtown SF,Cash,2.72
PAS003238,Philip Huynh,philiphuynh@aol.com,+1-707-955-6754,2026-02-08,Marina,Credit Card,4.98
PAS003239,Jordan Cain,jordancain@aol.com,+1-707-609-4377,2026-04-26,North Beach,Apple Pay,4.61
PAS003240,Walter Barrera,walter.barrera@yahoo.com,+1-707-361-6102,2026-03-26,Castro,Debit Card,4.56
PAS003241,Sara Rojas,sara.rojas@yahoo.com,+1-510-955-2916,2025-05-20,Mission District,Credit Card,4.46
PAS003242,Joan Conley,jconley@yahoo.com,+1-408-573-4213,2026-04-07,Haight-Ashbury,Apple Pay,4.38
PAS003243,Andrew Copeland,andrewcopeland@gmail.com,+1-707-288-6567,2026-03-24,Haight-Ashbury,PayPal,3.22
PAS003244,Dylan Jefferson,dylanjefferson@icloud.com,+1-209-760-8792,2026-03-07,Mission District,Credit Card,4.95
PAS003245,Judith Reed,judith39@aol.com,+1-408-556-9413,2026-01-11,Oakland,PayPal,4.28
PAS003246,Madison Mendoza,madison17@hotmail.com,+1-650-538-8097,2025-10-27,SOMA,Debit Card,4.87
PAS003247,Vincent Preston,vincent.p@outlook.com,+1-925-403-4311,2026-04-29,Palo Alto,Credit Card,4.0
PAS003248,Ashley Schroeder,ashleyschroeder@gmail.com,+1-650-762-7892,2026-04-18,Oakland,Credit Card,4.84
PAS003249,Harold Osborn,harold.o@hotmail.com,+1-650-882-8735,2025-09-20,North Beach,Credit Card,3.66
PAS003250,Frank Butler,frankbutler@outlook.com,+1-209-340-1772,2026-04-30,Berkeley,Credit Card,4.88
PAS003251,Beverly Eaton,beverly.eaton@outlook.com,+1-831-830-2701,2026-02-09,Oakland,Credit Card,4.41
PAS003252,Logan Aguilar,logan79@aol.com,+1-831-730-6400,2026-04-29,Financial District,Credit Card,4.84
PAS003253,Stephen French,sfrench@hotmail.com,+1-408-410-2627,2026-01-31,San Jose,Credit Card,4.24
PAS003254,Nancy Alvarez,nalvarez@aol.com,+1-707-519-1466,2026-04-16,SOMA,Debit Card,4.48
PAS003255,Heather Ellis,heather.e@gmail.com,+1-831-933-1160,2026-01-19,Berkeley,Credit Card,4.1
PAS003256,Gary Grimes,garygrimes@yahoo.com,+1-707-957-3005,2026-03-07,Chinatown,Cash,2.96
PAS003257,Katherine Stone,katherine.s@aol.com,+1-510-637-6801,2026-02-12,Haight-Ashbury,Credit Card,4.14
PAS003258,Lisa Hart,lisa.hart@outlook.com,+1-408-835-9446,2026-04-22,North Beach,Apple Pay,3.05
PAS003259,Charles Yates,charles95@icloud.com,+1-925-897-6264,2026-03-02,Pacific Heights,PayPal,4.81
PAS003260,Brandon Santos,brandon.santos@outlook.com,+1-925-545-8384,2026-04-18,Berkeley,Credit Card,4.92
PAS003261,Hannah Hardin,hannah.hardin@aol.com,+1-925-630-6674,2026-04-25,Palo Alto,Credit Card,4.73
PAS003262,Betty Maynard,betty.maynard@outlook.com,+1-408-405-3867,2025-11-28,Mountain View,Credit Card,4.04
PAS003263,Janet Willis,jwillis@yahoo.com,+1-415-540-8483,2026-04-29,Berkeley,Debit Card,4.31
PAS003264,Alexander Campos,alexander.c@outlook.com,+1-831-257-8425,2026-04-26,Downtown SF,Debit Card,4.64
PAS003265,Melissa Underwood,munderwood@aol.com,+1-831-637-7991,2026-04-30,Downtown SF,Credit Card,4.63
PAS003266,Jerry Woodward,jerry92@gmail.com,+1-707-928-3424,2025-12-19,Haight-Ashbury,Credit Card,4.63
PAS003267,Charles Gomez,charles.g@icloud.com,+1-831-581-6671,2026-03-05,Palo Alto,Credit Card,4.76
PAS003268,Louis Riley,lriley@hotmail.com,+1-209-477-2757,2026-03-24,Oakland,Credit Card,4.94
PAS003269,Tiffany Mccarthy,tiffanymccarthy@aol.com,+1-925-214-5259,2024-08-11,Marina,PayPal,4.53
PAS003270,Judy Booth,judy76@icloud.com,+1-408-525-7353,2026-02-02,Downtown SF,PayPal,4.25
PAS003271,Mary Garcia,mary.g@aol.com,+1-650-207-9415,2025-06-06,North Beach,Apple Pay,4.37
PAS003272,Margaret Oneal,margaretoneal@icloud.com,+1-510-806-4531,2026-04-04,Berkeley,Credit Card,4.07
PAS003273,Kathryn Mccullough,kathrynmccullough@outlook.com,+1-510-779-2557,2025-11-15,Chinatown,Credit Card,2.97
PAS003274,Beverly Woodward,beverly.w@gmail.com,+1-209-818-3106,2026-03-08,Mission District,Apple Pay,4.75
PAS003275,Joyce Singleton,joyce.singleton@icloud.com,+1-510-676-6931,2026-01-23,North Beach,Credit Card,4.8
PAS003276,Victoria Rodriguez,victoria.r@gmail.com,+1-831-929-8201,2026-03-03,Oakland,Credit Card,4.65
PAS003277,Samantha Ellis,sellis@yahoo.com,+1-925-811-2417,2026-03-23,Castro,Credit Card,4.23
PAS003278,Steven Gentry,stevengentry@yahoo.com,+1-510-613-8151,2025-05-13,Castro,Debit Card,4.61
PAS003279,Angela James,ajames@yahoo.com,+1-510-411-2367,2025-07-15,Palo Alto,Debit Card,4.32
PAS003280,Amber Blankenship,amber.b@yahoo.com,+1-510-445-6343,2025-12-05,SOMA,Credit Card,3.92
PAS003281,Eugene Glass,eglass@yahoo.com,+1-707-550-5047,2024-07-29,North Beach,Credit Card,4.71
PAS003282,Adam Valdez,adam.valdez@gmail.com,+1-650-528-8164,2026-01-03,San Jose,Debit Card,3.7
PAS003283,Adam Holman,adam.holman@outlook.com,+1-408-810-2797,2025-09-25,North Beach,Debit Card,3.97
PAS003284,Carol Hardin,carol22@hotmail.com,+1-408-623-3820,2026-03-09,Chinatown,PayPal,3.48
PAS003285,Lisa Pierce,lisa.pierce@yahoo.com,+1-707-224-4077,2025-11-25,Marina,PayPal,4.03
PAS003286,Larry Wall,lwall@hotmail.com,+1-831-849-9274,2025-03-13,North Beach,PayPal,4.19
PAS003287,Katherine Parrish,katherine48@outlook.com,+1-707-511-5144,2025-09-03,Chinatown,Apple Pay,4.76
PAS003288,Andrew Graham,agraham@yahoo.com,+1-650-308-3082,2025-11-23,Mountain View,Debit Card,4.41
PAS003289,Frank Lamb,frank.l@outlook.com,+1-209-486-1655,2025-11-18,Mountain View,Debit Card,4.67
PAS003290,Marie Conley,marieconley@gmail.com,+1-707-267-4407,2026-04-07,Pacific Heights,Debit Card,3.93
PAS003291,Emma Velazquez,emma58@gmail.com,+1-831-530-7850,2025-05-02,Financial District,Credit Card,3.76
PAS003292,Arthur Olsen,arthurolsen@icloud.com,+1-209-472-5803,2025-08-28,North Beach,Debit Card,4.09
PAS003293,Hannah Chavez,hannah39@gmail.com,+1-650-547-4905,2026-02-28,Oakland,Credit Card,4.94
PAS003294,Terry Gamble,terry41@gmail.com,+1-415-634-7039,2026-04-04,San Jose,Apple Pay,4.91
PAS003295,Judith Harrison,judith.h@outlook.com,+1-831-591-7007,2026-02-15,Haight-Ashbury,Debit Card,4.29
PAS003296,Emma Silva,esilva@outlook.com,+1-415-441-4819,2026-01-07,Marina,Credit Card,4.2
PAS003297,Dennis Cline,dcline@outlook.com,+1-925-518-2555,2026-02-25,Downtown SF,Debit Card,4.86
PAS003298,Louis Middleton,louismiddleton@icloud.com,+1-209-324-2834,2026-04-01,Chinatown,Credit Card,4.14
PAS003299,Melissa Collins,melissacollins@aol.com,+1-925-236-5022,2026-04-16,Castro,Debit Card,4.64
PAS003300,Louis Winters,lwinters@aol.com,+1-510-697-4245,2025-10-03,Oakland,Credit Card,3.9
PAS003301,Russell Harrison,russellharrison@gmail.com,+1-415-647-7510,2026-04-04,Haight-Ashbury,Debit Card,4.01
PAS003302,Larry Booth,larry99@gmail.com,+1-925-686-9335,2026-02-20,San Jose,PayPal,4.62
PAS003303,Roger Conway,roger.c@outlook.com,+1-925-558-9201,2026-04-18,Oakland,Credit Card,4.23
PAS003304,Randy Marks,randy89@outlook.com,+1-209-287-2621,2026-04-07,Pacific Heights,Credit Card,4.55
PAS003305,Denise Price,denise.p@hotmail.com,+1-831-268-1887,2026-03-20,Mountain View,Apple Pay,4.77
PAS003306,Dennis Benton,dennisbenton@aol.com,+1-707-298-1339,2025-12-19,Chinatown,Credit Card,3.69
PAS003307,Albert Duncan,aduncan@aol.com,+1-831-601-9523,2026-02-10,Palo Alto,Apple Pay,4.61
PAS003308,Adam Mckee,adam.m@icloud.com,+1-925-349-1290,2025-12-25,Downtown SF,Credit Card,4.42
PAS003309,Ryan Gardner,ryan59@gmail.com,+1-408-250-6191,2025-04-05,Mountain View,Credit Card,3.92
PAS003310,Emily Lindsey,emily.lindsey@hotmail.com,+1-650-240-8257,2025-11-16,Haight-Ashbury,Debit Card,4.68
PAS003311,Virginia Jimenez,virginiajimenez@hotmail.com,+1-650-776-5624,2026-04-12,Financial District,Credit Card,4.75
PAS003312,Virginia Wilkinson,virginia.wilkinson@yahoo.com,+1-831-905-2157,2025-09-02,Downtown SF,Debit Card,4.0
PAS003313,Sean Sherman,sean.s@yahoo.com,+1-209-255-5931,2026-03-26,San Jose,Credit Card,4.81
PAS003314,Samantha Armstrong,sarmstrong@icloud.com,+1-209-607-2144,2026-01-06,SOMA,Credit Card,4.55
PAS003315,Marie Ashley,mashley@outlook.com,+1-831-355-2860,2025-12-26,Oakland,Credit Card,4.18
PAS003316,Ronald Bryan,ronald48@outlook.com,+1-510-487-4713,2026-01-02,Palo Alto,Credit Card,4.47
PAS003317,Donald Bridges,donald.b@aol.com,+1-408-900-5983,2026-04-08,Chinatown,Apple Pay,4.92
PAS003318,Logan Finley,logan85@yahoo.com,+1-510-382-1827,2025-07-30,Downtown SF,Apple Pay,4.37
PAS003319,Teresa Mathis,teresa.mathis@hotmail.com,+1-415-997-1483,2025-12-01,Palo Alto,Debit Card,4.14
PAS003320,Brian Nunez,bnunez@gmail.com,+1-408-614-5121,2026-02-04,SOMA,Debit Card,4.37
PAS003321,Gary Serrano,garyserrano@gmail.com,+1-408-506-3442,2026-01-03,Pacific Heights,PayPal,4.85
PAS003322,Thomas Buchanan,tbuchanan@gmail.com,+1-209-602-3661,2026-04-02,Palo Alto,Credit Card,4.73
PAS003323,Karen Atkinson,karen.a@aol.com,+1-925-945-3311,2025-12-30,Oakland,Credit Card,4.18
PAS003324,Billy Rice,billy.rice@gmail.com,+1-209-339-9122,2025-10-25,Mountain View,Apple Pay,4.2
PAS003325,Jonathan Barr,jonathan.barr@aol.com,+1-707-288-8866,2025-11-04,San Jose,Debit Card,4.67
PAS003326,Gregory Thompson,gregory.t@outlook.com,+1-408-282-4684,2026-04-10,SOMA,Debit Card,4.07
PAS003327,Stephen Murphy,stephen94@icloud.com,+1-831-282-7877,2025-07-11,Berkeley,Credit Card,4.32
PAS003328,Logan Tillman,logan.tillman@icloud.com,+1-831-601-3813,2026-02-10,North Beach,Apple Pay,4.45
PAS003329,Lisa Greer,lgreer@gmail.com,+1-831-524-9704,2026-04-05,Mountain View,Credit Card,4.69
PAS003330,Roy Mueller,rmueller@yahoo.com,+1-408-652-9380,2026-02-10,Castro,Cash,3.8
PAS003331,Ralph Hess,ralph.hess@aol.com,+1-209-325-3915,2025-12-13,Mission District,Debit Card,3.89
PAS003332,Theresa Joyce,theresajoyce@aol.com,+1-510-704-7220,2026-01-23,Berkeley,Credit Card,4.78
PAS003333,Philip Merritt,pmerritt@aol.com,+1-415-201-3080,2025-09-26,SOMA,Debit Card,4.74
PAS003334,Diana Wiley,dwiley@yahoo.com,+1-925-513-6518,2026-03-05,SOMA,Credit Card,3.95
PAS003335,Joan Nixon,joannixon@gmail.com,+1-415-424-9930,2026-04-29,North Beach,Credit Card,4.14
PAS003336,Keith Key,kkey@hotmail.com,+1-831-548-6038,2026-04-12,Berkeley,Cash,3.91
PAS003337,Jordan Alvarez,jordan.a@outlook.com,+1-925-815-9375,2026-04-19,North Beach,Cash,4.05
PAS003338,Ralph Wise,ralphwise@aol.com,+1-650-207-4432,2026-03-26,Berkeley,Credit Card,4.36
PAS003339,Dylan Wells,dwells@icloud.com,+1-831-713-8713,2025-07-02,Downtown SF,PayPal,4.57
PAS003340,Diana Hudson,diana70@hotmail.com,+1-209-744-7029,2025-12-16,San Jose,Credit Card,4.42
PAS003341,Pamela Casey,pcasey@hotmail.com,+1-408-204-3348,2026-04-21,Pacific Heights,PayPal,4.62
PAS003342,Angela Beasley,angelabeasley@gmail.com,+1-510-427-3112,2026-03-04,SOMA,Credit Card,3.8
PAS003343,Brian Nash,brian68@gmail.com,+1-925-277-3263,2025-12-12,SOMA,Cash,4.35
PAS003344,Victoria Hancock,victoriahancock@aol.com,+1-707-948-1049,2026-04-27,Financial District,Credit Card,4.81
PAS003345,Brenda Norton,bnorton@yahoo.com,+1-510-493-3468,2026-04-29,Oakland,Credit Card,4.95
PAS003346,Adam Meyers,adammeyers@aol.com,+1-925-703-8182,2026-04-24,Haight-Ashbury,Credit Card,4.32
PAS003347,James Knight,jamesknight@aol.com,+1-415-692-2151,2026-04-13,Downtown SF,Credit Card,4.26
PAS003348,Richard Chen,richard42@icloud.com,+1-831-479-2854,2026-01-26,Oakland,Credit Card,4.41
PAS003349,Judith Hendrix,judithhendrix@icloud.com,+1-831-827-8837,2026-04-24,Financial District,Credit Card,4.09
PAS003350,Gary Lamb,garylamb@icloud.com,+1-408-451-9281,2026-04-21,Marina,Debit Card,4.85
PAS003351,Emily Vazquez,evazquez@outlook.com,+1-408-764-7529,2026-04-13,Chinatown,Debit Card,4.84
PAS003352,Dylan Leach,dylan29@icloud.com,+1-510-658-4447,2025-09-25,Chinatown,Debit Card,4.25
PAS003353,Vincent Kemp,vincent.kemp@outlook.com,+1-707-384-3327,2026-03-03,Marina,Credit Card,4.18
PAS003354,Christine Green,christine.g@aol.com,+1-408-691-9903,2026-03-03,North Beach,PayPal,4.22
PAS003355,Cynthia Gillespie,cynthiagillespie@gmail.com,+1-415-585-9460,2026-02-23,Pacific Heights,Credit Card,4.76
PAS003356,Jordan Melton,jordanmelton@yahoo.com,+1-925-380-6748,2025-07-08,Downtown SF,Cash,4.65
PAS003357,Sean Gaines,seangaines@aol.com,+1-650-618-8109,2025-07-06,SOMA,Credit Card,4.33
PAS003358,Harold Castillo,hcastillo@outlook.com,+1-209-667-8279,2026-03-01,San Jose,Debit Card,4.35
PAS003359,Ethan Landry,elandry@aol.com,+1-408-918-8899,2026-02-24,Mission District,Debit Card,3.84
PAS003360,Harold Bailey,harold.bailey@hotmail.com,+1-209-471-8048,2026-01-22,Chinatown,Debit Card,4.74
PAS003361,Lawrence Solis,lawrencesolis@gmail.com,+1-707-420-8961,2026-02-07,Pacific Heights,PayPal,3.51
PAS003362,David Barrera,davidbarrera@hotmail.com,+1-650-597-2922,2026-04-09,Downtown SF,Cash,4.69
PAS003363,Tiffany Valdez,tiffanyvaldez@hotmail.com,+1-209-710-4077,2025-04-08,Haight-Ashbury,Credit Card,4.56
PAS003364,Rachel Simmons,rachel.s@hotmail.com,+1-510-828-9790,2025-09-10,Palo Alto,Apple Pay,4.84
PAS003365,Jose Hancock,josehancock@yahoo.com,+1-925-221-7557,2026-03-25,Marina,Debit Card,3.99
PAS003366,Janet Carey,janet33@outlook.com,+1-831-408-6705,2026-01-07,North Beach,Credit Card,4.86
PAS003367,Emma Tucker,emma.t@hotmail.com,+1-415-211-8619,2026-03-19,SOMA,Credit Card,4.59
PAS003368,Julia Holloway,julia.h@aol.com,+1-707-737-1135,2026-02-05,Downtown SF,Debit Card,4.84
PAS003369,Dylan Cherry,dylan.c@outlook.com,+1-831-903-3638,2026-02-26,San Jose,Credit Card,4.73
PAS003370,Ralph Stokes,ralph92@aol.com,+1-415-534-2061,2025-06-16,Palo Alto,Apple Pay,4.94
PAS003371,Jonathan Avery,jonathan13@icloud.com,+1-209-965-4661,2025-08-28,Castro,Credit Card,4.37
PAS003372,Vincent Richmond,vincent72@hotmail.com,+1-408-493-6268,2025-06-12,Marina,Credit Card,4.42
PAS003373,Maria Moran,maria.m@outlook.com,+1-510-932-2007,2026-04-21,North Beach,Cash,4.6
PAS003374,Jacqueline William,jwilliam@outlook.com,+1-650-353-3632,2026-04-23,SOMA,Credit Card,3.94
PAS003375,Ralph Olsen,rolsen@aol.com,+1-510-974-6304,2025-10-08,Mountain View,Debit Card,4.15
PAS003376,Kathleen Harper,kathleen.harper@yahoo.com,+1-209-211-3225,2026-02-21,North Beach,PayPal,4.83
PAS003377,Ethan Vazquez,evazquez@outlook.com,+1-209-982-8158,2026-01-13,Berkeley,Credit Card,4.66
PAS003378,Arthur Newton,arthur.newton@hotmail.com,+1-510-458-6871,2026-04-27,Marina,Credit Card,4.91
PAS003379,Julia Oconnor,julia.o@aol.com,+1-415-319-8124,2026-04-08,Chinatown,Credit Card,4.66
PAS003380,Christopher Gordon,cgordon@hotmail.com,+1-415-255-1414,2026-02-27,Haight-Ashbury,Cash,4.65
PAS003381,Billy Hendricks,billy.hendricks@hotmail.com,+1-707-742-6675,2026-03-01,Mountain View,Debit Card,3.93
PAS003382,Judy Pena,judypena@yahoo.com,+1-925-462-6223,2026-04-30,Castro,Debit Card,4.03
PAS003383,Christina Mckenzie,christinamckenzie@yahoo.com,+1-650-298-5975,2025-02-06,Berkeley,Credit Card,4.26
PAS003384,Janice Jacobson,janice49@gmail.com,+1-408-836-7121,2025-08-08,Oakland,Apple Pay,4.29
PAS003385,Nancy Duran,nancy.d@icloud.com,+1-408-413-1848,2026-03-20,Marina,Debit Card,4.94
PAS003386,Julia Wood,jwood@icloud.com,+1-707-801-1681,2025-09-08,North Beach,PayPal,4.35
PAS003387,Patricia Wilcox,pwilcox@icloud.com,+1-707-925-2067,2026-03-03,Downtown SF,Credit Card,4.5
PAS003388,Douglas Lane,douglas.lane@aol.com,+1-510-343-9501,2026-01-11,Palo Alto,Credit Card,3.65
PAS003389,Walter French,walter.f@aol.com,+1-510-265-8428,2025-12-12,Palo Alto,Apple Pay,4.29
PAS003390,Edward Ramirez,eramirez@icloud.com,+1-408-743-3380,2026-03-25,Mission District,Debit Card,4.05
PAS003391,Stephen Patrick,stephen.p@outlook.com,+1-831-338-9279,2026-04-18,Financial District,Cash,4.11
PAS003392,Jacob Davis,jacobdavis@icloud.com,+1-925-257-6908,2026-04-30,SOMA,Debit Card,4.15
PAS003393,Karen Farrell,karen.farrell@hotmail.com,+1-831-253-4109,2025-06-28,Berkeley,Credit Card,4.79
PAS003394,Margaret Frost,margaretfrost@aol.com,+1-831-254-5303,2026-03-30,Berkeley,Debit Card,4.73
PAS003395,Russell Bradshaw,russell.b@icloud.com,+1-831-533-5316,2026-04-30,Financial District,Credit Card,4.74
PAS003396,Julia Bailey,julia80@hotmail.com,+1-415-808-4961,2026-01-02,Chinatown,Apple Pay,4.89
PAS003397,Kelly Burnett,kburnett@gmail.com,+1-650-711-1842,2026-03-19,Oakland,Credit Card,2.6
PAS003398,Virginia Blake,vblake@hotmail.com,+1-209-237-6509,2025-07-23,Haight-Ashbury,Credit Card,4.5
PAS003399,Maria Porter,maria.porter@aol.com,+1-415-580-7430,2026-03-13,Downtown SF,Credit Card,4.35
PAS003400,Madison Lynn,madison49@aol.com,+1-831-310-6909,2026-03-04,Downtown SF,Apple Pay,3.35
PAS003401,Matthew Woods,matthewwoods@hotmail.com,+1-415-627-7467,2025-11-17,Oakland,Credit Card,4.85
PAS003402,Virginia Whitaker,virginia.whitaker@hotmail.com,+1-415-557-1341,2026-04-08,Palo Alto,PayPal,3.7
PAS003403,Roger Ayala,roger92@aol.com,+1-209-638-6403,2026-03-09,North Beach,Debit Card,4.76
PAS003404,Janice Pennington,jpennington@icloud.com,+1-408-797-2576,2026-02-24,Mountain View,Debit Card,3.05
PAS003405,Bryan Wong,bryan72@yahoo.com,+1-209-355-1682,2025-08-19,Berkeley,Apple Pay,4.92
PAS003406,Edward Lamb,edward.lamb@aol.com,+1-831-218-3043,2026-02-28,Downtown SF,Credit Card,4.59
PAS003407,Emily Vance,emily64@outlook.com,+1-510-982-6054,2025-12-01,SOMA,Credit Card,4.83
PAS003408,Nicholas Morton,nicholasmorton@gmail.com,+1-510-276-1805,2026-01-27,SOMA,Credit Card,4.05
PAS003409,Christina Yates,christinayates@yahoo.com,+1-209-660-4148,2025-11-06,Oakland,Credit Card,4.51
PAS003410,Julia Simmons,juliasimmons@gmail.com,+1-408-300-5311,2026-03-27,Castro,Debit Card,4.43
PAS003411,Dorothy Flowers,dorothy.f@gmail.com,+1-408-516-7322,2026-02-14,Marina,Credit Card,4.02
PAS003412,Ronald Ferguson,rferguson@hotmail.com,+1-650-573-7829,2026-01-22,Castro,Credit Card,4.14
PAS003413,Julie Morse,jmorse@icloud.com,+1-415-965-6466,2026-03-19,Mountain View,Apple Pay,4.91
PAS003414,Julia Baker,julia.baker@aol.com,+1-707-769-6729,2026-01-20,Mountain View,Apple Pay,3.76
PAS003415,Olivia Perkins,olivia.perkins@hotmail.com,+1-209-581-1870,2026-02-21,Mountain View,Credit Card,4.22
PAS003416,Lisa Patrick,lisapatrick@aol.com,+1-707-664-9854,2026-03-19,Mission District,Credit Card,4.32
PAS003417,Grace Bentley,gbentley@outlook.com,+1-925-834-2746,2026-04-20,San Jose,PayPal,4.86
PAS003418,Larry Chang,larry.chang@hotmail.com,+1-510-502-5441,2026-04-14,Haight-Ashbury,Apple Pay,4.59
PAS003419,Jose Long,jose.l@hotmail.com,+1-925-313-8440,2026-04-22,Mission District,PayPal,3.62
PAS003420,Elizabeth Brown,elizabeth62@outlook.com,+1-650-605-7404,2026-02-28,Haight-Ashbury,Credit Card,4.49
PAS003421,Janice Sheppard,janice56@hotmail.com,+1-707-440-7537,2026-03-22,Marina,Debit Card,4.52
PAS003422,Jacqueline Prince,jprince@hotmail.com,+1-707-833-1746,2026-01-20,SOMA,Credit Card,3.99
PAS003423,Jane Rios,jane45@yahoo.com,+1-408-774-2675,2025-09-05,Palo Alto,Apple Pay,4.04
PAS003424,Kelly Ferguson,kferguson@outlook.com,+1-925-722-6074,2025-09-13,Financial District,Debit Card,4.73
PAS003425,Diana Vasquez,dvasquez@gmail.com,+1-925-594-3624,2025-06-15,Chinatown,Credit Card,4.65
PAS003426,Terry Nunez,terrynunez@aol.com,+1-707-750-1979,2026-01-13,Oakland,PayPal,4.68
PAS003427,Virginia Hudson,virginia.hudson@aol.com,+1-707-284-4271,2026-01-17,Mission District,Credit Card,4.78
PAS003428,Kathryn Hansen,khansen@gmail.com,+1-510-654-1078,2026-01-09,SOMA,Apple Pay,4.83
PAS003429,Walter Weiss,wweiss@yahoo.com,+1-925-514-8475,2025-02-15,Palo Alto,Cash,4.64
PAS003430,Theresa Spencer,theresaspencer@aol.com,+1-650-432-2806,2026-04-25,North Beach,Credit Card,4.09
PAS003431,Emma Molina,emma.m@aol.com,+1-831-770-3629,2026-04-12,Mountain View,PayPal,4.93
PAS003432,Carol Nash,carol.n@hotmail.com,+1-925-877-4228,2024-08-08,Mission District,Debit Card,4.42
PAS003433,Sharon Sanford,ssanford@hotmail.com,+1-415-740-8330,2026-03-15,Pacific Heights,Cash,3.62
PAS003434,Zachary Gill,zgill@yahoo.com,+1-209-355-7879,2026-04-28,Mission District,Debit Card,4.53
PAS003435,Philip Pacheco,ppacheco@hotmail.com,+1-209-696-1910,2026-04-18,Haight-Ashbury,Credit Card,3.94
PAS003436,Ashley Weiss,ashley41@hotmail.com,+1-650-536-3036,2026-04-01,Mission District,Debit Card,4.54
PAS003437,Martha Green,martha86@hotmail.com,+1-707-520-2276,2026-04-04,Financial District,Debit Card,3.9
PAS003438,Jane Tran,jane.tran@hotmail.com,+1-650-726-8077,2026-04-11,Marina,Debit Card,4.56
PAS003439,Helen Pugh,helen.pugh@gmail.com,+1-831-991-2427,2026-04-25,Oakland,Debit Card,4.52
PAS003440,Evelyn Phillips,ephillips@hotmail.com,+1-510-511-6012,2026-04-25,Castro,Debit Card,4.06
PAS003441,Jason Parks,jason73@yahoo.com,+1-415-298-6888,2026-03-23,Haight-Ashbury,Apple Pay,4.89
PAS003442,Billy Jimenez,bjimenez@aol.com,+1-510-588-5895,2026-03-29,Mission District,Debit Card,4.81
PAS003443,Rachel Gallegos,rachelgallegos@outlook.com,+1-831-730-5425,2026-04-06,Downtown SF,Credit Card,4.45
PAS003444,Emily Horne,emilyhorne@hotmail.com,+1-510-844-9051,2026-01-22,Chinatown,Cash,3.44
PAS003445,Sarah Taylor,sarah.taylor@outlook.com,+1-510-787-7133,2026-03-07,North Beach,Apple Pay,4.45
PAS003446,Logan Coleman,logan94@hotmail.com,+1-510-519-6872,2026-02-19,Mission District,Credit Card,3.92
PAS003447,Brenda Dudley,brenda98@hotmail.com,+1-408-755-8968,2026-03-11,Palo Alto,Apple Pay,4.8
PAS003448,Jason Bradford,jason.bradford@outlook.com,+1-650-809-7456,2026-02-24,Haight-Ashbury,PayPal,3.65
PAS003449,Emily Brooks,emily.brooks@icloud.com,+1-925-447-9527,2025-11-26,Chinatown,Credit Card,4.55
PAS003450,Sarah Huffman,sarah79@icloud.com,+1-650-679-3783,2026-03-16,Marina,PayPal,4.63
PAS003451,Albert Sanchez,albert.s@gmail.com,+1-209-217-6107,2026-03-08,Berkeley,Debit Card,3.44
PAS003452,Jerry Greer,jerry42@gmail.com,+1-408-222-1112,2026-03-22,Haight-Ashbury,Cash,4.54
PAS003453,Lori Williams,lori43@aol.com,+1-510-890-1779,2026-03-15,Chinatown,Credit Card,4.61
PAS003454,Nancy Randolph,nancyrandolph@yahoo.com,+1-415-229-3905,2026-01-15,North Beach,Credit Card,4.54
PAS003455,Brittany Oconnor,brittanyoconnor@outlook.com,+1-650-370-4387,2025-06-10,San Jose,Credit Card,3.62
PAS003456,Jacqueline Willis,jacqueline.w@hotmail.com,+1-415-468-4400,2025-06-17,SOMA,PayPal,4.13
PAS003457,Albert Dominguez,albert15@icloud.com,+1-415-466-8607,2026-02-01,Marina,Credit Card,4.72
PAS003458,Carolyn Andrews,carolynandrews@yahoo.com,+1-831-975-6997,2026-01-15,Pacific Heights,Apple Pay,3.89
PAS003459,Jesse Armstrong,jesse16@yahoo.com,+1-209-394-6000,2026-01-01,Palo Alto,Debit Card,3.96
PAS003460,Jack Powell,jack34@icloud.com,+1-831-503-3376,2026-03-08,Haight-Ashbury,Credit Card,4.19
PAS003461,Jessica Tillman,jessica.tillman@aol.com,+1-415-824-8510,2026-01-16,SOMA,Debit Card,4.83
PAS003462,Megan Pope,megan11@gmail.com,+1-925-870-4970,2026-02-07,Mission District,Credit Card,4.79
PAS003463,Heather Zimmerman,heather.zimmerman@icloud.com,+1-510-918-4278,2026-04-30,Haight-Ashbury,Debit Card,4.63
PAS003464,Janet Glenn,janet.glenn@aol.com,+1-650-914-6909,2026-04-12,Mountain View,Credit Card,4.55
PAS003465,Pamela Fox,pamela.fox@gmail.com,+1-831-330-9847,2026-03-01,San Jose,Apple Pay,4.48
PAS003466,Diana Pennington,dianapennington@yahoo.com,+1-408-733-5255,2026-01-24,Marina,Debit Card,4.77
PAS003467,Patrick Salinas,patrick.s@yahoo.com,+1-707-786-5925,2026-02-25,Castro,PayPal,4.72
PAS003468,Grace Mcconnell,gracemcconnell@hotmail.com,+1-510-856-8906,2025-12-12,Pacific Heights,Debit Card,4.59
PAS003469,Walter Bowers,walter.b@hotmail.com,+1-209-669-6822,2024-11-23,Haight-Ashbury,Apple Pay,4.48
PAS003470,Janet Norton,janetnorton@icloud.com,+1-707-646-4307,2025-07-06,Chinatown,PayPal,4.07
PAS003471,Edward Savage,esavage@outlook.com,+1-707-991-8439,2026-03-09,Downtown SF,Credit Card,3.3
PAS003472,Rebecca James,rebecca.james@yahoo.com,+1-650-842-2169,2026-02-25,Marina,PayPal,4.24
PAS003473,Laura Morrison,laura.m@outlook.com,+1-707-415-5288,2026-02-23,SOMA,Debit Card,4.9
PAS003474,Christopher Poole,christopher.p@yahoo.com,+1-707-495-6432,2026-02-11,San Jose,Credit Card,4.81
PAS003475,Kyle Parsons,kyle.p@icloud.com,+1-408-833-7962,2025-10-06,Mountain View,Credit Card,4.91
PAS003476,Teresa Bradley,teresabradley@hotmail.com,+1-650-580-5691,2024-12-24,Marina,Apple Pay,4.89
PAS003477,Elizabeth Mcintyre,elizabeth34@aol.com,+1-408-973-6564,2025-08-02,SOMA,Debit Card,4.03
PAS003478,Thomas Marquez,tmarquez@yahoo.com,+1-925-588-7880,2025-10-12,Palo Alto,Apple Pay,4.36
PAS003479,Jennifer Woodard,jennifer.w@aol.com,+1-650-966-5190,2026-02-22,North Beach,Debit Card,4.7
PAS003480,Anthony Hood,anthony70@outlook.com,+1-510-217-9938,2025-08-17,Downtown SF,Credit Card,4.84
PAS003481,Alan Watson,alanwatson@gmail.com,+1-650-383-2680,2025-04-24,Berkeley,Credit Card,4.15
PAS003482,Emily Riley,emily84@hotmail.com,+1-510-383-2581,2026-04-22,Palo Alto,Credit Card,4.55
PAS003483,Henry Mcknight,henrymcknight@yahoo.com,+1-408-356-6817,2025-01-04,Mountain View,PayPal,4.91
PAS003484,Eric Russell,ericrussell@yahoo.com,+1-831-436-3180,2025-08-13,Haight-Ashbury,Debit Card,4.71
PAS003485,Philip Medina,philip24@hotmail.com,+1-707-407-8779,2025-08-29,Mission District,Apple Pay,4.83
PAS003486,Gregory Nash,gregory14@hotmail.com,+1-510-832-7435,2026-04-13,North Beach,Debit Card,4.84
PAS003487,Marie Cline,marie.c@icloud.com,+1-415-984-2285,2026-01-22,Oakland,Apple Pay,3.74
PAS003488,Ashley Rollins,ashley.r@gmail.com,+1-408-382-7925,2026-03-16,Chinatown,PayPal,4.03
PAS003489,Scott Ryan,scottryan@aol.com,+1-831-394-6532,2025-06-19,Castro,Credit Card,4.0
PAS003490,Jonathan Mosley,jonathan.mosley@yahoo.com,+1-408-934-7338,2025-12-09,Palo Alto,Credit Card,4.39
PAS003491,Louis Chen,louis.chen@gmail.com,+1-707-655-2357,2025-11-30,Financial District,Debit Card,4.6
PAS003492,Kyle Baldwin,kylebaldwin@aol.com,+1-510-562-5805,2026-01-23,Castro,PayPal,4.14
PAS003493,Gregory Mcdonald,gregory.m@aol.com,+1-209-647-3648,2025-05-16,Oakland,Debit Card,4.51
PAS003494,Maria Miller,mariamiller@hotmail.com,+1-831-491-1358,2026-01-14,Oakland,Debit Card,4.76
PAS003495,Madison Greene,madison.g@icloud.com,+1-831-721-2282,2025-08-16,Financial District,Credit Card,4.88
PAS003496,Emily Kirk,ekirk@aol.com,+1-831-707-7422,2025-12-23,Financial District,Debit Card,4.69
PAS003497,Lawrence Richmond,lawrencerichmond@aol.com,+1-510-783-3020,2025-12-09,Mountain View,Cash,4.8
PAS003498,Bruce Ashley,bruce.a@aol.com,+1-209-479-7369,2026-04-15,Mission District,Debit Card,4.18
PAS003499,Brian Wheeler,brian.wheeler@icloud.com,+1-415-236-3326,2026-03-15,Pacific Heights,Credit Card,4.61
PAS003500,Lisa Sawyer,lisa.sawyer@outlook.com,+1-707-732-7495,2025-04-25,Mountain View,Credit Card,4.42
PAS003501,Sharon Beard,sharon36@yahoo.com,+1-408-369-8758,2024-10-25,Downtown SF,Apple Pay,4.37
PAS003502,Kimberly Hurst,kimberly.h@outlook.com,+1-831-644-9218,2024-12-23,Haight-Ashbury,Credit Card,4.68
PAS003503,Harold Espinoza,harold79@yahoo.com,+1-510-291-7311,2025-12-31,SOMA,Credit Card,4.5
PAS003504,Sarah Morales,smorales@hotmail.com,+1-510-512-5146,2026-04-02,Palo Alto,Apple Pay,4.59
PAS003505,Noah Hudson,nhudson@aol.com,+1-707-900-5754,2026-03-24,Berkeley,Debit Card,4.31
PAS003506,Stephanie Chavez,stephanie12@hotmail.com,+1-209-707-2087,2025-10-27,Oakland,Credit Card,4.84
PAS003507,Barbara Duncan,barbara.duncan@aol.com,+1-650-672-6415,2026-03-26,Financial District,Credit Card,4.08
PAS003508,Henry Hall,henry.h@icloud.com,+1-707-761-7275,2026-04-07,Financial District,Credit Card,4.56
PAS003509,Evelyn Meadows,evelyn34@icloud.com,+1-925-408-5191,2025-09-06,Mountain View,Debit Card,4.54
PAS003510,Dorothy Payne,dorothy22@icloud.com,+1-925-987-6462,2026-02-25,SOMA,PayPal,4.92
PAS003511,Amy Bell,amy31@aol.com,+1-831-246-7951,2026-03-18,SOMA,Debit Card,4.72
PAS003512,Logan Garcia,logan.g@gmail.com,+1-415-898-5465,2026-03-29,Downtown SF,Debit Card,3.44
PAS003513,Abigail Pennington,abigail.p@gmail.com,+1-707-327-5947,2026-03-14,Berkeley,Credit Card,4.86
PAS003514,Anthony French,anthony10@gmail.com,+1-707-214-2297,2026-04-07,Berkeley,Credit Card,4.71
PAS003515,Kathleen Gross,kathleen71@aol.com,+1-650-815-7578,2025-07-11,Mountain View,Credit Card,4.59
PAS003516,Jeffrey Mosley,jeffrey.mosley@yahoo.com,+1-650-621-5967,2026-04-12,North Beach,Cash,3.28
PAS003517,Paul Figueroa,paul98@aol.com,+1-408-916-3921,2025-11-15,Pacific Heights,Debit Card,4.62
PAS003518,Debra Alvarado,dalvarado@gmail.com,+1-925-329-5153,2025-11-15,Downtown SF,Debit Card,4.23
PAS003519,Janice Mendoza,janice68@aol.com,+1-925-341-7019,2025-10-30,Oakland,Credit Card,4.34
PAS003520,Jacob Frost,jfrost@icloud.com,+1-707-969-4043,2026-01-28,North Beach,Debit Card,4.82
PAS003521,Douglas Lowery,douglas.lowery@icloud.com,+1-510-761-9993,2026-04-18,Mission District,Credit Card,4.71
PAS003522,Kevin Porter,kporter@outlook.com,+1-510-465-3614,2025-10-08,San Jose,Credit Card,4.76
PAS003523,Howard Bartlett,howard.b@outlook.com,+1-415-365-1131,2025-12-01,Financial District,Credit Card,4.65
PAS003524,Emma Montoya,emma.montoya@icloud.com,+1-831-890-5044,2026-02-16,Castro,Apple Pay,4.74
PAS003525,Betty Massey,betty.massey@gmail.com,+1-209-549-4493,2026-04-17,Marina,Credit Card,4.5
PAS003526,Donald Eaton,donaldeaton@aol.com,+1-707-408-4919,2026-03-30,North Beach,Credit Card,4.92
PAS003527,Denise Gallegos,denise.g@outlook.com,+1-415-515-4861,2026-04-05,North Beach,Debit Card,4.8
PAS003528,Emma Miranda,emma.m@outlook.com,+1-650-987-7025,2025-06-10,Marina,Credit Card,3.9
PAS003529,Megan Price,meganprice@gmail.com,+1-510-531-4775,2026-04-03,Marina,Credit Card,4.92
PAS003530,Ryan Ramirez,ryanramirez@yahoo.com,+1-707-591-7811,2026-04-13,Pacific Heights,Credit Card,4.14
PAS003531,Joan Moody,joanmoody@yahoo.com,+1-510-302-6845,2026-04-23,Mission District,Credit Card,3.87
PAS003532,Jordan Mosley,jordanmosley@icloud.com,+1-925-752-5933,2026-04-16,SOMA,Credit Card,4.47
PAS003533,Andrew Baxter,abaxter@yahoo.com,+1-510-576-5958,2026-04-27,Mountain View,Apple Pay,4.82
PAS003534,Jason Martin,jason.m@gmail.com,+1-408-857-6098,2025-11-12,Berkeley,Credit Card,4.87
PAS003535,Judy Wallace,judy.wallace@hotmail.com,+1-831-855-6613,2025-07-12,Marina,Credit Card,4.76
PAS003536,Tiffany Ware,tware@gmail.com,+1-408-610-6015,2026-03-04,Haight-Ashbury,Debit Card,4.71
PAS003537,Randy Vazquez,randy.vazquez@aol.com,+1-925-532-3765,2025-06-30,SOMA,Apple Pay,4.15
PAS003538,Gloria Rollins,gloriarollins@yahoo.com,+1-707-903-4544,2026-04-10,Palo Alto,Debit Card,4.81
PAS003539,Helen Winters,helen94@aol.com,+1-650-933-8321,2026-03-26,San Jose,Debit Card,3.45
PAS003540,Billy Ashley,billy37@icloud.com,+1-831-563-8178,2025-04-29,North Beach,Credit Card,4.6
PAS003541,Benjamin Rush,benjaminrush@hotmail.com,+1-650-322-9129,2026-02-21,Downtown SF,Credit Card,3.68
PAS003542,Wayne Oneal,wayne.oneal@outlook.com,+1-925-290-3353,2025-10-04,Marina,Debit Card,4.83
PAS003543,Marie Dickson,marie19@hotmail.com,+1-415-359-6049,2025-11-21,Pacific Heights,Apple Pay,4.41
PAS003544,Judith Lowery,judith.lowery@outlook.com,+1-707-214-2753,2026-04-17,Haight-Ashbury,Credit Card,3.81
PAS003545,Ronald Vargas,ronald.vargas@yahoo.com,+1-925-784-2884,2024-12-04,Pacific Heights,PayPal,4.69
PAS003546,Anthony Moore,anthony96@yahoo.com,+1-831-819-7502,2026-01-15,Marina,Apple Pay,4.51
PAS003547,Joyce Brady,jbrady@yahoo.com,+1-510-391-7655,2025-10-30,Pacific Heights,Apple Pay,3.92
PAS003548,Alexis Sparks,alexissparks@outlook.com,+1-209-628-9350,2026-02-04,Oakland,Credit Card,4.09
PAS003549,Howard Orr,horr@outlook.com,+1-925-599-8853,2025-10-09,Oakland,Cash,4.49
PAS003550,Melissa Dominguez,melissa.d@outlook.com,+1-408-204-2458,2026-02-13,Berkeley,PayPal,4.96
PAS003551,Cynthia Hudson,cynthiahudson@outlook.com,+1-650-296-8408,2026-01-23,Downtown SF,Credit Card,4.16
PAS003552,Carol Dickson,cdickson@gmail.com,+1-831-272-5859,2026-03-24,Palo Alto,Credit Card,4.93
PAS003553,Bryan Mcbride,bryan.mcbride@icloud.com,+1-707-322-6049,2025-11-12,Berkeley,Credit Card,4.69
PAS003554,Judith Cochran,judith.cochran@outlook.com,+1-415-413-9924,2026-03-21,Pacific Heights,Credit Card,4.95
PAS003555,Madison Harrington,madisonharrington@outlook.com,+1-415-628-9444,2026-01-16,Mountain View,Apple Pay,4.76
PAS003556,Melissa Shaw,mshaw@icloud.com,+1-707-927-7618,2025-11-18,Mission District,Apple Pay,4.69
PAS003557,Brandon Ruiz,brandon.r@outlook.com,+1-831-271-7039,2025-10-25,Financial District,Credit Card,4.49
PAS003558,Carol Hebert,carolhebert@aol.com,+1-707-662-9647,2026-04-02,Financial District,Credit Card,4.61
PAS003559,Barbara Pugh,barbara74@gmail.com,+1-831-782-1244,2026-03-22,Marina,Debit Card,4.67
PAS003560,Joseph Willis,jwillis@aol.com,+1-510-280-4014,2025-12-10,Downtown SF,Credit Card,4.81
PAS003561,Emily Hardin,emily.hardin@aol.com,+1-650-439-9653,2026-02-24,Oakland,Debit Card,4.38
PAS003562,Patrick Salas,patrick83@aol.com,+1-510-910-3282,2025-10-17,Financial District,Credit Card,4.48
PAS003563,Bruce Hunter,bhunter@yahoo.com,+1-650-401-1748,2026-04-27,San Jose,Credit Card,4.8
PAS003564,Timothy Briggs,timothy.b@yahoo.com,+1-408-429-9862,2026-01-06,Financial District,Cash,4.88
PAS003565,Juan Gates,juan.gates@aol.com,+1-510-446-9144,2026-03-26,San Jose,Credit Card,4.66
PAS003566,Amy Hardin,amy.h@aol.com,+1-209-816-3577,2026-02-21,North Beach,Credit Card,4.7
PAS003567,Julia Montoya,jmontoya@icloud.com,+1-650-451-7414,2025-12-16,Downtown SF,Apple Pay,4.77
PAS003568,Gabriel Dodson,gabrieldodson@yahoo.com,+1-831-976-7686,2026-04-13,Castro,Debit Card,4.72
PAS003569,Anthony Owen,anthony42@icloud.com,+1-831-546-8528,2026-01-29,Pacific Heights,Apple Pay,4.42
PAS003570,Ronald Clark,ronaldclark@gmail.com,+1-831-740-2058,2026-01-25,Pacific Heights,PayPal,4.54
PAS003571,Kathryn Barron,kathryn91@icloud.com,+1-510-801-9286,2026-04-20,Berkeley,Apple Pay,4.37
PAS003572,Nathan Wells,nathanwells@icloud.com,+1-510-264-4415,2026-04-19,Downtown SF,Debit Card,3.7
PAS003573,Johnny Jones,johnny76@yahoo.com,+1-408-799-2960,2025-11-12,Pacific Heights,PayPal,4.59
PAS003574,Nancy Best,nancy.best@gmail.com,+1-209-805-7720,2026-04-30,Marina,Apple Pay,3.84
PAS003575,Deborah White,deborah90@gmail.com,+1-209-971-5580,2026-04-21,Financial District,Apple Pay,4.45
PAS003576,Gregory Cruz,gregory46@yahoo.com,+1-650-651-2586,2025-12-19,Palo Alto,Credit Card,4.05
PAS003577,Beverly Wagner,beverly.w@aol.com,+1-415-345-9521,2025-07-17,Pacific Heights,Credit Card,4.97
PAS003578,Albert Gibbs,agibbs@gmail.com,+1-831-806-4491,2025-01-14,Oakland,Apple Pay,4.78
PAS003579,Jose Garza,jose.garza@icloud.com,+1-707-317-8009,2026-01-09,Marina,Debit Card,4.53
PAS003580,Kimberly Mccoy,kimberly.mccoy@yahoo.com,+1-209-214-6245,2025-09-02,North Beach,Credit Card,4.19
PAS003581,Eugene Pittman,eugene.pittman@gmail.com,+1-408-687-7732,2026-04-16,Mountain View,Debit Card,4.57
PAS003582,Kenneth Mills,kenneth63@icloud.com,+1-925-325-6346,2026-04-27,SOMA,Credit Card,4.3
PAS003583,Patrick Herring,patrick.h@hotmail.com,+1-510-641-4838,2026-04-30,Castro,Credit Card,4.01
PAS003584,Christian Mccall,christian.mccall@outlook.com,+1-925-994-5555,2025-12-30,Berkeley,Credit Card,4.54
PAS003585,Christina Christian,christina74@outlook.com,+1-510-394-3795,2026-02-27,Oakland,Debit Card,4.32
PAS003586,Joe Morales,joe.morales@yahoo.com,+1-510-546-9542,2025-08-09,San Jose,PayPal,4.93
PAS003587,Juan Phelps,juan.phelps@gmail.com,+1-707-738-2330,2026-03-11,Mountain View,Apple Pay,4.57
PAS003588,Donald Cruz,donald22@outlook.com,+1-415-334-4134,2025-11-27,San Jose,Credit Card,4.62
PAS003589,Philip Monroe,philip41@aol.com,+1-831-721-3670,2026-01-29,Chinatown,Apple Pay,4.34
PAS003590,Beverly Taylor,beverly22@gmail.com,+1-510-343-4970,2025-03-03,Castro,Debit Card,4.62
PAS003591,Kelly Chapman,kchapman@outlook.com,+1-831-604-1803,2025-07-28,SOMA,Debit Card,3.94
PAS003592,Evelyn Jimenez,evelyn.j@icloud.com,+1-650-674-9661,2026-03-03,Mountain View,Cash,4.69
PAS003593,Gabriel Camacho,gabriel81@outlook.com,+1-209-291-9933,2026-01-25,Mission District,Debit Card,4.16
PAS003594,Amber Santos,ambersantos@hotmail.com,+1-209-885-8268,2026-04-19,Berkeley,Apple Pay,4.72
PAS003595,Barbara Atkins,barbara.atkins@aol.com,+1-925-685-4810,2026-01-20,Downtown SF,Debit Card,3.72
PAS003596,Bruce Camacho,brucecamacho@icloud.com,+1-650-296-4531,2025-11-21,Mission District,Debit Card,4.94
PAS003597,Randy Chavez,randy99@icloud.com,+1-650-518-2513,2026-01-29,Palo Alto,Debit Card,4.5
PAS003598,Amy Poole,amy.poole@hotmail.com,+1-925-516-7255,2026-03-01,Financial District,Cash,4.31
PAS003599,Noah Sellers,noah.s@hotmail.com,+1-650-535-7761,2025-05-09,Marina,Debit Card,4.38
PAS003600,Scott Best,scott.best@gmail.com,+1-209-629-9617,2025-08-19,Berkeley,Credit Card,4.44
PAS003601,Russell Faulkner,russellfaulkner@hotmail.com,+1-707-207-2002,2026-01-05,Pacific Heights,Apple Pay,4.38
PAS003602,Anthony Horne,anthony.horne@aol.com,+1-510-402-1717,2025-10-21,Marina,Credit Card,4.86
PAS003603,Michael Harrell,mharrell@gmail.com,+1-209-204-7342,2026-01-08,Berkeley,PayPal,3.23
PAS003604,Margaret Bruce,mbruce@icloud.com,+1-925-623-6092,2026-03-07,San Jose,Debit Card,4.73
PAS003605,Roy Landry,roylandry@aol.com,+1-415-813-9555,2024-11-19,North Beach,Credit Card,3.61
PAS003606,Steven Chang,steven.c@gmail.com,+1-510-747-7377,2025-11-06,Financial District,Apple Pay,4.61
PAS003607,Tyler Roach,tylerroach@hotmail.com,+1-925-462-1913,2026-03-16,Castro,Credit Card,4.48
PAS003608,Jack Eaton,jack28@outlook.com,+1-209-375-2358,2025-10-03,San Jose,Debit Card,4.43
PAS003609,Jeffrey Frost,jeffreyfrost@aol.com,+1-831-356-1419,2025-10-14,Berkeley,Debit Card,4.2
PAS003610,Madison Ward,madison.ward@aol.com,+1-925-798-5825,2026-04-07,Mission District,Credit Card,4.71
PAS003611,Jeremy Shaw,jeremy.shaw@icloud.com,+1-415-264-8190,2026-02-12,Downtown SF,Apple Pay,4.78
PAS003612,Ralph Combs,ralph.c@outlook.com,+1-408-648-3198,2025-11-11,Mission District,Credit Card,4.29
PAS003613,Ralph Everett,ralph.e@icloud.com,+1-408-554-9414,2026-01-08,Pacific Heights,Credit Card,4.97
PAS003614,Russell Hendrix,russell16@outlook.com,+1-415-997-6999,2026-01-12,Berkeley,Apple Pay,4.34
PAS003615,Kyle Castillo,kcastillo@hotmail.com,+1-831-554-7293,2026-03-16,Palo Alto,Credit Card,4.17
PAS003616,Marie Simon,msimon@hotmail.com,+1-831-599-7874,2025-09-06,North Beach,Credit Card,3.96
PAS003617,Matthew Bryan,matthew.bryan@gmail.com,+1-510-343-1638,2025-08-18,Mountain View,Debit Card,3.65
PAS003618,Christian Martin,christian.m@aol.com,+1-415-909-6531,2025-07-21,Oakland,Cash,3.29
PAS003619,Gerald Harding,gerald34@icloud.com,+1-831-702-4043,2026-04-24,San Jose,PayPal,3.89
PAS003620,Jose Nichols,jose56@yahoo.com,+1-707-671-7898,2026-04-12,Mission District,Debit Card,4.72
PAS003621,Rachel Walker,rachelwalker@hotmail.com,+1-925-748-1772,2026-03-09,Palo Alto,Cash,4.97
PAS003622,Terry Hoover,terry.h@outlook.com,+1-408-969-1164,2025-11-04,Palo Alto,Debit Card,4.14
PAS003623,Nicholas Duncan,nicholasduncan@yahoo.com,+1-209-753-7121,2026-04-19,Marina,Credit Card,4.09
PAS003624,Kimberly Herrera,kimberly.herrera@gmail.com,+1-408-424-9915,2026-04-28,Financial District,Debit Card,4.33
PAS003625,Sharon Martinez,sharon.martinez@hotmail.com,+1-415-248-5051,2026-04-08,North Beach,Apple Pay,4.28
PAS003626,Victoria Bridges,victoria80@aol.com,+1-415-308-5981,2025-12-14,Downtown SF,Debit Card,4.76
PAS003627,Gregory Mueller,gregory.mueller@yahoo.com,+1-707-660-9982,2025-04-13,North Beach,Credit Card,4.0
PAS003628,Elizabeth Moon,elizabeth.m@hotmail.com,+1-415-346-8552,2026-03-29,Berkeley,Debit Card,4.55
PAS003629,Bryan Kerr,bryan10@outlook.com,+1-408-604-2114,2026-03-10,San Jose,Credit Card,4.5
PAS003630,Jordan Woodward,jordan.w@yahoo.com,+1-831-473-9693,2026-04-09,San Jose,Credit Card,4.91
PAS003631,Sean Payne,seanpayne@outlook.com,+1-831-281-7766,2025-12-04,Berkeley,Apple Pay,4.37
PAS003632,Deborah Lang,dlang@gmail.com,+1-209-926-8498,2026-02-26,Castro,Apple Pay,4.86
PAS003633,Melissa Moon,melissa.m@aol.com,+1-925-889-3947,2026-03-28,Berkeley,Debit Card,4.63
PAS003634,Jerry Cardenas,jerry22@hotmail.com,+1-209-752-9916,2026-02-03,Berkeley,PayPal,4.6
PAS003635,Daniel Huynh,daniel91@gmail.com,+1-650-464-6372,2026-03-04,Palo Alto,Credit Card,4.66
PAS003636,Dorothy Humphrey,dorothy.humphrey@hotmail.com,+1-415-746-8741,2025-11-17,Castro,Credit Card,4.93
PAS003637,Gregory Baker,gbaker@yahoo.com,+1-925-502-9753,2025-11-07,Mission District,Debit Card,4.25
PAS003638,Marie Bartlett,mbartlett@outlook.com,+1-707-225-2661,2025-07-03,Marina,Credit Card,2.98
PAS003639,Lawrence Alexander,lawrencealexander@icloud.com,+1-209-263-8180,2025-09-24,Mountain View,Credit Card,4.36
PAS003640,Brenda James,brendajames@gmail.com,+1-510-446-5529,2026-04-16,Palo Alto,Credit Card,4.41
PAS003641,Danielle Tanner,danielle78@yahoo.com,+1-650-758-2231,2025-09-18,Mountain View,Credit Card,4.65
PAS003642,Helen Jackson,hjackson@yahoo.com,+1-925-686-9731,2026-01-11,Haight-Ashbury,Apple Pay,4.31
PAS003643,Alexis Vazquez,avazquez@yahoo.com,+1-408-620-3663,2025-03-16,North Beach,PayPal,4.49
PAS003644,Ryan Greene,ryan.g@aol.com,+1-415-447-6010,2026-04-29,Castro,Credit Card,4.53
PAS003645,Ethan Pittman,epittman@aol.com,+1-925-454-3926,2026-04-17,Palo Alto,Apple Pay,4.85
PAS003646,Thomas Rivera,thomas86@hotmail.com,+1-831-775-7858,2026-02-23,Mission District,Debit Card,4.83
PAS003647,Walter Blankenship,walterblankenship@gmail.com,+1-209-779-1048,2025-12-04,Financial District,PayPal,3.62
PAS003648,Joe Richardson,joe.r@icloud.com,+1-925-606-8305,2026-04-05,Haight-Ashbury,Apple Pay,4.59
PAS003649,Sarah Moses,sarah.m@icloud.com,+1-707-320-2518,2025-10-25,San Jose,Credit Card,4.32
PAS003650,David Perkins,dperkins@aol.com,+1-650-526-8904,2026-01-17,Berkeley,Credit Card,4.23
PAS003651,Diane Marshall,diane.marshall@aol.com,+1-415-345-9629,2026-01-25,Downtown SF,Debit Card,4.52
PAS003652,Raymond Dalton,raymond85@hotmail.com,+1-415-224-1897,2026-03-23,San Jose,Credit Card,4.53
PAS003653,Angela Brady,angela.brady@hotmail.com,+1-831-986-7262,2025-02-05,Oakland,PayPal,3.5
PAS003654,Jacob Hall,jhall@yahoo.com,+1-209-581-8107,2025-09-12,SOMA,PayPal,3.1
PAS003655,Melissa Harris,melissa.harris@outlook.com,+1-707-753-3930,2025-11-08,Palo Alto,Credit Card,4.76
PAS003656,Grace Ray,grace.ray@hotmail.com,+1-408-670-1479,2026-04-30,Mission District,Cash,4.42
PAS003657,Philip George,pgeorge@aol.com,+1-831-919-1473,2026-02-20,Oakland,Apple Pay,3.99
PAS003658,Kyle Weaver,kyleweaver@yahoo.com,+1-925-731-4166,2026-02-19,Palo Alto,Credit Card,4.95
PAS003659,Ethan Wells,ewells@outlook.com,+1-707-630-9053,2026-01-15,North Beach,Credit Card,4.26
PAS003660,Billy Saunders,bsaunders@icloud.com,+1-707-409-4051,2025-11-16,Pacific Heights,Credit Card,4.78
PAS003661,Sandra Moran,sandra74@yahoo.com,+1-831-865-9327,2025-06-14,Chinatown,Credit Card,3.5
PAS003662,Russell Hill,rhill@hotmail.com,+1-209-848-5682,2026-01-02,Haight-Ashbury,Credit Card,4.56
PAS003663,Raymond Leach,rleach@icloud.com,+1-707-603-5903,2026-04-13,Castro,Debit Card,4.6
PAS003664,Daniel Mccullough,daniel32@yahoo.com,+1-209-781-4966,2026-04-11,Pacific Heights,PayPal,3.85
PAS003665,Jerry Landry,jerrylandry@aol.com,+1-707-293-7529,2025-07-26,Castro,Credit Card,4.16
PAS003666,Andrew Stephens,andrew.s@outlook.com,+1-408-534-2767,2026-01-22,Mission District,Credit Card,3.75
PAS003667,Austin Golden,austin.g@outlook.com,+1-408-465-2113,2026-01-21,Pacific Heights,Debit Card,4.92
PAS003668,Larry Spears,lspears@outlook.com,+1-925-655-7677,2026-04-04,San Jose,Credit Card,3.68
PAS003669,Ronald Blanchard,ronald.blanchard@gmail.com,+1-408-268-9583,2026-03-14,Chinatown,Debit Card,4.63
PAS003670,Nathan Garza,ngarza@icloud.com,+1-831-256-7714,2025-08-15,Oakland,Apple Pay,3.98
PAS003671,Sean Nixon,snixon@outlook.com,+1-925-947-3862,2025-07-09,Downtown SF,Debit Card,4.73
PAS003672,Frank King,frank95@outlook.com,+1-925-613-3874,2025-12-29,SOMA,Credit Card,4.78
PAS003673,Sarah Hensley,sarah36@outlook.com,+1-707-294-9704,2025-04-21,Berkeley,PayPal,4.4
PAS003674,Julie Massey,julie24@yahoo.com,+1-510-335-2043,2026-02-08,Pacific Heights,Credit Card,4.32
PAS003675,Christopher Nunez,christophernunez@aol.com,+1-209-838-1768,2025-11-17,Chinatown,Apple Pay,4.36
PAS003676,Angela Schroeder,angela.s@outlook.com,+1-707-310-5152,2024-09-20,Haight-Ashbury,PayPal,4.53
PAS003677,Jose Cruz,jcruz@gmail.com,+1-707-780-4881,2026-01-22,Financial District,Credit Card,4.98
PAS003678,Henry Campos,henry.campos@aol.com,+1-707-578-3702,2026-02-12,SOMA,Credit Card,4.05
PAS003679,Heather Wong,heatherwong@hotmail.com,+1-831-583-6486,2026-03-11,SOMA,Credit Card,4.78
PAS003680,Roy Lamb,roy86@aol.com,+1-209-774-8411,2026-04-14,San Jose,Debit Card,4.91
PAS003681,Ronald Clayton,rclayton@icloud.com,+1-408-342-1093,2026-03-20,Palo Alto,Apple Pay,4.77
PAS003682,George Snyder,george.snyder@gmail.com,+1-408-868-2322,2026-04-23,Chinatown,Credit Card,4.89
PAS003683,Richard Murphy,richard.murphy@aol.com,+1-925-815-9500,2026-03-31,Downtown SF,Credit Card,4.78
PAS003684,William Herring,wherring@aol.com,+1-707-540-6896,2025-11-02,North Beach,Credit Card,4.45
PAS003685,Alexis Knox,alexis41@aol.com,+1-408-353-3956,2025-12-03,Marina,Apple Pay,4.96
PAS003686,Marilyn Bailey,marilynbailey@aol.com,+1-510-762-4949,2026-02-26,Haight-Ashbury,Debit Card,3.89
PAS003687,Heather Solomon,heather.s@icloud.com,+1-408-566-9404,2025-08-30,Oakland,Apple Pay,3.27
PAS003688,John Sexton,jsexton@icloud.com,+1-209-411-3264,2025-09-23,Financial District,Apple Pay,4.41
PAS003689,Kyle Huff,kyle75@hotmail.com,+1-831-345-8769,2025-09-24,Mission District,Credit Card,3.88
PAS003690,Diana Dunn,diana.dunn@aol.com,+1-650-465-5896,2026-03-21,Haight-Ashbury,Apple Pay,4.63
PAS003691,Billy Pace,billy45@icloud.com,+1-415-816-2004,2025-08-06,Haight-Ashbury,Credit Card,3.05
PAS003692,Aaron Walker,aaron83@outlook.com,+1-408-255-7826,2026-03-19,SOMA,Debit Card,4.93
PAS003693,Adam Zimmerman,adam61@icloud.com,+1-209-381-5384,2025-08-29,Pacific Heights,Debit Card,4.39
PAS003694,Johnny Brock,johnnybrock@gmail.com,+1-650-945-9682,2025-08-14,Oakland,Debit Card,4.69
PAS003695,Brenda Kennedy,brenda.kennedy@icloud.com,+1-650-669-6008,2025-12-25,Financial District,Debit Card,4.94
PAS003696,Gary Harding,gary.h@icloud.com,+1-510-901-2310,2025-12-13,SOMA,Credit Card,3.9
PAS003697,Emily Green,emily.green@hotmail.com,+1-510-341-9319,2026-03-04,Castro,Credit Card,4.02
PAS003698,Charles Andrews,charles.a@hotmail.com,+1-415-532-5762,2026-04-02,Palo Alto,Credit Card,4.05
PAS003699,Margaret Bruce,margaret95@yahoo.com,+1-408-700-1128,2026-02-23,Downtown SF,Credit Card,3.49
PAS003700,Howard Mercado,hmercado@outlook.com,+1-707-279-1883,2026-02-05,San Jose,Credit Card,4.21
PAS003701,Barbara Armstrong,barbaraarmstrong@aol.com,+1-831-227-8795,2026-04-20,Marina,Credit Card,3.85
PAS003702,Pamela Pruitt,pamela75@yahoo.com,+1-650-636-8662,2025-10-23,Pacific Heights,Credit Card,4.83
PAS003703,Harold Park,harold64@aol.com,+1-408-279-2013,2025-12-20,Palo Alto,Apple Pay,3.6
PAS003704,Rebecca Kennedy,rebeccakennedy@icloud.com,+1-707-463-4976,2025-04-06,North Beach,Debit Card,4.75
PAS003705,Kimberly Deleon,kimberlydeleon@gmail.com,+1-707-761-6617,2025-12-06,Chinatown,Credit Card,4.01
PAS003706,Brian Brooks,bbrooks@aol.com,+1-925-980-6591,2025-10-11,Financial District,Credit Card,4.05
PAS003707,Billy Glenn,billyglenn@yahoo.com,+1-925-410-2526,2025-11-22,Mountain View,Debit Card,4.56
PAS003708,Paul Velazquez,paulvelazquez@hotmail.com,+1-707-713-9221,2025-09-18,Financial District,Credit Card,4.74
PAS003709,Teresa Vazquez,teresavazquez@aol.com,+1-408-221-8818,2026-04-28,Chinatown,Debit Card,4.84
PAS003710,Donald Fitzgerald,donaldfitzgerald@hotmail.com,+1-209-221-7759,2026-04-30,North Beach,PayPal,4.52
PAS003711,Joseph Blackwell,joseph.b@aol.com,+1-650-507-5155,2025-12-28,Mountain View,Credit Card,3.45
PAS003712,Eugene Allison,eallison@hotmail.com,+1-209-271-2689,2026-04-20,Marina,Credit Card,4.5
PAS003713,Mark Kirk,mkirk@icloud.com,+1-209-415-2918,2026-02-23,Oakland,Apple Pay,4.57
PAS003714,David Murray,davidmurray@outlook.com,+1-925-524-8032,2026-03-26,Mountain View,Apple Pay,4.65
PAS003715,Cynthia Giles,cgiles@icloud.com,+1-925-580-9413,2026-04-11,Marina,Credit Card,4.73
PAS003716,Tiffany Russell,tiffany.r@gmail.com,+1-408-554-6651,2026-04-12,Chinatown,Credit Card,3.8
PAS003717,Eugene Wilkinson,ewilkinson@yahoo.com,+1-650-911-8758,2025-03-13,Castro,Credit Card,4.46
PAS003718,William Gardner,william.gardner@icloud.com,+1-650-598-6008,2026-02-27,SOMA,Credit Card,4.61
PAS003719,Mark Miller,markmiller@icloud.com,+1-209-366-9458,2025-11-10,Palo Alto,Apple Pay,4.66
PAS003720,Austin King,austinking@outlook.com,+1-831-955-6039,2026-03-25,Financial District,Credit Card,4.86
PAS003721,Christian Hall,christian.h@hotmail.com,+1-415-945-2916,2025-11-23,Financial District,Debit Card,4.25
PAS003722,Julie Delacruz,julie90@yahoo.com,+1-408-553-7783,2026-04-14,SOMA,Credit Card,4.68
PAS003723,Edward Mccullough,edward.mccullough@yahoo.com,+1-510-279-2978,2025-11-29,Mountain View,Credit Card,3.12
PAS003724,Roger Mcdowell,roger.mcdowell@gmail.com,+1-415-750-3293,2025-12-08,SOMA,Credit Card,4.52
PAS003725,Steven Collins,stevencollins@yahoo.com,+1-650-243-9876,2026-02-01,Financial District,Debit Card,4.34
PAS003726,Jacob Woodward,jwoodward@gmail.com,+1-415-498-7957,2026-04-27,Haight-Ashbury,Debit Card,4.39
PAS003727,Christopher Duran,christopher.duran@gmail.com,+1-925-681-9790,2025-07-11,SOMA,Credit Card,4.54
PAS003728,Shirley Moses,shirley.m@icloud.com,+1-510-987-2995,2026-04-26,Mountain View,Cash,4.77
PAS003729,Walter Spencer,walter.spencer@outlook.com,+1-831-531-1954,2026-01-26,Berkeley,Credit Card,4.05
PAS003730,Julie Boyer,julie.b@hotmail.com,+1-209-934-8038,2026-01-17,San Jose,Apple Pay,4.62
PAS003731,Elizabeth Stephens,elizabethstephens@gmail.com,+1-831-220-4909,2025-05-22,Palo Alto,Credit Card,4.45
PAS003732,Rachel Cruz,rachel29@hotmail.com,+1-415-603-4264,2026-04-26,SOMA,Apple Pay,4.37
PAS003733,Amy Campos,amy17@yahoo.com,+1-925-290-8003,2025-08-23,Financial District,Credit Card,4.94
PAS003734,Angela Bentley,abentley@hotmail.com,+1-831-749-7810,2026-04-28,Haight-Ashbury,Credit Card,4.76
PAS003735,Megan Short,megan91@outlook.com,+1-510-484-3716,2026-02-15,Berkeley,Credit Card,4.75
PAS003736,Martha Bass,martha.bass@gmail.com,+1-415-914-2797,2026-04-01,Marina,Apple Pay,4.65
PAS003737,Johnny Lester,johnnylester@outlook.com,+1-925-700-2599,2026-01-07,Downtown SF,Debit Card,4.94
PAS003738,Johnny Henson,johnny.h@yahoo.com,+1-408-384-3412,2026-04-13,Castro,Credit Card,4.82
PAS003739,Emily Delacruz,emily.d@aol.com,+1-408-428-8878,2026-01-15,Haight-Ashbury,Debit Card,3.71
PAS003740,Marie Holmes,marieholmes@yahoo.com,+1-408-475-6398,2026-01-27,Downtown SF,Credit Card,4.76
PAS003741,Sandra Mcguire,sandra.mcguire@outlook.com,+1-209-614-7046,2025-08-10,North Beach,Credit Card,4.72
PAS003742,Janice Whitehead,janice.whitehead@gmail.com,+1-415-236-1311,2026-03-15,Mountain View,Credit Card,4.58
PAS003743,Rachel Moon,rachel.moon@icloud.com,+1-831-366-5393,2026-01-14,North Beach,Credit Card,3.97
PAS003744,Marilyn Barker,marilynbarker@aol.com,+1-408-508-9326,2026-04-25,Oakland,Credit Card,4.73
PAS003745,Theresa Hughes,theresa.hughes@yahoo.com,+1-831-802-7371,2026-04-19,Mountain View,Debit Card,4.09
PAS003746,Laura Price,laura50@aol.com,+1-707-892-9613,2025-07-05,Downtown SF,Credit Card,3.28
PAS003747,Albert Lee,alee@hotmail.com,+1-209-990-6545,2025-04-09,North Beach,Credit Card,4.82
PAS003748,Frank Perry,frankperry@gmail.com,+1-408-953-3225,2025-09-07,Marina,Apple Pay,3.25
PAS003749,Hannah Edwards,hannah.e@hotmail.com,+1-925-462-7359,2026-01-04,Chinatown,Credit Card,4.81
PAS003750,Brittany Figueroa,brittany.figueroa@aol.com,+1-408-846-9874,2026-04-16,Mission District,Credit Card,4.33
PAS003751,Gary Weiss,gary56@gmail.com,+1-925-381-4699,2026-01-08,SOMA,Apple Pay,4.29
PAS003752,Julie Nunez,jnunez@gmail.com,+1-510-681-8353,2026-04-01,Marina,Credit Card,3.72
PAS003753,Ryan Pacheco,ryan.pacheco@gmail.com,+1-415-632-6920,2025-08-17,Marina,Credit Card,4.95
PAS003754,Aaron Mitchell,aaron54@aol.com,+1-209-284-4012,2025-10-30,North Beach,Credit Card,3.79
PAS003755,Theresa Greene,theresa.greene@icloud.com,+1-650-597-3703,2026-04-07,Oakland,Debit Card,4.87
PAS003756,Diana Orr,diana69@outlook.com,+1-415-644-1361,2025-10-10,Pacific Heights,Apple Pay,4.31
PAS003757,Sandra Nixon,sandra.n@outlook.com,+1-415-825-6888,2025-09-09,Haight-Ashbury,PayPal,4.73
PAS003758,Julie Sullivan,julie.s@yahoo.com,+1-650-289-1285,2026-02-02,North Beach,PayPal,4.23
PAS003759,Benjamin Farrell,benjamin65@yahoo.com,+1-707-775-4890,2026-04-25,Downtown SF,Apple Pay,4.92
PAS003760,Madison Hickman,madisonhickman@yahoo.com,+1-831-402-2849,2026-04-21,Pacific Heights,Debit Card,4.08
PAS003761,Dylan Owens,dylan.o@outlook.com,+1-510-728-7623,2026-03-31,Mission District,Debit Card,4.7
PAS003762,Willie Henson,whenson@icloud.com,+1-831-423-5101,2025-12-22,Mountain View,Credit Card,4.75
PAS003763,Samantha Valdez,samantha.v@outlook.com,+1-925-883-3778,2025-12-31,SOMA,Cash,4.61
PAS003764,Linda Larsen,linda.l@aol.com,+1-650-546-6621,2025-07-26,Chinatown,Debit Card,4.05
PAS003765,Ethan Mccoy,ethan.mccoy@yahoo.com,+1-707-747-1967,2026-04-12,Oakland,Debit Card,4.1
PAS003766,Olivia Morse,olivia68@outlook.com,+1-408-460-5748,2026-03-31,Financial District,Credit Card,4.46
PAS003767,Matthew Nelson,matthew.n@hotmail.com,+1-408-497-9951,2026-03-12,Marina,Credit Card,4.39
PAS003768,Nancy Meadows,nmeadows@aol.com,+1-650-663-8249,2026-03-13,Chinatown,Apple Pay,3.52
PAS003769,Rebecca Parsons,rparsons@icloud.com,+1-408-340-9223,2026-04-29,Mission District,Credit Card,3.66
PAS003770,Carl Sanders,csanders@gmail.com,+1-209-662-2536,2026-04-10,Mission District,Apple Pay,4.0
PAS003771,Mary Guerrero,mary.guerrero@yahoo.com,+1-415-703-4584,2026-01-03,Haight-Ashbury,Apple Pay,4.55
PAS003772,Thomas Conway,thomas49@outlook.com,+1-925-308-8761,2025-11-26,Oakland,Apple Pay,4.75
PAS003773,Amber Cooper,amber74@aol.com,+1-415-218-2018,2024-10-13,Downtown SF,Cash,3.91
PAS003774,Bobby Taylor,bobbytaylor@yahoo.com,+1-415-903-3760,2026-04-29,Berkeley,Credit Card,4.12
PAS003775,Donald Greer,donald.g@gmail.com,+1-925-208-2305,2025-09-14,Mission District,Cash,4.69
PAS003776,Russell Baldwin,russell.b@yahoo.com,+1-510-563-2278,2025-10-31,Financial District,Credit Card,3.88
PAS003777,Joshua Callahan,joshuacallahan@hotmail.com,+1-925-455-8344,2026-04-13,Berkeley,Debit Card,4.82
PAS003778,Victoria Parsons,vparsons@gmail.com,+1-925-636-2616,2026-01-02,Castro,Cash,4.95
PAS003779,Roy Bentley,roybentley@yahoo.com,+1-831-536-8260,2025-11-27,Pacific Heights,PayPal,4.77
PAS003780,Walter Mitchell,walter.m@gmail.com,+1-925-727-8559,2026-02-21,Berkeley,Credit Card,4.83
PAS003781,Roy Moreno,roymoreno@aol.com,+1-415-723-4673,2026-04-06,Marina,Debit Card,4.66
PAS003782,Teresa Ford,teresa58@outlook.com,+1-510-780-8702,2026-02-11,Chinatown,Debit Card,4.75
PAS003783,Gabriel Solomon,gabriel.s@gmail.com,+1-650-586-7605,2025-12-26,Haight-Ashbury,Credit Card,4.75
PAS003784,Wayne Avery,wayne.avery@outlook.com,+1-650-946-8496,2026-01-12,Palo Alto,Debit Card,4.44
PAS003785,Evelyn Robinson,evelyn.r@aol.com,+1-831-912-7173,2026-02-26,Castro,PayPal,3.66
PAS003786,Kyle Pittman,kpittman@hotmail.com,+1-209-652-6238,2026-04-25,Financial District,Credit Card,4.92
PAS003787,Noah Serrano,nserrano@yahoo.com,+1-415-240-8575,2026-04-19,Castro,Credit Card,4.81
PAS003788,William Wyatt,williamwyatt@yahoo.com,+1-408-999-8781,2025-03-09,Marina,PayPal,3.92
PAS003789,Laura Hatfield,laura40@outlook.com,+1-925-907-2529,2026-03-20,Mountain View,Debit Card,4.63
PAS003790,Alan Mills,amills@icloud.com,+1-831-545-8353,2025-07-11,Downtown SF,Debit Card,4.67
PAS003791,Zachary Parks,zachary.p@hotmail.com,+1-925-612-1049,2025-06-27,Berkeley,Credit Card,4.84
PAS003792,Philip Clay,philip.clay@outlook.com,+1-408-338-2092,2026-04-26,Marina,Credit Card,3.48
PAS003793,Sharon Brown,sharon91@icloud.com,+1-209-896-3743,2024-11-10,San Jose,Credit Card,3.97
PAS003794,Bruce Ellison,bruce.ellison@yahoo.com,+1-650-802-6677,2025-12-01,Castro,Debit Card,4.62
PAS003795,Ethan Walter,ethan.w@yahoo.com,+1-415-724-9562,2026-03-07,Chinatown,Credit Card,4.06
PAS003796,Sharon Conway,sharon.conway@outlook.com,+1-510-911-1166,2026-03-31,Haight-Ashbury,Credit Card,4.59
PAS003797,Steven Payne,steven.payne@hotmail.com,+1-925-430-6022,2026-04-28,Pacific Heights,Debit Card,4.11
PAS003798,Danielle Chavez,dchavez@hotmail.com,+1-209-203-9944,2026-02-13,Mountain View,Credit Card,4.9
PAS003799,Pamela Barr,pbarr@gmail.com,+1-510-920-8206,2025-02-09,San Jose,PayPal,4.29
PAS003800,Cynthia Snyder,cynthia.s@icloud.com,+1-707-799-7178,2025-08-22,Marina,Credit Card,4.41
PAS003801,Angela Knight,angela64@aol.com,+1-415-831-5106,2026-03-28,Mission District,Credit Card,4.45
PAS003802,Henry Wells,hwells@outlook.com,+1-650-472-1177,2026-04-18,Chinatown,Credit Card,3.36
PAS003803,Marilyn Ware,marilyn.w@aol.com,+1-209-258-2365,2026-04-21,Mountain View,Cash,4.54
PAS003804,Eugene Casey,eugene.casey@hotmail.com,+1-831-634-8353,2026-04-07,Downtown SF,Credit Card,3.86
PAS003805,Thomas Shepard,thomas.s@outlook.com,+1-510-675-2821,2026-03-19,Downtown SF,Apple Pay,4.62
PAS003806,Jonathan Wilkins,jonathan.w@icloud.com,+1-650-933-1738,2025-07-24,North Beach,Credit Card,4.18
PAS003807,Charles Villarreal,charles.v@aol.com,+1-415-353-3825,2026-02-14,Mission District,Apple Pay,3.96
PAS003808,Gary Barnes,gary.b@aol.com,+1-831-233-6131,2026-04-03,Downtown SF,Credit Card,4.29
PAS003809,Edward Abbott,edward.abbott@aol.com,+1-510-685-4898,2026-03-21,Pacific Heights,Credit Card,4.51
PAS003810,Lisa Hobbs,lisa.hobbs@hotmail.com,+1-831-553-6967,2025-07-20,Pacific Heights,Credit Card,4.41
PAS003811,Katherine Hughes,katherinehughes@yahoo.com,+1-707-572-2228,2025-12-28,Haight-Ashbury,Credit Card,4.6
PAS003812,Ashley Poole,ashley.poole@hotmail.com,+1-831-615-4168,2026-01-04,Downtown SF,Apple Pay,4.85
PAS003813,Roy Hansen,royhansen@yahoo.com,+1-831-932-6041,2026-02-26,Chinatown,Credit Card,4.62
PAS003814,Aaron Singleton,aaron.singleton@outlook.com,+1-925-468-4420,2026-03-10,Castro,Credit Card,4.35
PAS003815,Amanda Clayton,amanda.clayton@gmail.com,+1-510-623-6994,2025-11-17,Marina,Apple Pay,4.68
PAS003816,Diane Mccarthy,diane.mccarthy@outlook.com,+1-831-828-7996,2026-03-29,Palo Alto,Credit Card,4.49
PAS003817,Bruce Atkinson,bruce.a@aol.com,+1-510-412-5337,2026-04-03,Mission District,Debit Card,4.93
PAS003818,Helen Mcguire,helen29@hotmail.com,+1-831-481-2062,2026-02-22,Oakland,Debit Card,4.89
PAS003819,Benjamin Hoffman,benjamin.hoffman@icloud.com,+1-415-884-5349,2026-03-23,Marina,Debit Card,3.92
PAS003820,Rachel Richardson,rachel76@gmail.com,+1-831-413-3513,2026-01-09,Financial District,PayPal,4.14
PAS003821,Eugene Osborne,eosborne@hotmail.com,+1-510-998-4349,2025-09-22,SOMA,Credit Card,4.97
PAS003822,Kyle Hughes,kyle.hughes@hotmail.com,+1-510-377-8033,2026-03-30,San Jose,Apple Pay,4.44
PAS003823,Marie Nunez,marie.n@hotmail.com,+1-209-928-1423,2025-09-07,Berkeley,Apple Pay,4.88
PAS003824,Billy Branch,billy.b@yahoo.com,+1-415-571-1797,2025-11-26,Mountain View,Credit Card,4.41
PAS003825,Marilyn Jimenez,marilynjimenez@yahoo.com,+1-650-874-4995,2026-04-25,Palo Alto,Apple Pay,4.61
PAS003826,Tyler Medina,tyler.m@yahoo.com,+1-650-765-8020,2024-08-23,Castro,Credit Card,4.91
PAS003827,Hannah West,hannah.w@yahoo.com,+1-925-787-2771,2025-08-06,SOMA,Debit Card,4.71
PAS003828,Roger Alvarado,roger.alvarado@outlook.com,+1-650-444-9716,2026-04-08,Mission District,PayPal,4.37
PAS003829,Gloria Alvarado,gloria.a@yahoo.com,+1-925-572-2899,2026-03-12,Haight-Ashbury,Debit Card,4.17
PAS003830,Christian Frost,cfrost@outlook.com,+1-831-325-8155,2026-03-15,Downtown SF,Credit Card,4.25
PAS003831,Hannah Hebert,hannah.hebert@outlook.com,+1-650-827-3446,2026-04-24,Marina,PayPal,4.55
PAS003832,Ryan Harrington,ryan.harrington@yahoo.com,+1-408-570-4379,2025-12-13,Mission District,PayPal,4.35
PAS003833,Virginia Baldwin,vbaldwin@yahoo.com,+1-209-936-3249,2026-04-20,Berkeley,Debit Card,4.63
PAS003834,Helen Richard,helen.richard@hotmail.com,+1-415-788-5156,2025-12-17,Mission District,Credit Card,3.68
PAS003835,Jonathan Duran,jduran@gmail.com,+1-831-763-3716,2026-04-28,Chinatown,Credit Card,3.44
PAS003836,Alan Oneill,alanoneill@gmail.com,+1-650-497-5676,2026-04-14,Haight-Ashbury,PayPal,4.6
PAS003837,Austin Dixon,adixon@yahoo.com,+1-831-333-8998,2026-01-18,Downtown SF,Credit Card,4.74
PAS003838,Jason Shannon,jason65@aol.com,+1-209-436-3318,2025-04-16,Berkeley,Credit Card,4.64
PAS003839,Dorothy Johnston,dorothyjohnston@hotmail.com,+1-650-643-4276,2026-04-25,North Beach,Credit Card,4.52
PAS003840,Carl Berry,carl.b@aol.com,+1-510-362-6577,2026-02-26,Pacific Heights,Cash,4.37
PAS003841,Anthony Moran,anthonymoran@icloud.com,+1-209-754-5589,2025-05-17,North Beach,Credit Card,4.37
PAS003842,Raymond Knapp,raymond10@hotmail.com,+1-209-489-2479,2026-04-18,North Beach,Credit Card,4.76
PAS003843,Adam Abbott,adam37@hotmail.com,+1-510-203-6639,2026-01-27,North Beach,Credit Card,4.74
PAS003844,Jesse Holloway,jesse.holloway@outlook.com,+1-707-386-6731,2026-03-14,Marina,Credit Card,3.81
PAS003845,Amanda Koch,amandakoch@hotmail.com,+1-925-475-9808,2026-02-18,San Jose,Credit Card,4.42
PAS003846,Cynthia Simon,cynthia.simon@icloud.com,+1-707-526-1084,2026-04-26,San Jose,Credit Card,3.95
PAS003847,Austin Morton,austin.m@outlook.com,+1-209-525-5322,2026-01-28,North Beach,Apple Pay,4.22
PAS003848,Paul Bauer,paul25@aol.com,+1-209-228-8011,2026-01-19,Haight-Ashbury,Credit Card,4.29
PAS003849,Amanda Nash,amanda.nash@aol.com,+1-831-377-4067,2025-11-29,Downtown SF,Debit Card,4.48
PAS003850,Scott Pierce,spierce@outlook.com,+1-510-465-5673,2026-04-22,Chinatown,Apple Pay,4.48
PAS003851,Cheryl Holmes,cheryl.h@hotmail.com,+1-650-639-2919,2026-01-10,Castro,Apple Pay,4.94
PAS003852,Brian Carrillo,briancarrillo@gmail.com,+1-707-969-7962,2025-11-06,Chinatown,Credit Card,4.22
PAS003853,Paul Diaz,paul.diaz@icloud.com,+1-650-221-8764,2025-12-21,Oakland,Credit Card,4.57
PAS003854,Keith Jones,keith.j@icloud.com,+1-650-375-1589,2025-10-16,Financial District,Credit Card,4.12
PAS003855,Kimberly Chase,kimberly.chase@gmail.com,+1-925-985-3362,2026-03-29,Marina,PayPal,3.98
PAS003856,Gabriel Wilkerson,gabriel96@outlook.com,+1-510-416-1813,2026-02-14,Berkeley,PayPal,4.66
PAS003857,Kenneth Rojas,kennethrojas@icloud.com,+1-415-371-6163,2026-01-18,Mission District,Cash,4.6
PAS003858,Jennifer Taylor,jennifertaylor@yahoo.com,+1-209-812-3231,2025-06-19,Palo Alto,Credit Card,4.32
PAS003859,Patrick Campos,patrick.c@icloud.com,+1-408-540-5106,2026-02-20,Mountain View,Debit Card,4.87
PAS003860,Jason Robertson,jason.robertson@yahoo.com,+1-650-374-5909,2025-11-23,Downtown SF,PayPal,4.52
PAS003861,Julia Jones,jjones@outlook.com,+1-415-212-4817,2026-04-10,North Beach,Debit Card,4.76
PAS003862,Cynthia Herring,cherring@gmail.com,+1-707-250-7222,2026-04-02,Chinatown,Credit Card,4.51
PAS003863,Katherine Guzman,kguzman@gmail.com,+1-707-789-3648,2026-04-24,Oakland,PayPal,4.28
PAS003864,Richard Barr,richard.barr@hotmail.com,+1-510-999-4060,2026-01-29,SOMA,Credit Card,3.69
PAS003865,Diana Juarez,djuarez@gmail.com,+1-415-786-8482,2025-12-11,Berkeley,Apple Pay,3.77
PAS003866,Justin Mcintosh,justin.mcintosh@gmail.com,+1-209-312-7115,2026-03-26,Financial District,Credit Card,4.77
PAS003867,Jessica Wheeler,jessica61@icloud.com,+1-209-454-8720,2025-11-30,SOMA,PayPal,4.09
PAS003868,Ralph Bridges,ralph.bridges@gmail.com,+1-650-523-7980,2026-03-14,Chinatown,Credit Card,5.0
PAS003869,Brenda Ayers,brendaayers@hotmail.com,+1-408-915-3216,2025-06-27,Financial District,Credit Card,4.21
PAS003870,Alexis Navarro,anavarro@aol.com,+1-209-276-6492,2024-07-22,Pacific Heights,Credit Card,4.77
PAS003871,Willie Soto,willie82@aol.com,+1-707-696-2338,2026-02-07,San Jose,Apple Pay,3.87
PAS003872,Dylan Frank,dfrank@gmail.com,+1-415-678-2446,2026-01-11,Financial District,Cash,4.01
PAS003873,Nancy Morrison,nancymorrison@hotmail.com,+1-408-424-7580,2026-02-01,Palo Alto,Credit Card,4.98
PAS003874,Laura Wilcox,laurawilcox@gmail.com,+1-209-383-4309,2026-02-05,Pacific Heights,Credit Card,4.21
PAS003875,John Mckenzie,john.mckenzie@hotmail.com,+1-707-745-9901,2025-12-30,Oakland,Apple Pay,4.78
PAS003876,Christina Petersen,christina.petersen@aol.com,+1-925-882-4624,2026-01-06,Chinatown,Debit Card,4.11
PAS003877,Megan Reyes,megan.reyes@gmail.com,+1-707-511-3388,2026-02-17,Palo Alto,Credit Card,4.84
PAS003878,Sandra Alexander,sandra.a@icloud.com,+1-707-826-5207,2026-03-15,Financial District,Debit Card,3.58
PAS003879,Tiffany Graham,tiffanygraham@aol.com,+1-831-533-6501,2026-03-20,Mission District,Credit Card,4.79
PAS003880,Cheryl Armstrong,carmstrong@aol.com,+1-831-633-6004,2026-04-07,Chinatown,Credit Card,4.92
PAS003881,Donald Waters,donald.waters@yahoo.com,+1-209-470-1380,2026-01-27,San Jose,Apple Pay,3.89
PAS003882,Philip Smith,philip.smith@icloud.com,+1-415-319-2761,2026-04-21,Downtown SF,Credit Card,4.42
PAS003883,Jose Baldwin,josebaldwin@yahoo.com,+1-925-477-4853,2026-04-28,SOMA,Debit Card,4.7
PAS003884,Jerry Summers,jerry.s@aol.com,+1-707-282-9418,2026-03-03,Financial District,Apple Pay,4.46
PAS003885,Bruce Tanner,bruce.tanner@aol.com,+1-209-712-6412,2026-04-21,Palo Alto,Apple Pay,3.31
PAS003886,Katherine Morgan,katherine.m@gmail.com,+1-707-491-4906,2025-12-26,Haight-Ashbury,PayPal,3.98
PAS003887,Dylan Livingston,dylanlivingston@hotmail.com,+1-707-816-5203,2026-04-08,Chinatown,Credit Card,4.98
PAS003888,Jordan Duncan,jordan13@icloud.com,+1-925-250-9593,2026-04-30,Downtown SF,Apple Pay,4.86
PAS003889,Marilyn Kelly,marilyn.kelly@outlook.com,+1-707-610-9862,2026-03-13,Mission District,Credit Card,4.57
PAS003890,Bryan Foley,bryanfoley@yahoo.com,+1-408-287-7513,2025-12-29,North Beach,Credit Card,4.59
PAS003891,Jesse Robertson,jrobertson@hotmail.com,+1-415-980-4893,2026-02-08,Berkeley,Credit Card,4.17
PAS003892,Richard Duran,richard.duran@hotmail.com,+1-415-871-8055,2026-04-15,Pacific Heights,Cash,4.96
PAS003893,Jennifer Villarreal,jennifer.villarreal@outlook.com,+1-209-312-1940,2026-04-20,Financial District,Cash,4.87
PAS003894,Anthony Navarro,anavarro@hotmail.com,+1-510-218-6341,2026-01-11,Financial District,PayPal,4.97
PAS003895,Dorothy Lewis,dlewis@hotmail.com,+1-408-941-9172,2026-01-20,Pacific Heights,Cash,4.66
PAS003896,Dylan Wise,dylan55@aol.com,+1-408-808-4083,2025-10-19,Mission District,Cash,4.75
PAS003897,Gerald Dickerson,gdickerson@aol.com,+1-707-462-5026,2025-07-20,Pacific Heights,Cash,4.7
PAS003898,Noah Juarez,noahjuarez@outlook.com,+1-510-207-8683,2026-04-30,Oakland,Credit Card,4.73
PAS003899,Rose Livingston,roselivingston@yahoo.com,+1-415-282-8607,2025-11-17,Downtown SF,Debit Card,4.68
PAS003900,Bruce Matthews,bmatthews@aol.com,+1-510-675-7943,2026-04-13,SOMA,Credit Card,4.86
PAS003901,Amy Salazar,amy51@icloud.com,+1-510-286-2905,2025-06-27,SOMA,Debit Card,4.91
PAS003902,Louis Eaton,leaton@gmail.com,+1-707-297-9937,2026-04-18,Downtown SF,Credit Card,4.51
PAS003903,Evelyn Farrell,evelyn44@yahoo.com,+1-925-598-8672,2026-03-17,Haight-Ashbury,PayPal,3.8
PAS003904,Olivia Lee,olivia17@aol.com,+1-650-553-8270,2024-09-22,Mountain View,Credit Card,4.71
PAS003905,Joyce Huff,joyce.huff@yahoo.com,+1-707-462-5886,2026-02-26,Palo Alto,Debit Card,4.63
PAS003906,Rachel Everett,reverett@icloud.com,+1-707-289-7405,2025-04-21,Mission District,Debit Card,4.51
PAS003907,Angela William,angela.william@gmail.com,+1-925-228-1351,2026-04-27,Castro,Apple Pay,4.29
PAS003908,Nicole Strickland,nicole48@icloud.com,+1-831-374-7129,2025-11-25,SOMA,Credit Card,4.29
PAS003909,Mark Whitehead,markwhitehead@icloud.com,+1-209-994-4556,2026-02-04,San Jose,Credit Card,3.65
PAS003910,Madison Phillips,mphillips@outlook.com,+1-831-697-6842,2024-04-30,Berkeley,Credit Card,4.75
PAS003911,Joshua Floyd,joshua92@yahoo.com,+1-415-446-2700,2026-01-11,Palo Alto,Debit Card,4.71
PAS003912,Howard Carson,howard.c@icloud.com,+1-209-209-7625,2025-08-27,Mountain View,Credit Card,4.62
PAS003913,Raymond Barron,raymond.barron@yahoo.com,+1-925-577-1956,2026-03-22,San Jose,Apple Pay,4.91
PAS003914,Cheryl Calhoun,cherylcalhoun@outlook.com,+1-408-535-1698,2026-04-22,Oakland,PayPal,4.48
PAS003915,Danielle Whitehead,danielle.whitehead@gmail.com,+1-650-349-8528,2026-04-19,Mission District,Apple Pay,4.85
PAS003916,Emma Beasley,emmabeasley@yahoo.com,+1-408-566-3952,2026-04-22,Mountain View,Debit Card,3.87
PAS003917,Victoria Johnson,vjohnson@aol.com,+1-209-377-7826,2025-06-25,Castro,Apple Pay,4.38
PAS003918,Christine Nixon,christinenixon@yahoo.com,+1-831-300-4111,2026-03-05,Castro,Credit Card,4.79
PAS003919,Abigail Guerrero,aguerrero@gmail.com,+1-510-887-3097,2026-03-21,Marina,Credit Card,4.75
PAS003920,Stephanie Nash,stephanie.nash@gmail.com,+1-650-532-4649,2025-11-29,Downtown SF,Debit Card,3.95
PAS003921,Stephen Mathews,stephen70@gmail.com,+1-209-296-9921,2026-01-07,Mountain View,Credit Card,4.8
PAS003922,Cynthia Morrow,cynthiamorrow@gmail.com,+1-510-548-7612,2026-01-11,Pacific Heights,Debit Card,4.21
PAS003923,Ralph Trujillo,ralph38@outlook.com,+1-650-956-8548,2025-06-25,Castro,Debit Card,3.81
PAS003924,Deborah Fisher,deborah75@icloud.com,+1-408-443-7204,2026-01-23,Pacific Heights,Credit Card,3.42
PAS003925,Arthur Olson,arthur24@yahoo.com,+1-831-459-6961,2026-02-27,Chinatown,PayPal,4.58
PAS003926,Megan Gutierrez,mgutierrez@yahoo.com,+1-408-935-1772,2026-01-12,Marina,Credit Card,4.75
PAS003927,Kimberly Dixon,kdixon@icloud.com,+1-415-677-1051,2026-02-05,Mission District,PayPal,4.33
PAS003928,Gloria Mendez,gloria20@hotmail.com,+1-209-469-2435,2026-03-15,Mountain View,Credit Card,4.3
PAS003929,Paul Flynn,paulflynn@gmail.com,+1-408-909-4195,2026-01-11,Pacific Heights,Credit Card,4.77
PAS003930,Patricia Morton,pmorton@icloud.com,+1-510-807-5982,2026-03-13,Pacific Heights,Debit Card,4.54
PAS003931,Ralph Mcguire,ralph90@outlook.com,+1-831-954-7360,2025-02-06,Mountain View,Cash,4.14
PAS003932,Dylan Whitaker,dylan29@yahoo.com,+1-831-662-2691,2026-03-03,Mission District,Credit Card,4.37
PAS003933,Walter Bryant,walter.bryant@yahoo.com,+1-925-575-8857,2026-03-09,Berkeley,Debit Card,4.74
PAS003934,Jonathan Bryant,jbryant@hotmail.com,+1-831-552-3829,2026-04-02,Marina,Debit Card,4.76
PAS003935,Mary Gomez,marygomez@hotmail.com,+1-650-332-4784,2026-01-31,North Beach,Apple Pay,4.24
PAS003936,Lisa Small,lisa59@yahoo.com,+1-408-877-4155,2025-11-17,Berkeley,Debit Card,4.89
PAS003937,Marie Chase,marie.c@icloud.com,+1-209-841-3618,2026-03-28,Mountain View,Apple Pay,4.32
PAS003938,Thomas Cooper,thomas18@yahoo.com,+1-650-652-1142,2025-11-14,Palo Alto,Credit Card,4.94
PAS003939,Amber Koch,amber.koch@outlook.com,+1-209-639-5205,2025-11-17,SOMA,Debit Card,4.15
PAS003940,Richard Sanford,richard.sanford@aol.com,+1-510-710-5023,2026-04-26,Mission District,Credit Card,4.68
PAS003941,David Brooks,david.b@gmail.com,+1-415-897-5299,2025-08-30,Haight-Ashbury,PayPal,4.68
PAS003942,Elizabeth Phillips,elizabethphillips@aol.com,+1-415-518-6577,2026-03-02,Palo Alto,Credit Card,4.78
PAS003943,Heather Hoover,hhoover@aol.com,+1-707-291-1341,2025-06-29,Marina,Credit Card,4.76
PAS003944,Austin Buck,austinbuck@outlook.com,+1-650-338-8526,2025-08-10,San Jose,Credit Card,4.27
PAS003945,Randy Leach,randy.l@yahoo.com,+1-415-370-6579,2026-03-20,San Jose,Cash,4.13
PAS003946,Jason Ferguson,jason49@icloud.com,+1-415-703-7704,2026-03-21,Financial District,Credit Card,2.21
PAS003947,Emily Booth,ebooth@outlook.com,+1-831-522-6109,2026-03-09,Marina,Credit Card,4.31
PAS003948,Lawrence Marquez,lawrencemarquez@icloud.com,+1-510-462-7941,2025-07-10,Marina,Apple Pay,4.63
PAS003949,Emma Kim,emma31@hotmail.com,+1-408-465-8431,2026-02-27,Pacific Heights,Credit Card,4.62
PAS003950,Dylan Cooper,dcooper@gmail.com,+1-925-895-8626,2026-01-10,Chinatown,Debit Card,4.52
PAS003951,Wayne Cole,waynecole@yahoo.com,+1-650-418-5367,2026-04-21,Oakland,Cash,4.47
PAS003952,Anna Sanford,anna83@hotmail.com,+1-209-883-5949,2025-11-12,Chinatown,PayPal,4.11
PAS003953,Nicole Pace,npace@icloud.com,+1-925-508-6383,2025-11-27,Mission District,Credit Card,4.45
PAS003954,Olivia Estrada,olivia.estrada@aol.com,+1-707-674-3301,2025-10-07,Financial District,Credit Card,4.87
PAS003955,Philip Brennan,philip21@yahoo.com,+1-831-935-1908,2026-01-30,North Beach,Debit Card,4.05
PAS003956,Thomas Pena,thomas.p@gmail.com,+1-925-439-9766,2026-03-06,SOMA,Debit Card,4.79
PAS003957,Nathan Small,nsmall@gmail.com,+1-650-416-6760,2026-03-26,Castro,Credit Card,4.57
PAS003958,Shirley Acosta,shirleyacosta@hotmail.com,+1-510-412-8233,2025-09-07,SOMA,Cash,4.92
PAS003959,John Snow,jsnow@aol.com,+1-408-261-8550,2025-12-25,Chinatown,Credit Card,3.32
PAS003960,Michael Mccoy,michael.m@aol.com,+1-408-461-7559,2025-10-17,Chinatown,Debit Card,4.26
PAS003961,Diane Dixon,ddixon@hotmail.com,+1-408-776-2896,2026-02-15,Palo Alto,Credit Card,3.98
PAS003962,Denise Alvarez,denise.a@yahoo.com,+1-650-729-2373,2026-03-20,Chinatown,Credit Card,4.27
PAS003963,Vincent Andrews,vincent.andrews@outlook.com,+1-408-837-9197,2026-01-09,Pacific Heights,Credit Card,4.2
PAS003964,Harold Salas,harold51@gmail.com,+1-707-237-7409,2026-04-14,Chinatown,Credit Card,4.46
PAS003965,Donald Nash,donald.nash@hotmail.com,+1-831-336-8546,2026-03-19,Chinatown,Credit Card,4.33
PAS003966,Christine Gaines,cgaines@yahoo.com,+1-510-680-7433,2026-03-08,Mountain View,Credit Card,4.95
PAS003967,Dorothy Salinas,dorothy32@yahoo.com,+1-510-512-5409,2025-11-18,Palo Alto,Credit Card,4.67
PAS003968,Patrick Contreras,patrick.contreras@aol.com,+1-925-806-8411,2026-03-21,Castro,Credit Card,4.63
PAS003969,Timothy Buchanan,timothy.buchanan@hotmail.com,+1-925-594-4480,2026-01-08,Marina,Apple Pay,4.56
PAS003970,Marie Lindsey,marie51@hotmail.com,+1-707-203-2462,2026-04-13,SOMA,Debit Card,4.32
PAS003971,Abigail Vargas,abigail.vargas@icloud.com,+1-925-773-2640,2025-12-27,Marina,Credit Card,4.58
PAS003972,Charles Aguilar,charles16@icloud.com,+1-408-257-9526,2025-09-27,Financial District,Debit Card,3.2
PAS003973,Eugene Nunez,eugene.n@aol.com,+1-650-869-4036,2025-10-14,SOMA,Credit Card,4.13
PAS003974,Eugene Nelson,eugene31@gmail.com,+1-209-636-7677,2026-01-19,Mountain View,Credit Card,4.46
PAS003975,Beverly Wiley,bwiley@icloud.com,+1-408-913-9970,2025-05-02,SOMA,Apple Pay,4.44
PAS003976,Julia Holmes,jholmes@outlook.com,+1-925-261-1301,2025-02-08,Oakland,Credit Card,4.27
PAS003977,Mary Moon,mmoon@outlook.com,+1-408-535-5810,2026-03-30,Financial District,Debit Card,4.06
PAS003978,Willie Contreras,willie33@aol.com,+1-707-805-1298,2025-11-14,Berkeley,Credit Card,4.07
PAS003979,Sandra Wells,sandrawells@hotmail.com,+1-707-393-1848,2025-09-13,Mission District,Apple Pay,4.36
PAS003980,Dorothy Mckenzie,dorothy38@aol.com,+1-408-642-5234,2026-04-11,Haight-Ashbury,Apple Pay,4.71
PAS003981,Kelly Mccullough,kmccullough@gmail.com,+1-831-686-6378,2025-08-10,Mountain View,Cash,4.51
PAS003982,Christina Mccormick,christina.mccormick@yahoo.com,+1-510-474-9438,2026-04-27,SOMA,Cash,4.29
PAS003983,George West,george.w@aol.com,+1-925-538-9090,2026-02-05,SOMA,Cash,4.81
PAS003984,Robert Summers,robert57@yahoo.com,+1-650-303-7498,2025-12-31,San Jose,Apple Pay,4.87
PAS003985,Louis Lynn,louis80@hotmail.com,+1-707-200-3525,2026-04-29,Haight-Ashbury,Credit Card,4.52
PAS003986,Jordan Christensen,jordan.christensen@hotmail.com,+1-408-944-7419,2026-02-01,Downtown SF,Cash,3.66
PAS003987,Noah Snyder,noah.s@icloud.com,+1-925-792-4265,2025-11-29,Financial District,Apple Pay,4.93
PAS003988,Joshua House,joshua.h@aol.com,+1-831-597-9281,2025-08-02,Financial District,Credit Card,4.63
PAS003989,Sara Thomas,sara.thomas@outlook.com,+1-707-987-3949,2025-12-25,Chinatown,Cash,4.26
PAS003990,Raymond Christensen,raymondchristensen@gmail.com,+1-707-378-4462,2025-05-19,Berkeley,Credit Card,4.02
PAS003991,Adam Butler,adam.butler@outlook.com,+1-408-868-8293,2026-04-23,Downtown SF,Cash,4.04
PAS003992,Judith Salas,jsalas@hotmail.com,+1-650-229-1738,2025-10-12,Palo Alto,PayPal,4.19
PAS003993,Willie Key,willie.key@yahoo.com,+1-925-204-8250,2026-01-16,Financial District,PayPal,4.0
PAS003994,Amber George,ageorge@outlook.com,+1-510-248-5302,2026-03-18,Chinatown,Debit Card,4.34
PAS003995,Jack Rivas,jack22@icloud.com,+1-415-958-6878,2026-04-05,Palo Alto,Apple Pay,3.94
PAS003996,Shirley Rose,shirley.r@outlook.com,+1-925-848-1721,2026-03-29,Pacific Heights,Apple Pay,4.74
PAS003997,Anthony Drake,anthony.drake@hotmail.com,+1-415-896-9392,2026-03-26,Palo Alto,Cash,4.58
PAS003998,Ashley Gentry,agentry@icloud.com,+1-707-279-6296,2026-03-03,Berkeley,Cash,4.86
PAS003999,Aaron Oneill,aarononeill@yahoo.com,+1-510-861-4269,2025-12-13,North Beach,Credit Card,4.82
PAS004000,Rose Dudley,rose.dudley@outlook.com,+1-925-890-1225,2026-03-09,Pacific Heights,Debit Card,3.43
PAS004001,Ralph Merritt,ralphmerritt@yahoo.com,+1-415-999-6076,2026-03-05,North Beach,Cash,4.31
PAS004002,Ethan Dickson,ethan.dickson@hotmail.com,+1-510-521-4046,2026-04-06,San Jose,Debit Card,4.84
PAS004003,Keith Frank,kfrank@outlook.com,+1-209-667-5557,2026-04-04,Mission District,Apple Pay,4.38
PAS004004,Douglas Underwood,dunderwood@hotmail.com,+1-831-952-7145,2025-04-08,San Jose,Cash,4.72
PAS004005,Nathan Bean,nbean@yahoo.com,+1-209-303-7191,2026-04-20,Pacific Heights,Credit Card,3.22
PAS004006,Jacob Short,jacob.short@gmail.com,+1-831-730-7046,2025-03-11,Financial District,Credit Card,4.67
PAS004007,Virginia Woods,virginia.woods@outlook.com,+1-510-640-9554,2026-02-09,North Beach,Credit Card,4.64
PAS004008,Nicole Serrano,nicoleserrano@hotmail.com,+1-831-853-5063,2026-01-17,Pacific Heights,Apple Pay,3.84
PAS004009,Deborah Cunningham,deborah32@gmail.com,+1-415-325-2341,2026-04-15,Downtown SF,Apple Pay,4.39
PAS004010,Kevin Lamb,kevin.l@yahoo.com,+1-510-474-2107,2026-04-13,Pacific Heights,PayPal,4.53
PAS004011,Karen Cruz,karen.cruz@aol.com,+1-650-246-2338,2026-02-09,Oakland,Cash,4.95
PAS004012,Kyle Bass,kyle69@aol.com,+1-510-520-8783,2026-03-08,Financial District,Cash,4.9
PAS004013,Christina Powell,christina85@yahoo.com,+1-408-997-9202,2025-12-06,Downtown SF,Credit Card,4.73
PAS004014,Melissa Bailey,melissa32@hotmail.com,+1-650-468-8828,2026-04-02,Berkeley,Credit Card,4.48
PAS004015,John Sloan,jsloan@gmail.com,+1-650-672-9477,2026-04-21,Oakland,Debit Card,4.8
PAS004016,Patrick Hess,patrickhess@outlook.com,+1-925-367-6407,2026-02-23,Pacific Heights,Cash,4.99
PAS004017,Amanda Park,apark@gmail.com,+1-650-595-2770,2026-01-12,Oakland,Debit Card,4.83
PAS004018,Samantha Osborn,sosborn@outlook.com,+1-831-821-3156,2025-09-22,Mountain View,Apple Pay,4.67
PAS004019,James Preston,jamespreston@icloud.com,+1-209-352-3155,2025-10-06,San Jose,Credit Card,4.74
PAS004020,Bobby Valdez,bobby.valdez@aol.com,+1-209-226-9335,2026-04-11,Mountain View,Apple Pay,4.05
PAS004021,Joyce Mccoy,joyce36@aol.com,+1-925-558-4777,2026-04-11,Financial District,Credit Card,4.28
PAS004022,Nathan Clay,nathan.c@yahoo.com,+1-415-904-4295,2026-02-12,Chinatown,Credit Card,4.23
PAS004023,Vincent Bowers,vincent.b@icloud.com,+1-415-341-5966,2026-04-20,Pacific Heights,Debit Card,4.58
PAS004024,James Hunter,james.h@yahoo.com,+1-831-908-3160,2026-01-17,Oakland,Apple Pay,3.47
PAS004025,Dennis Morse,dennis.m@hotmail.com,+1-510-901-5805,2024-12-09,San Jose,Credit Card,4.66
PAS004026,Judith Mcmillan,judith17@hotmail.com,+1-209-534-2342,2026-03-24,Castro,Debit Card,3.77
PAS004027,Jacob Serrano,jacob.s@yahoo.com,+1-831-853-1293,2025-07-15,Palo Alto,Debit Card,4.53
PAS004028,Johnny Hartman,johnny.h@yahoo.com,+1-408-899-9479,2026-04-28,SOMA,PayPal,4.14
PAS004029,John Moore,johnmoore@icloud.com,+1-209-749-1140,2025-12-21,Haight-Ashbury,Credit Card,4.51
PAS004030,Brittany Decker,brittanydecker@aol.com,+1-925-632-6145,2026-02-11,Oakland,Debit Card,4.54
PAS004031,Benjamin Elliott,benjamin.e@yahoo.com,+1-650-385-3785,2025-12-14,Mission District,Credit Card,4.05
PAS004032,Steven Leon,steven.leon@outlook.com,+1-415-409-6246,2026-04-03,Palo Alto,PayPal,3.86
PAS004033,Janice Johnston,janicejohnston@yahoo.com,+1-650-706-3353,2026-02-20,Marina,Credit Card,4.3
PAS004034,Brandon Mccarthy,brandon27@gmail.com,+1-831-259-9450,2026-04-06,Marina,Credit Card,4.62
PAS004035,Carl Pace,carl.pace@hotmail.com,+1-925-754-3732,2026-04-17,Oakland,Cash,3.98
PAS004036,Kevin Berry,kevinberry@yahoo.com,+1-650-714-5933,2026-04-12,Haight-Ashbury,Apple Pay,4.02
PAS004037,Ashley Gaines,ashley.g@icloud.com,+1-209-283-1743,2026-03-16,Chinatown,Credit Card,4.2
PAS004038,Tiffany Foster,tfoster@yahoo.com,+1-650-313-4930,2025-12-25,Oakland,Debit Card,4.91
PAS004039,Ryan Parrish,ryan98@aol.com,+1-650-282-5259,2026-02-07,Castro,Apple Pay,3.71
PAS004040,Jane Davenport,jane48@outlook.com,+1-650-358-8832,2025-11-02,Downtown SF,Credit Card,4.94
PAS004041,Eugene Diaz,eugene.d@icloud.com,+1-209-469-5165,2026-01-02,SOMA,Debit Card,4.57
PAS004042,Brian Lamb,brian.l@aol.com,+1-209-405-1521,2026-02-18,Marina,Credit Card,3.55
PAS004043,Hannah Blake,hannah75@aol.com,+1-415-737-4473,2026-04-13,San Jose,PayPal,4.01
PAS004044,Nathan Doyle,nathandoyle@aol.com,+1-415-969-1855,2026-04-06,Haight-Ashbury,Credit Card,3.5
PAS004045,Willie Jones,willie.j@yahoo.com,+1-415-854-8448,2026-03-31,North Beach,Credit Card,4.16
PAS004046,Gary Deleon,gdeleon@outlook.com,+1-707-719-6828,2026-02-13,Financial District,Apple Pay,4.88
PAS004047,Terry Navarro,terry.navarro@aol.com,+1-707-679-4839,2025-11-06,Marina,Credit Card,4.84
PAS004048,Cynthia Singleton,cynthia.s@yahoo.com,+1-209-984-1610,2025-08-23,SOMA,Credit Card,4.86
PAS004049,Amy Herring,amy85@aol.com,+1-415-534-8156,2026-03-13,Financial District,PayPal,4.66
PAS004050,Deborah Mclaughlin,dmclaughlin@outlook.com,+1-510-826-3765,2025-12-15,North Beach,Credit Card,4.39
PAS004051,Amy Pace,amypace@aol.com,+1-415-672-7566,2026-04-09,SOMA,Debit Card,4.17
PAS004052,Brenda Walls,brenda.w@icloud.com,+1-707-362-3619,2025-11-08,Pacific Heights,Credit Card,4.96
PAS004053,Willie Marshall,willie68@outlook.com,+1-510-660-5021,2026-04-14,Mountain View,Credit Card,4.78
PAS004054,Zachary Olson,zachary.olson@outlook.com,+1-415-265-2840,2026-02-04,North Beach,Credit Card,3.58
PAS004055,Samuel Salas,samuel52@aol.com,+1-831-665-8530,2026-04-09,Palo Alto,Credit Card,4.87
PAS004056,Emma Atkinson,emma41@gmail.com,+1-415-628-8426,2026-03-25,Berkeley,Credit Card,4.82
PAS004057,Nicole Brady,nicole.b@icloud.com,+1-415-926-9043,2026-04-19,Mission District,Debit Card,3.21
PAS004058,Olivia Mathews,omathews@icloud.com,+1-415-440-1297,2026-02-14,San Jose,Debit Card,4.05
PAS004059,Kevin Pratt,kevinpratt@yahoo.com,+1-415-209-4512,2026-04-23,Marina,Cash,4.29
PAS004060,Nicole Cole,ncole@gmail.com,+1-707-923-6127,2025-12-30,San Jose,Credit Card,4.62
PAS004061,Alexis Martin,alexis.m@aol.com,+1-408-256-4765,2025-10-25,Chinatown,Credit Card,4.8
PAS004062,John Dunn,john57@yahoo.com,+1-510-455-8225,2026-04-30,Berkeley,Apple Pay,4.19
PAS004063,Jeffrey Simmons,jeffrey.s@hotmail.com,+1-415-993-5432,2026-02-23,Chinatown,Cash,4.38
PAS004064,Gloria Holman,gloria.holman@icloud.com,+1-209-918-6979,2025-07-27,Financial District,Apple Pay,4.55
PAS004065,Arthur Salinas,arthursalinas@aol.com,+1-650-857-3181,2025-10-24,Palo Alto,Apple Pay,4.94
PAS004066,Andrea Pace,andrea.p@icloud.com,+1-650-734-4854,2026-02-15,Mountain View,Apple Pay,4.87
PAS004067,Olivia Delacruz,olivia.d@outlook.com,+1-408-791-2542,2026-04-23,Oakland,Apple Pay,3.21
PAS004068,Elizabeth Glenn,elizabeth.glenn@hotmail.com,+1-831-671-7795,2025-12-24,Mountain View,Apple Pay,4.95
PAS004069,Ronald Baker,ronald.b@gmail.com,+1-831-792-2104,2025-07-25,Mountain View,Cash,4.73
PAS004070,Lawrence Osborne,losborne@outlook.com,+1-415-678-7223,2026-04-08,Berkeley,Apple Pay,4.54
PAS004071,Billy Mercado,billy62@hotmail.com,+1-925-800-2052,2025-04-19,Mission District,Credit Card,4.14
PAS004072,Marie Conley,marie.conley@gmail.com,+1-707-469-3727,2026-03-30,North Beach,Credit Card,4.6
PAS004073,Marie Mills,marie51@outlook.com,+1-408-215-2678,2026-04-25,Chinatown,PayPal,4.11
PAS004074,Angela Roberts,aroberts@yahoo.com,+1-707-715-5938,2025-03-26,SOMA,Debit Card,4.29
PAS004075,Laura Moore,lauramoore@aol.com,+1-209-384-8942,2025-08-23,Berkeley,Credit Card,4.38
PAS004076,Virginia Snyder,virginia24@yahoo.com,+1-209-997-3411,2026-03-23,Marina,PayPal,4.71
PAS004077,Sarah Cole,sarah99@yahoo.com,+1-925-269-7325,2025-07-09,Haight-Ashbury,Credit Card,4.76
PAS004078,Cynthia Mckee,cmckee@outlook.com,+1-209-975-6986,2026-02-20,San Jose,Credit Card,4.79
PAS004079,Madison Wiley,mwiley@outlook.com,+1-209-312-9338,2026-02-26,Berkeley,Credit Card,4.35
PAS004080,Stephen Cameron,stephen13@yahoo.com,+1-925-603-6429,2025-10-13,Oakland,Credit Card,4.79
PAS004081,Nathan Pratt,nathan.p@outlook.com,+1-408-465-9748,2025-10-30,Haight-Ashbury,Credit Card,4.96
PAS004082,Bruce Russo,brusso@gmail.com,+1-831-911-5756,2026-01-31,San Jose,Cash,3.48
PAS004083,Aaron Snyder,aaronsnyder@icloud.com,+1-510-981-9151,2025-09-15,North Beach,Cash,4.76
PAS004084,Bobby Hawkins,bobby.hawkins@hotmail.com,+1-408-974-1033,2026-03-29,Mountain View,Debit Card,4.99
PAS004085,Marie Ortiz,marie.ortiz@gmail.com,+1-415-693-8715,2026-01-03,Chinatown,Credit Card,4.25
PAS004086,Jacob Griffin,jacobgriffin@aol.com,+1-831-408-8808,2026-04-23,Oakland,Debit Card,4.83
PAS004087,Nicholas Howard,nicholas.h@outlook.com,+1-415-412-4005,2026-04-20,SOMA,Credit Card,4.03
PAS004088,Samantha Reyes,samantha.reyes@icloud.com,+1-408-436-3459,2025-09-11,SOMA,Debit Card,4.54
PAS004089,Cheryl Paul,cheryl93@hotmail.com,+1-925-875-6734,2025-11-24,Berkeley,Debit Card,4.74
PAS004090,Larry Mcbride,larrymcbride@outlook.com,+1-209-926-3862,2026-04-16,Pacific Heights,Credit Card,3.46
PAS004091,Larry Calhoun,lcalhoun@gmail.com,+1-209-519-1388,2025-11-02,Haight-Ashbury,PayPal,4.95
PAS004092,Tyler Livingston,tlivingston@icloud.com,+1-925-328-1094,2025-09-18,Oakland,Credit Card,4.31
PAS004093,Cynthia Anthony,cynthiaanthony@outlook.com,+1-831-823-9714,2026-01-06,Palo Alto,PayPal,4.7
PAS004094,Kevin Kelley,kkelley@gmail.com,+1-650-524-4347,2026-02-26,Mountain View,Debit Card,4.7
PAS004095,Linda Rivers,linda.r@outlook.com,+1-415-814-2146,2026-01-29,SOMA,Debit Card,5.0
PAS004096,Keith Watson,keith.watson@yahoo.com,+1-831-422-6178,2026-04-19,San Jose,Credit Card,3.97
PAS004097,Eugene Camacho,eugene24@outlook.com,+1-209-276-1550,2025-12-15,SOMA,Debit Card,3.65
PAS004098,Heather Stone,heather31@aol.com,+1-510-822-4273,2026-02-03,Marina,Cash,4.25
PAS004099,Samantha Glenn,samantha.g@hotmail.com,+1-925-435-8983,2026-01-22,Oakland,Debit Card,4.69
PAS004100,George Barr,george.b@hotmail.com,+1-415-941-2627,2026-04-30,Palo Alto,Cash,4.1
PAS004101,Kevin Cochran,kevincochran@gmail.com,+1-415-471-5023,2025-06-12,SOMA,Credit Card,4.31
PAS004102,Barbara Chen,barbara.c@yahoo.com,+1-510-357-5778,2025-10-26,North Beach,Debit Card,3.91
PAS004103,Joe Short,jshort@outlook.com,+1-209-725-4378,2026-04-24,Downtown SF,Cash,4.66
PAS004104,Deborah Jenkins,deborahjenkins@icloud.com,+1-925-251-4539,2026-03-31,Mountain View,Cash,3.98
PAS004105,Cheryl Pitts,cherylpitts@outlook.com,+1-831-898-9766,2026-03-18,San Jose,Credit Card,4.19
PAS004106,Eric Chang,eric24@aol.com,+1-510-930-7238,2025-12-15,North Beach,PayPal,4.77
PAS004107,Arthur Jacobson,arthur.j@hotmail.com,+1-707-269-3512,2025-02-26,Downtown SF,Cash,3.8
PAS004108,Roger Wise,rwise@hotmail.com,+1-408-725-6504,2026-04-30,Mission District,Debit Card,3.84
PAS004109,Judy Estrada,judy15@outlook.com,+1-925-971-6685,2026-01-03,Oakland,Credit Card,3.55
PAS004110,Dylan Berry,dylan98@gmail.com,+1-510-248-8566,2026-02-05,Castro,Credit Card,4.05
PAS004111,Brian Velez,brian.v@icloud.com,+1-209-368-3280,2026-04-03,Palo Alto,Debit Card,4.6
PAS004112,Gregory Carey,gregory94@gmail.com,+1-650-378-6510,2025-11-21,Financial District,PayPal,4.14
PAS004113,Amy Wallace,amywallace@yahoo.com,+1-209-372-7108,2026-01-04,Pacific Heights,PayPal,4.34
PAS004114,Pamela Herman,pamela56@aol.com,+1-415-453-1218,2024-08-12,North Beach,Apple Pay,4.62
PAS004115,Theresa Clayton,theresaclayton@hotmail.com,+1-925-638-8690,2025-07-16,North Beach,Credit Card,4.02
PAS004116,Joshua Lynch,jlynch@outlook.com,+1-209-732-4133,2025-12-03,Financial District,Credit Card,4.5
PAS004117,John Lester,john.lester@outlook.com,+1-408-756-1073,2026-04-14,Haight-Ashbury,Debit Card,4.57
PAS004118,Kelly Ferguson,kferguson@icloud.com,+1-925-213-1630,2026-04-28,North Beach,Credit Card,4.46
PAS004119,Rebecca Callahan,rebeccacallahan@icloud.com,+1-510-711-7392,2025-09-18,Pacific Heights,PayPal,3.88
PAS004120,Harold Taylor,htaylor@gmail.com,+1-925-849-6830,2025-05-16,Pacific Heights,Credit Card,4.48
PAS004121,Nicholas Ramirez,nicholasramirez@icloud.com,+1-510-826-6932,2025-11-08,Haight-Ashbury,Credit Card,4.15
PAS004122,Christine Lee,christine95@aol.com,+1-925-773-5927,2026-02-16,Mission District,PayPal,4.61
PAS004123,Brittany Saunders,brittanysaunders@yahoo.com,+1-408-535-7578,2025-12-11,Downtown SF,PayPal,4.58
PAS004124,Tiffany Marshall,tiffany.m@yahoo.com,+1-707-265-2343,2025-08-21,Oakland,Cash,4.77
PAS004125,Walter Brock,wbrock@yahoo.com,+1-831-836-4975,2025-07-26,Mountain View,Apple Pay,4.3
PAS004126,Sean Roberts,sean.r@hotmail.com,+1-831-234-8775,2026-03-29,Downtown SF,PayPal,4.34
PAS004127,Jane Sandoval,jane39@aol.com,+1-510-698-7137,2025-09-27,Financial District,Cash,4.11
PAS004128,Deborah James,deborahjames@outlook.com,+1-510-234-9865,2026-03-10,Oakland,Credit Card,4.6
PAS004129,Shirley Harrington,shirleyharrington@aol.com,+1-510-973-5111,2025-07-30,North Beach,Credit Card,4.98
PAS004130,Wayne Buckley,wayne.buckley@yahoo.com,+1-831-543-1821,2026-02-24,Chinatown,Apple Pay,3.69
PAS004131,Janice Faulkner,jfaulkner@hotmail.com,+1-707-717-6243,2026-03-13,Marina,Debit Card,4.55
PAS004132,Cheryl Joyce,cjoyce@icloud.com,+1-510-636-7869,2025-12-30,Chinatown,Credit Card,4.65
PAS004133,Gabriel Campbell,gcampbell@hotmail.com,+1-510-307-9997,2026-04-13,San Jose,Credit Card,4.18
PAS004134,Martha Sheppard,martha67@aol.com,+1-925-922-8778,2026-03-14,Marina,PayPal,4.41
PAS004135,George Mendoza,gmendoza@icloud.com,+1-707-500-6210,2025-02-02,North Beach,Credit Card,4.75
PAS004136,Pamela Booker,pbooker@gmail.com,+1-831-240-9534,2026-01-30,San Jose,Credit Card,4.83
PAS004137,Brittany Mcguire,brittany.m@aol.com,+1-408-519-9852,2025-12-05,San Jose,Credit Card,4.75
PAS004138,Virginia Mosley,virginiamosley@yahoo.com,+1-209-922-6982,2026-02-19,Pacific Heights,Credit Card,3.11
PAS004139,Nancy Howard,nhoward@hotmail.com,+1-650-684-8437,2026-04-29,Downtown SF,Credit Card,4.53
PAS004140,Nancy Odom,nodom@yahoo.com,+1-831-610-9810,2026-01-18,Mission District,Debit Card,3.24
PAS004141,Sean Stewart,seanstewart@outlook.com,+1-650-227-1738,2025-11-18,Chinatown,Credit Card,4.33
PAS004142,Katherine Maxwell,katherinemaxwell@gmail.com,+1-831-936-5547,2026-03-20,Mountain View,Debit Card,4.87
PAS004143,Eugene Grimes,egrimes@aol.com,+1-831-849-6063,2026-02-11,Financial District,Credit Card,3.85
PAS004144,Marie Bradley,mariebradley@outlook.com,+1-707-536-9826,2026-01-27,Marina,Credit Card,4.44
PAS004145,Gloria Ayers,gloriaayers@yahoo.com,+1-510-469-5079,2026-01-28,Oakland,Apple Pay,4.42
PAS004146,Michelle Hood,michelle.h@hotmail.com,+1-650-713-3848,2026-02-23,Berkeley,Credit Card,4.72
PAS004147,John Gallagher,jgallagher@hotmail.com,+1-408-464-9191,2025-09-09,Financial District,PayPal,4.74
PAS004148,Zachary Alvarez,zachary.a@gmail.com,+1-415-355-9797,2026-03-28,Mountain View,Apple Pay,4.75
PAS004149,Nancy Smith,nancy.smith@yahoo.com,+1-650-965-7850,2026-02-03,Haight-Ashbury,Debit Card,4.88
PAS004150,Jose Patel,jose.p@gmail.com,+1-831-462-6053,2026-02-05,Berkeley,Credit Card,4.74
PAS004151,Danielle Solomon,dsolomon@yahoo.com,+1-209-911-8966,2025-12-19,San Jose,Credit Card,4.23
PAS004152,Joyce Wilkerson,joycewilkerson@aol.com,+1-925-982-3651,2026-03-03,Castro,PayPal,3.73
PAS004153,Jessica Hughes,jessicahughes@icloud.com,+1-510-570-4298,2025-12-22,Castro,Cash,4.59
PAS004154,Stephanie Rich,stephanie.r@yahoo.com,+1-209-274-8602,2024-08-22,Palo Alto,Credit Card,4.63
PAS004155,Diane Gallagher,dgallagher@yahoo.com,+1-925-339-4111,2026-01-10,Marina,Cash,4.52
PAS004156,Sara Ramirez,sara.ramirez@outlook.com,+1-415-318-8184,2026-04-08,North Beach,PayPal,4.93
PAS004157,Ashley Moran,amoran@gmail.com,+1-408-503-7148,2025-06-10,Pacific Heights,Cash,4.51
PAS004158,Theresa Griffin,theresa72@gmail.com,+1-209-760-4312,2026-03-16,Mission District,Credit Card,4.66
PAS004159,Kimberly Duncan,kimberly.duncan@hotmail.com,+1-408-479-9170,2026-03-27,Haight-Ashbury,Debit Card,4.43
PAS004160,Brian Butler,brian72@gmail.com,+1-415-971-4625,2026-01-18,North Beach,Cash,4.38
PAS004161,Rachel Barnes,rachel.barnes@outlook.com,+1-925-774-7690,2026-02-02,Berkeley,Credit Card,4.79
PAS004162,Jerry Browning,jerry.b@icloud.com,+1-650-394-8436,2025-11-27,Oakland,Credit Card,4.56
PAS004163,Deborah Yates,dyates@icloud.com,+1-831-232-3610,2026-02-05,San Jose,Credit Card,4.0
PAS004164,Gerald Mclaughlin,gerald.m@outlook.com,+1-408-568-7002,2026-03-31,Mountain View,PayPal,4.22
PAS004165,Carolyn Rasmussen,carolyn.rasmussen@gmail.com,+1-650-267-2326,2025-11-26,Pacific Heights,Credit Card,4.05
PAS004166,Kathryn Haley,kathryn85@yahoo.com,+1-707-395-6519,2026-03-07,Financial District,Credit Card,4.15
PAS004167,Janet Harper,janet.harper@icloud.com,+1-831-573-5449,2025-10-19,Financial District,PayPal,3.78
PAS004168,Russell Stephenson,russell17@icloud.com,+1-925-462-6911,2026-01-26,Oakland,Debit Card,4.57
PAS004169,Jane Mejia,jane.mejia@hotmail.com,+1-707-351-2152,2026-02-03,Downtown SF,Debit Card,4.74
PAS004170,Emily Green,emilygreen@icloud.com,+1-209-201-8406,2026-03-03,Mission District,Credit Card,4.98
PAS004171,Amy Bentley,amy.bentley@hotmail.com,+1-650-268-3313,2026-04-11,Mountain View,Credit Card,4.33
PAS004172,Betty Miller,betty14@outlook.com,+1-209-823-8725,2026-04-27,Castro,PayPal,4.27
PAS004173,Andrew James,andrew.james@icloud.com,+1-925-764-8071,2026-03-26,Castro,Credit Card,4.36
PAS004174,Scott Mills,scott54@aol.com,+1-831-921-9474,2026-02-18,Haight-Ashbury,Credit Card,4.63
PAS004175,Andrew Stephens,andrew.s@gmail.com,+1-707-472-5640,2026-03-07,San Jose,Debit Card,4.37
PAS004176,Matthew Blankenship,matthew.blankenship@hotmail.com,+1-831-709-4519,2024-09-29,Financial District,Credit Card,4.74
PAS004177,Deborah Chen,deborahchen@aol.com,+1-831-972-1539,2026-01-25,North Beach,Debit Card,4.42
PAS004178,John Molina,john.m@aol.com,+1-209-345-4937,2026-03-20,Castro,Credit Card,3.96
PAS004179,Johnny Pace,johnny.p@aol.com,+1-707-284-8571,2026-04-17,Mountain View,Credit Card,4.07
PAS004180,Janet Bentley,janet.bentley@hotmail.com,+1-209-694-1380,2025-11-16,Downtown SF,Credit Card,4.07
PAS004181,Brandon Ayers,brandon.ayers@aol.com,+1-209-600-3125,2026-03-20,North Beach,Credit Card,4.68
PAS004182,Amy Rose,amy56@yahoo.com,+1-650-671-6029,2025-08-10,Marina,Debit Card,4.14
PAS004183,Carl Nunez,cnunez@yahoo.com,+1-650-545-1956,2025-10-21,Haight-Ashbury,Credit Card,4.58
PAS004184,Rebecca Owen,rebeccaowen@outlook.com,+1-408-964-3243,2026-02-08,Mountain View,Apple Pay,4.76
PAS004185,Cynthia Williams,cynthia19@outlook.com,+1-925-634-8909,2025-11-05,Castro,Cash,4.42
PAS004186,Marie Allen,marie.a@gmail.com,+1-707-957-5835,2026-01-15,Mountain View,Credit Card,4.99
PAS004187,Nancy Barr,nancybarr@gmail.com,+1-408-798-9109,2025-09-29,Mission District,Apple Pay,4.93
PAS004188,Barbara Cole,barbara.cole@hotmail.com,+1-925-421-4568,2025-12-18,Downtown SF,PayPal,4.43
PAS004189,Janet Campbell,janet.c@gmail.com,+1-408-460-1672,2025-12-28,Oakland,Debit Card,4.15
PAS004190,Dylan Grimes,dylan.grimes@gmail.com,+1-209-613-9254,2026-03-22,Pacific Heights,Cash,4.73
PAS004191,Alan Leblanc,alan60@hotmail.com,+1-925-359-3666,2026-02-04,Castro,Apple Pay,4.57
PAS004192,Melissa Pruitt,mpruitt@icloud.com,+1-707-678-6497,2025-11-16,Castro,Credit Card,4.85
PAS004193,Marie Deleon,marie47@yahoo.com,+1-650-706-9088,2025-12-06,Castro,PayPal,3.71
PAS004194,Jennifer Price,jenniferprice@yahoo.com,+1-707-333-7681,2024-07-01,Palo Alto,Apple Pay,4.28
PAS004195,Nathan Abbott,nathan88@yahoo.com,+1-650-981-3835,2026-04-18,Mission District,Credit Card,4.94
PAS004196,Adam Gilmore,adam.g@hotmail.com,+1-650-395-9342,2026-01-25,San Jose,Cash,4.91
PAS004197,Anthony Alvarado,anthony.a@outlook.com,+1-510-905-5714,2025-09-12,SOMA,PayPal,4.72
PAS004198,Angela Harris,angelaharris@aol.com,+1-707-667-9171,2025-09-11,North Beach,Credit Card,4.91
PAS004199,Danielle Richards,daniellerichards@hotmail.com,+1-415-496-5020,2025-10-11,Chinatown,Credit Card,4.18
PAS004200,Jerry Delgado,jerrydelgado@yahoo.com,+1-510-702-6536,2025-07-21,Oakland,Cash,4.05
PAS004201,Rachel Cunningham,rcunningham@yahoo.com,+1-925-694-8666,2025-07-22,Oakland,Debit Card,4.12
PAS004202,Douglas Johnston,djohnston@hotmail.com,+1-707-721-3340,2026-01-25,North Beach,Debit Card,4.81
PAS004203,Douglas Chase,dchase@icloud.com,+1-510-553-9017,2026-04-02,Marina,Debit Card,4.23
PAS004204,Gabriel Young,gabrielyoung@aol.com,+1-209-971-9359,2026-04-02,Mountain View,Cash,4.58
PAS004205,Samuel Browning,samuel23@aol.com,+1-925-852-3078,2026-04-22,Financial District,Apple Pay,2.7
PAS004206,Gerald Hart,gerald.h@outlook.com,+1-831-317-1345,2025-11-09,North Beach,PayPal,4.44
PAS004207,Benjamin Clark,bclark@gmail.com,+1-510-933-6687,2026-02-19,San Jose,Apple Pay,4.51
PAS004208,Alexander Vazquez,alexander.vazquez@outlook.com,+1-925-809-9929,2025-05-13,Mission District,PayPal,4.14
PAS004209,Grace Ayers,grace.a@outlook.com,+1-510-288-7098,2026-04-16,Chinatown,PayPal,4.72
PAS004210,Sara Meadows,sara.meadows@outlook.com,+1-510-951-9237,2025-11-11,North Beach,Credit Card,2.56
PAS004211,Steven Haley,steven.haley@gmail.com,+1-650-624-9306,2026-03-05,Marina,Credit Card,4.71
PAS004212,Logan Griffin,lgriffin@yahoo.com,+1-925-390-1987,2026-04-21,Haight-Ashbury,Credit Card,4.68
PAS004213,Richard Randall,richard.randall@gmail.com,+1-831-839-8888,2026-02-21,Haight-Ashbury,Debit Card,4.72
PAS004214,Billy Hernandez,billy53@yahoo.com,+1-707-982-3493,2025-06-28,Palo Alto,PayPal,2.99
PAS004215,Julie Dodson,julie.dodson@icloud.com,+1-925-927-8331,2026-03-17,Mission District,Credit Card,4.66
PAS004216,Dylan Johnson,dylanjohnson@aol.com,+1-408-377-9136,2026-04-07,Berkeley,PayPal,4.63
PAS004217,Anthony Wright,awright@yahoo.com,+1-650-548-8400,2026-03-14,Castro,Debit Card,4.91
PAS004218,Danielle Kennedy,daniellekennedy@yahoo.com,+1-415-407-5903,2026-02-25,Chinatown,Credit Card,4.23
PAS004219,Billy Kerr,billy.kerr@hotmail.com,+1-831-929-5116,2026-03-23,San Jose,Apple Pay,3.53
PAS004220,Timothy Bennett,timothybennett@gmail.com,+1-415-861-5584,2025-12-24,Palo Alto,Apple Pay,4.56
PAS004221,Diane Riley,diane.riley@icloud.com,+1-831-980-8452,2026-04-22,Palo Alto,Debit Card,4.72
PAS004222,Robert Morton,robert.m@icloud.com,+1-209-747-4428,2026-01-05,Castro,Apple Pay,4.45
PAS004223,Jennifer Figueroa,jennifer48@hotmail.com,+1-408-311-9965,2026-02-06,Mission District,Debit Card,3.93
PAS004224,Jeffrey Jimenez,jeffrey29@hotmail.com,+1-209-203-9185,2025-11-30,Marina,Credit Card,4.67
PAS004225,Angela Butler,angela40@aol.com,+1-415-550-5559,2025-10-20,Berkeley,Credit Card,3.25
PAS004226,Mary Dorsey,mary62@outlook.com,+1-510-865-7301,2026-04-02,Berkeley,Credit Card,4.72
PAS004227,Kimberly Morin,kimberly85@yahoo.com,+1-831-761-2812,2026-04-10,Marina,Credit Card,4.64
PAS004228,Daniel Roy,danielroy@icloud.com,+1-925-766-1136,2026-04-24,San Jose,Debit Card,4.45
PAS004229,Megan Marshall,mmarshall@icloud.com,+1-925-946-6680,2026-02-13,Oakland,Cash,4.95
PAS004230,Terry Padilla,terry.p@hotmail.com,+1-415-381-3165,2025-11-03,SOMA,Credit Card,3.54
PAS004231,Joan Preston,joan.preston@yahoo.com,+1-510-767-1890,2025-08-09,Haight-Ashbury,Credit Card,4.45
PAS004232,Ashley Kemp,ashleykemp@hotmail.com,+1-650-659-4144,2025-01-28,San Jose,Credit Card,4.5
PAS004233,Russell Houston,russell42@hotmail.com,+1-510-929-1626,2026-04-20,Haight-Ashbury,Cash,4.88
PAS004234,Nathan Glass,nathanglass@gmail.com,+1-415-976-4150,2026-02-05,Downtown SF,Apple Pay,4.32
PAS004235,Henry Lane,henry45@yahoo.com,+1-209-305-1317,2026-04-24,Oakland,Debit Card,4.76
PAS004236,Lori Carrillo,loricarrillo@hotmail.com,+1-209-944-6666,2026-04-07,Pacific Heights,Debit Card,4.36
PAS004237,Melissa Rios,melissarios@hotmail.com,+1-408-904-5228,2025-11-04,Financial District,Credit Card,4.91
PAS004238,Kyle Ellis,kyle.e@outlook.com,+1-408-369-3642,2026-04-04,Mountain View,Cash,4.88
PAS004239,Christine Contreras,christine.contreras@yahoo.com,+1-650-658-8306,2025-10-06,Pacific Heights,PayPal,3.39
PAS004240,Albert Shaffer,albert.s@gmail.com,+1-408-435-9484,2026-03-10,Pacific Heights,Credit Card,4.49
PAS004241,Hannah Jordan,hjordan@gmail.com,+1-707-740-9095,2026-03-06,Mountain View,Cash,4.14
PAS004242,Alexis Serrano,alexisserrano@yahoo.com,+1-650-284-3624,2025-11-01,Berkeley,Cash,4.6
PAS004243,Barbara Torres,barbara.torres@aol.com,+1-650-419-5607,2026-02-03,SOMA,PayPal,4.26
PAS004244,Richard Payne,richard.p@outlook.com,+1-408-766-5943,2026-02-14,Castro,PayPal,4.75
PAS004245,Howard Andrews,howard.andrews@gmail.com,+1-650-299-6142,2026-04-14,Oakland,Debit Card,4.5
PAS004246,Russell Wyatt,russell.w@yahoo.com,+1-831-586-7807,2026-04-09,Financial District,PayPal,4.23
PAS004247,Brenda Gamble,bgamble@hotmail.com,+1-831-948-5983,2026-04-23,Financial District,Credit Card,4.39
PAS004248,Christopher Chan,cchan@icloud.com,+1-707-910-2871,2025-09-08,Palo Alto,Debit Card,4.59
PAS004249,Jeffrey Acevedo,jeffrey49@hotmail.com,+1-707-453-3647,2025-07-16,Financial District,Cash,4.28
PAS004250,Heather Mcclure,heathermcclure@outlook.com,+1-707-795-6105,2025-10-26,Palo Alto,Credit Card,4.64
PAS004251,Michelle Barr,michelle.barr@icloud.com,+1-831-311-7513,2025-08-28,Haight-Ashbury,Credit Card,4.08
PAS004252,Aaron Estrada,aaron41@yahoo.com,+1-415-817-2338,2026-02-28,Mission District,Credit Card,4.88
PAS004253,Gregory Mccarthy,gmccarthy@icloud.com,+1-650-502-8608,2025-09-26,North Beach,Apple Pay,4.78
PAS004254,Mary Chase,mary96@aol.com,+1-510-272-5270,2026-03-05,Mountain View,Credit Card,4.9
PAS004255,William Savage,william57@outlook.com,+1-831-561-2566,2026-03-20,SOMA,Credit Card,4.73
PAS004256,Adam Hobbs,adam97@icloud.com,+1-415-669-6840,2026-03-19,San Jose,Apple Pay,4.46
PAS004257,Laura Atkins,lauraatkins@icloud.com,+1-408-466-6991,2026-03-18,Haight-Ashbury,Debit Card,4.63
PAS004258,Kevin Mcconnell,kevinmcconnell@hotmail.com,+1-707-632-6418,2026-02-12,Mission District,Cash,4.21
PAS004259,Christine House,christinehouse@aol.com,+1-408-253-5904,2026-04-29,North Beach,PayPal,4.77
PAS004260,Aaron Flores,aaron.f@outlook.com,+1-209-618-6964,2026-04-17,Oakland,Credit Card,4.28
PAS004261,Emma Mueller,emmamueller@hotmail.com,+1-408-435-5891,2025-12-04,Pacific Heights,Cash,4.73
PAS004262,Matthew Abbott,mabbott@icloud.com,+1-831-795-4353,2026-04-19,Chinatown,Credit Card,4.44
PAS004263,Jesse Crawford,jessecrawford@icloud.com,+1-510-493-4665,2026-03-04,Mountain View,Credit Card,3.8
PAS004264,Cheryl Delgado,cheryldelgado@icloud.com,+1-415-731-4681,2026-04-15,Mission District,Apple Pay,4.92
PAS004265,Johnny James,jjames@aol.com,+1-831-658-5324,2026-01-23,Mountain View,Cash,4.86
PAS004266,Shirley Hutchinson,shutchinson@icloud.com,+1-209-404-3148,2025-10-17,Downtown SF,Credit Card,4.88
PAS004267,Judith Gutierrez,judith.gutierrez@gmail.com,+1-831-831-5149,2025-10-27,Pacific Heights,PayPal,3.28
PAS004268,Sandra Collier,sandracollier@outlook.com,+1-209-885-2345,2026-02-19,Chinatown,Cash,4.85
PAS004269,Kimberly Golden,kimberly.golden@aol.com,+1-510-551-4740,2025-12-05,Berkeley,Credit Card,4.04
PAS004270,Lawrence Bean,lbean@hotmail.com,+1-415-559-5454,2026-03-01,Mission District,Apple Pay,4.9
PAS004271,Theresa Morgan,theresa.m@icloud.com,+1-925-935-9752,2026-01-23,Oakland,Debit Card,4.03
PAS004272,Samantha Tanner,samantha.tanner@outlook.com,+1-925-372-7397,2025-12-09,Mission District,Credit Card,4.8
PAS004273,Helen Ford,hford@hotmail.com,+1-415-503-6863,2026-04-05,Mission District,PayPal,4.62
PAS004274,Kevin Wagner,kevin77@icloud.com,+1-408-865-8539,2026-04-10,Downtown SF,Debit Card,4.59
PAS004275,Grace Reynolds,gracereynolds@hotmail.com,+1-209-899-5523,2026-03-30,Marina,Credit Card,4.45
PAS004276,Daniel Bean,daniel.bean@gmail.com,+1-415-518-3939,2026-03-28,Pacific Heights,Debit Card,3.98
PAS004277,Aaron Flores,aaronflores@icloud.com,+1-707-465-8496,2026-04-29,Mountain View,Apple Pay,4.24
PAS004278,Amanda Mcclain,amanda.mcclain@aol.com,+1-707-253-9388,2026-04-03,Mission District,Debit Card,4.41
PAS004279,John Sheppard,jsheppard@outlook.com,+1-415-474-3118,2026-04-15,Berkeley,PayPal,4.14
PAS004280,Dylan Gates,dgates@icloud.com,+1-415-418-6278,2025-12-19,Pacific Heights,Credit Card,4.57
PAS004281,Lori Roberts,lori59@yahoo.com,+1-650-427-6896,2026-02-07,Financial District,Credit Card,4.5
PAS004282,Keith Nunez,keith.n@outlook.com,+1-831-837-2289,2025-08-24,Chinatown,Debit Card,4.71
PAS004283,Kimberly Beasley,kimberly.b@aol.com,+1-925-277-3879,2025-12-28,Mission District,Apple Pay,4.57
PAS004284,Joshua Lynch,joshua.l@outlook.com,+1-415-558-4346,2025-09-06,San Jose,Debit Card,3.68
PAS004285,Jacqueline Rivera,jacquelinerivera@outlook.com,+1-650-431-6473,2025-10-13,SOMA,Debit Card,3.26
PAS004286,Tyler Sherman,tsherman@gmail.com,+1-510-451-9491,2026-02-13,San Jose,Credit Card,4.87
PAS004287,Harold Gallegos,harold17@outlook.com,+1-510-642-3649,2026-03-01,Palo Alto,Credit Card,4.52
PAS004288,Joe Trujillo,jtrujillo@aol.com,+1-707-509-9253,2026-04-07,North Beach,Debit Card,4.93
PAS004289,Barbara Parker,bparker@hotmail.com,+1-831-320-5373,2026-03-24,Haight-Ashbury,Debit Card,4.61
PAS004290,Lawrence Oneill,lawrence.o@yahoo.com,+1-707-614-1723,2024-09-06,Mission District,Apple Pay,4.73
PAS004291,Christina Meyers,christina74@icloud.com,+1-831-665-8200,2024-11-26,Chinatown,Debit Card,4.73
PAS004292,Bryan Singleton,bryansingleton@hotmail.com,+1-209-984-6506,2026-01-27,San Jose,Credit Card,4.89
PAS004293,Sharon Barry,sharon.barry@yahoo.com,+1-831-277-4416,2026-04-06,SOMA,Apple Pay,3.81
PAS004294,Dennis Harris,dennis.h@aol.com,+1-831-314-7080,2026-03-18,Berkeley,Credit Card,4.61
PAS004295,Nathan Odom,nathanodom@aol.com,+1-408-602-9766,2026-02-05,Marina,Credit Card,3.49
PAS004296,Evelyn Pace,evelynpace@outlook.com,+1-510-678-2192,2026-02-13,Chinatown,Credit Card,4.74
PAS004297,Douglas Bowers,douglas.b@gmail.com,+1-209-491-7606,2026-03-18,San Jose,Debit Card,4.53
PAS004298,Sandra Tucker,sandra15@outlook.com,+1-707-509-6350,2026-04-25,Haight-Ashbury,Credit Card,4.12
PAS004299,Samantha Kemp,samanthakemp@aol.com,+1-831-967-4436,2026-03-17,Haight-Ashbury,Apple Pay,2.99
PAS004300,Deborah Morse,deborah.morse@yahoo.com,+1-650-875-3302,2026-03-08,Mountain View,PayPal,4.39
PAS004301,Amanda Andrews,amanda17@yahoo.com,+1-510-258-4783,2026-03-10,North Beach,Apple Pay,4.63
PAS004302,Jordan Frost,jordanfrost@gmail.com,+1-925-858-9800,2026-02-07,North Beach,Debit Card,4.06
PAS004303,Arthur Perkins,arthur.perkins@gmail.com,+1-650-437-4291,2025-09-22,Castro,PayPal,4.77
PAS004304,Cynthia Hutchinson,cynthia.h@aol.com,+1-408-957-9098,2026-04-03,Oakland,Credit Card,4.82
PAS004305,Ethan Summers,ethan.summers@gmail.com,+1-650-814-3127,2026-04-13,Financial District,Debit Card,4.34
PAS004306,Wayne Hebert,wayne.h@yahoo.com,+1-415-269-4839,2026-04-07,Marina,Credit Card,4.22
PAS004307,Joan Thomas,joan46@outlook.com,+1-925-930-1115,2025-10-18,Oakland,Apple Pay,4.9
PAS004308,Julia Bowers,jbowers@aol.com,+1-925-816-2282,2026-04-08,Mountain View,Debit Card,4.86
PAS004309,Charles Guerrero,charlesguerrero@icloud.com,+1-650-401-7741,2026-03-26,Financial District,Credit Card,4.72
PAS004310,Adam Abbott,adamabbott@icloud.com,+1-650-991-8088,2026-04-22,Chinatown,Debit Card,4.49
PAS004311,Laura Alvarez,laura.a@gmail.com,+1-415-931-4573,2025-02-16,Marina,Credit Card,4.73
PAS004312,Grace Peters,gpeters@aol.com,+1-209-965-4255,2025-11-22,Berkeley,Credit Card,4.31
PAS004313,Julie Kelly,julie.kelly@hotmail.com,+1-209-889-7783,2026-03-24,Mission District,Credit Card,4.28
PAS004314,Marilyn Parsons,mparsons@gmail.com,+1-707-748-2764,2026-04-30,Chinatown,Credit Card,4.41
PAS004315,Mark Strickland,mark.strickland@outlook.com,+1-925-877-3476,2026-01-24,San Jose,Apple Pay,4.83
PAS004316,Dylan Soto,dylansoto@gmail.com,+1-209-961-9267,2025-09-23,Financial District,Credit Card,4.64
PAS004317,Eugene Allison,eugene.a@icloud.com,+1-408-859-3411,2025-06-01,Downtown SF,Credit Card,3.61
PAS004318,Thomas Adams,thomas.a@icloud.com,+1-510-207-8877,2026-02-26,SOMA,Apple Pay,4.36
PAS004319,Ryan Guzman,rguzman@hotmail.com,+1-209-731-4883,2026-02-09,San Jose,Credit Card,3.92
PAS004320,William Patel,william89@hotmail.com,+1-510-206-9338,2025-08-29,Chinatown,Credit Card,4.55
PAS004321,Timothy Drake,timothy44@yahoo.com,+1-707-454-8958,2025-06-04,Pacific Heights,Apple Pay,4.51
PAS004322,Emily Fitzgerald,emily86@gmail.com,+1-209-713-6432,2026-03-16,Chinatown,PayPal,4.26
PAS004323,Shirley Henson,shirley.henson@yahoo.com,+1-408-797-3139,2026-01-05,Chinatown,Credit Card,4.98
PAS004324,Lori Gamble,lori.gamble@gmail.com,+1-510-583-8195,2026-04-19,Mountain View,PayPal,4.91
PAS004325,Sarah Buck,sarah.buck@hotmail.com,+1-408-956-8284,2026-02-17,San Jose,Credit Card,4.44
PAS004326,Theresa Mills,theresa40@gmail.com,+1-415-885-3499,2026-02-20,Palo Alto,Apple Pay,4.69
PAS004327,Nicole Chen,nicole.chen@hotmail.com,+1-831-408-2743,2025-11-02,Downtown SF,Apple Pay,4.51
PAS004328,Dennis Shaw,dennis.s@hotmail.com,+1-925-267-9981,2025-11-06,North Beach,PayPal,4.82
PAS004329,Megan Woodard,megan.w@icloud.com,+1-831-289-8684,2025-12-13,Mountain View,Debit Card,4.4
PAS004330,Kelly Tillman,ktillman@aol.com,+1-650-776-7832,2026-04-24,SOMA,Credit Card,4.89
PAS004331,Emily Thompson,emilythompson@icloud.com,+1-209-575-9946,2026-04-02,Oakland,PayPal,4.77
PAS004332,Daniel Morris,daniel21@gmail.com,+1-415-939-1476,2026-04-21,Chinatown,Credit Card,4.72
PAS004333,Russell Crawford,russell.c@aol.com,+1-650-416-1775,2025-10-18,Haight-Ashbury,Credit Card,4.41
PAS004334,Raymond Jenkins,rjenkins@outlook.com,+1-650-532-2947,2026-02-26,Castro,Credit Card,4.45
PAS004335,Joshua Nixon,joshua.nixon@gmail.com,+1-925-823-7824,2025-12-09,Downtown SF,Credit Card,4.36
PAS004336,Janet Gill,janet.g@gmail.com,+1-707-244-9290,2025-12-30,Pacific Heights,PayPal,4.85
PAS004337,Logan Morrison,logan85@aol.com,+1-510-686-1235,2026-02-25,Mountain View,PayPal,4.97
PAS004338,Eric Ellis,eric16@outlook.com,+1-408-222-9580,2025-08-15,Palo Alto,Credit Card,3.71
PAS004339,Nathan Middleton,nmiddleton@hotmail.com,+1-650-595-4675,2026-04-30,SOMA,Credit Card,3.88
PAS004340,Kevin Lara,kevin42@gmail.com,+1-408-436-4146,2026-03-26,Castro,Credit Card,4.63
PAS004341,Julia Morton,juliamorton@aol.com,+1-510-261-4535,2025-11-05,North Beach,Credit Card,4.14
PAS004342,Angela Booker,angela.booker@yahoo.com,+1-408-419-6204,2026-02-14,Chinatown,Debit Card,4.47
PAS004343,Emily Santos,emily.santos@outlook.com,+1-650-679-6082,2026-04-25,Oakland,Credit Card,4.4
PAS004344,Nancy Nicholson,nancy.nicholson@icloud.com,+1-408-371-9315,2025-03-18,Haight-Ashbury,Credit Card,4.57
PAS004345,Elizabeth Gibbs,egibbs@gmail.com,+1-925-430-6598,2026-01-03,Palo Alto,Apple Pay,4.05
PAS004346,Brenda Richards,brenda.r@gmail.com,+1-650-514-6668,2025-08-30,Oakland,Apple Pay,4.15
PAS004347,Benjamin Beard,bbeard@aol.com,+1-925-940-4811,2025-10-09,Marina,Credit Card,4.4
PAS004348,Cynthia Reyes,cynthia.reyes@yahoo.com,+1-415-882-6552,2026-01-21,Chinatown,Debit Card,4.6
PAS004349,Marie Bennett,marie.bennett@hotmail.com,+1-707-441-6622,2025-06-08,Downtown SF,Credit Card,4.08
PAS004350,Douglas Ellis,douglasellis@hotmail.com,+1-415-951-5521,2026-02-26,Financial District,Credit Card,4.14
PAS004351,Thomas Herman,thomas93@yahoo.com,+1-209-400-4902,2026-04-01,Marina,Credit Card,4.06
PAS004352,Sarah Meyer,sarahmeyer@aol.com,+1-831-958-6781,2026-01-06,Castro,Apple Pay,3.63
PAS004353,Julie Dodson,julie.dodson@yahoo.com,+1-650-209-9706,2026-02-04,Downtown SF,Debit Card,4.57
PAS004354,Virginia Dunn,virginia79@outlook.com,+1-650-660-7055,2026-03-25,Mission District,Cash,4.39
PAS004355,Jason Soto,jsoto@hotmail.com,+1-510-759-4094,2025-09-28,Oakland,Credit Card,4.67
PAS004356,Jack Maddox,jack22@outlook.com,+1-510-844-3740,2026-02-05,Downtown SF,Credit Card,4.75
PAS004357,Sandra Tyler,styler@icloud.com,+1-408-481-1298,2026-01-08,Downtown SF,Apple Pay,3.46
PAS004358,Evelyn Humphrey,ehumphrey@aol.com,+1-415-302-1510,2026-02-24,Chinatown,Cash,4.88
PAS004359,Emily Richards,erichards@yahoo.com,+1-925-821-8051,2025-03-22,Marina,Credit Card,4.87
PAS004360,Brian Jimenez,brian57@yahoo.com,+1-408-831-8605,2026-04-13,Palo Alto,Credit Card,4.13
PAS004361,Samuel Knight,sknight@hotmail.com,+1-650-759-7154,2024-09-06,Mission District,PayPal,4.8
PAS004362,Melissa Cline,melissa30@gmail.com,+1-415-233-3207,2026-03-28,Castro,Credit Card,4.6
PAS004363,Lawrence Peters,lawrence73@icloud.com,+1-510-745-4735,2026-03-28,Castro,Credit Card,4.5
PAS004364,Elizabeth Rollins,elizabethrollins@yahoo.com,+1-209-964-5380,2025-12-04,Downtown SF,Credit Card,4.86
PAS004365,Lori Chang,lchang@hotmail.com,+1-209-920-9467,2026-03-29,Berkeley,Apple Pay,4.79
PAS004366,Eric Fernandez,eric39@gmail.com,+1-415-924-3622,2026-03-22,San Jose,Cash,4.48
PAS004367,Christina Morton,christina.morton@aol.com,+1-925-799-3285,2025-09-12,Palo Alto,Credit Card,4.78
PAS004368,Harold Juarez,harold.juarez@outlook.com,+1-408-926-5561,2025-10-28,Mountain View,Apple Pay,3.94
PAS004369,Pamela Serrano,pamela.s@yahoo.com,+1-209-858-7816,2026-04-12,Financial District,Debit Card,4.11
PAS004370,Philip Santos,philipsantos@gmail.com,+1-707-577-2319,2025-11-30,Palo Alto,Debit Card,4.57
PAS004371,Janet Buchanan,janet.buchanan@hotmail.com,+1-707-933-4092,2026-04-20,Berkeley,Credit Card,4.0
PAS004372,Amy Ortega,amy11@yahoo.com,+1-925-838-5463,2026-04-21,Chinatown,PayPal,4.57
PAS004373,Mark Sawyer,mark.s@icloud.com,+1-650-907-7375,2026-02-12,Chinatown,Credit Card,4.91
PAS004374,Ethan Buchanan,ethanbuchanan@yahoo.com,+1-209-411-2825,2026-03-14,Pacific Heights,Credit Card,4.2
PAS004375,Rose Lopez,rose.l@gmail.com,+1-408-220-1829,2026-04-30,Chinatown,Cash,4.83
PAS004376,Margaret Davis,margaret.d@gmail.com,+1-510-318-5909,2025-12-15,Downtown SF,Debit Card,4.66
PAS004377,Hannah Bridges,hannah.b@outlook.com,+1-831-372-2177,2025-11-09,Palo Alto,Debit Card,4.9
PAS004378,Henry Perkins,henry.p@hotmail.com,+1-925-439-1972,2026-03-31,Castro,Debit Card,4.56
PAS004379,Jason Poole,jpoole@hotmail.com,+1-707-221-9434,2025-12-12,SOMA,PayPal,4.71
PAS004380,Ryan Weeks,ryan.w@aol.com,+1-510-603-2313,2026-03-29,Marina,Credit Card,4.38
PAS004381,Judith Melendez,judith.m@hotmail.com,+1-415-702-4698,2026-02-13,San Jose,Apple Pay,4.8
PAS004382,Andrew Tanner,andrew25@outlook.com,+1-408-557-6623,2026-04-07,Pacific Heights,Credit Card,4.01
PAS004383,Andrew Herring,aherring@icloud.com,+1-831-419-9896,2026-01-25,North Beach,Credit Card,4.61
PAS004384,Amanda Parker,amandaparker@yahoo.com,+1-408-982-3538,2026-01-27,San Jose,Cash,4.77
PAS004385,Steven Decker,steven17@icloud.com,+1-925-444-3303,2026-01-31,North Beach,Credit Card,4.33
PAS004386,Marie Buchanan,mariebuchanan@outlook.com,+1-707-551-6303,2026-04-10,Financial District,Debit Card,4.88
PAS004387,George Estrada,george.e@gmail.com,+1-650-441-5060,2025-07-10,Mission District,Credit Card,4.79
PAS004388,Linda Trujillo,linda.t@hotmail.com,+1-925-938-9787,2025-10-05,Berkeley,Apple Pay,3.65
PAS004389,Michael Lamb,michael.lamb@hotmail.com,+1-408-875-9457,2025-12-01,Chinatown,Apple Pay,3.08
PAS004390,Tiffany Meyer,tiffanymeyer@outlook.com,+1-925-792-1755,2026-03-23,Financial District,Apple Pay,4.57
PAS004391,Lawrence Mccarthy,lawrence94@outlook.com,+1-510-746-2081,2026-04-09,Berkeley,PayPal,4.63
PAS004392,Stephanie Chen,stephanie.chen@outlook.com,+1-650-273-5669,2025-08-14,Haight-Ashbury,Apple Pay,4.8
PAS004393,Matthew Watkins,matthew37@hotmail.com,+1-209-393-5050,2025-12-20,North Beach,Credit Card,4.56
PAS004394,Jessica Robertson,jessica51@hotmail.com,+1-831-395-5764,2025-10-23,Oakland,Apple Pay,4.54
PAS004395,Austin West,austin.west@aol.com,+1-707-674-8445,2026-01-23,Oakland,PayPal,4.55
PAS004396,Mark Livingston,mlivingston@hotmail.com,+1-650-347-4088,2025-11-27,Financial District,Apple Pay,3.7
PAS004397,Kelly Mosley,kellymosley@icloud.com,+1-707-919-2721,2025-12-19,Oakland,Debit Card,4.13
PAS004398,Eric Gonzales,eric.gonzales@icloud.com,+1-650-985-8336,2026-03-05,Pacific Heights,Credit Card,4.66
PAS004399,Samantha Lamb,samantha67@hotmail.com,+1-831-557-3460,2026-04-17,Castro,Apple Pay,3.7
PAS004400,Robert Stephenson,robertstephenson@yahoo.com,+1-209-906-4777,2026-03-06,Haight-Ashbury,Credit Card,4.98
PAS004401,Pamela Knight,pamelaknight@outlook.com,+1-510-385-2607,2026-02-06,Pacific Heights,Credit Card,4.69
PAS004402,Tyler Newton,tnewton@gmail.com,+1-415-822-6384,2025-10-07,Chinatown,Apple Pay,3.65
PAS004403,Timothy White,timothywhite@icloud.com,+1-831-422-3444,2026-04-25,Marina,PayPal,4.79
PAS004404,Thomas Evans,tevans@hotmail.com,+1-707-709-5609,2025-07-11,North Beach,Cash,4.51
PAS004405,Shirley French,shirleyfrench@outlook.com,+1-831-702-4733,2025-07-31,Castro,Debit Card,4.45
PAS004406,Andrew Russell,andrew.russell@icloud.com,+1-408-505-1756,2026-03-15,SOMA,Credit Card,4.29
PAS004407,Martha Haley,martha68@gmail.com,+1-408-983-4334,2026-03-01,Pacific Heights,PayPal,4.74
PAS004408,Billy Kramer,bkramer@icloud.com,+1-408-572-4587,2025-12-19,Financial District,Credit Card,4.86
PAS004409,Tiffany Underwood,tiffanyunderwood@gmail.com,+1-707-498-3450,2026-04-30,Berkeley,Cash,4.8
PAS004410,Henry Marshall,hmarshall@gmail.com,+1-650-619-8825,2026-01-01,Downtown SF,Credit Card,4.45
PAS004411,Daniel Lane,daniel.lane@icloud.com,+1-510-622-7347,2025-10-28,North Beach,Credit Card,4.76
PAS004412,Jeffrey Ryan,jeffrey.ryan@aol.com,+1-209-864-8337,2026-01-22,Castro,PayPal,3.99
PAS004413,Jesse Padilla,jesse18@hotmail.com,+1-209-690-3921,2026-03-31,Downtown SF,Debit Card,4.21
PAS004414,Howard Nunez,howardnunez@yahoo.com,+1-209-948-7345,2026-02-21,Financial District,Debit Card,4.89
PAS004415,Kyle Moon,kmoon@yahoo.com,+1-209-608-3463,2025-11-22,San Jose,PayPal,4.52
PAS004416,Anna Reid,areid@aol.com,+1-415-971-7568,2026-03-03,Marina,PayPal,4.29
PAS004417,Elizabeth Adams,elizabeth.a@icloud.com,+1-650-412-4541,2026-02-11,Oakland,Apple Pay,3.72
PAS004418,Cynthia Camacho,cynthia.camacho@outlook.com,+1-209-972-4351,2026-04-23,Oakland,Credit Card,4.62
PAS004419,Bruce Dickerson,brucedickerson@icloud.com,+1-650-276-2776,2026-04-24,Chinatown,Credit Card,4.22
PAS004420,Kyle Weeks,kweeks@yahoo.com,+1-831-858-9617,2025-06-22,North Beach,Credit Card,3.88
PAS004421,Nathan Richards,nathan.richards@gmail.com,+1-707-902-8573,2025-04-30,Marina,Credit Card,3.74
PAS004422,Scott Brock,scott.b@hotmail.com,+1-415-237-5819,2026-01-19,North Beach,Apple Pay,3.72
PAS004423,Amber Lindsey,amber.l@yahoo.com,+1-408-862-7531,2025-08-25,San Jose,PayPal,4.62
PAS004424,Albert Russell,arussell@yahoo.com,+1-415-757-8289,2024-12-29,Financial District,Credit Card,4.62
PAS004425,Kimberly Herman,kimberly.h@outlook.com,+1-408-862-7993,2025-03-18,Berkeley,Apple Pay,3.82
PAS004426,Philip Rojas,projas@yahoo.com,+1-831-594-4773,2025-04-04,Palo Alto,Credit Card,4.68
PAS004427,Virginia Aguilar,virginiaaguilar@outlook.com,+1-415-218-8419,2025-12-17,Castro,Debit Card,4.43
PAS004428,Jack Lopez,jack.lopez@aol.com,+1-925-316-4207,2026-02-25,Chinatown,Debit Card,4.97
PAS004429,Cynthia Roth,cynthia.roth@gmail.com,+1-510-670-6199,2026-02-13,Mountain View,Credit Card,4.68
PAS004430,Joshua Rivers,joshuarivers@gmail.com,+1-209-811-1196,2024-07-20,North Beach,Cash,3.97
PAS004431,Andrea Dickson,andrea.d@aol.com,+1-831-326-9462,2026-02-23,SOMA,Debit Card,4.51
PAS004432,Virginia Mosley,vmosley@outlook.com,+1-925-241-3803,2026-04-17,Chinatown,Cash,3.67
PAS004433,Logan Brown,logan.b@gmail.com,+1-650-374-3941,2026-04-03,Oakland,Cash,4.66
PAS004434,Nicole Copeland,ncopeland@gmail.com,+1-831-533-2515,2026-03-09,North Beach,Apple Pay,4.05
PAS004435,Ralph Clay,rclay@outlook.com,+1-831-387-7609,2026-03-26,Castro,Debit Card,4.57
PAS004436,Jacqueline Parker,jacquelineparker@icloud.com,+1-408-401-3876,2025-02-11,Marina,Debit Card,4.75
PAS004437,Juan Lara,juan.lara@icloud.com,+1-510-391-7477,2026-04-15,Mountain View,Credit Card,4.11
PAS004438,Denise Brooks,dbrooks@hotmail.com,+1-707-658-8281,2026-03-17,Mountain View,Cash,3.79
PAS004439,Emma Black,emmablack@hotmail.com,+1-925-256-8487,2026-04-08,Downtown SF,Apple Pay,3.98
PAS004440,Vincent Bowers,vbowers@yahoo.com,+1-415-970-3185,2025-03-17,Haight-Ashbury,PayPal,4.51
PAS004441,Jonathan Bruce,jonathan98@yahoo.com,+1-831-670-5115,2026-03-11,Mountain View,Credit Card,4.13
PAS004442,Ethan Jordan,ethan.j@gmail.com,+1-831-619-9857,2024-12-16,Downtown SF,Credit Card,4.47
PAS004443,Hannah Watkins,hannah.watkins@gmail.com,+1-510-658-8717,2024-12-02,North Beach,Credit Card,4.65
PAS004444,Aaron Bradford,aaron.bradford@gmail.com,+1-650-363-1224,2026-02-02,Downtown SF,Credit Card,4.12
PAS004445,Diana Flowers,dflowers@hotmail.com,+1-650-422-9382,2025-04-30,SOMA,Debit Card,4.84
PAS004446,Paul Hammond,paul53@yahoo.com,+1-650-230-6092,2025-07-22,Mission District,PayPal,4.17
PAS004447,Kevin Guerrero,kguerrero@yahoo.com,+1-510-351-1379,2026-02-15,SOMA,Cash,4.07
PAS004448,Patrick Paul,patrick.paul@icloud.com,+1-925-308-2306,2026-01-07,Mountain View,Apple Pay,4.83
PAS004449,Edward Solis,edward61@hotmail.com,+1-707-363-6395,2026-04-18,Berkeley,Debit Card,3.79
PAS004450,Benjamin Jenkins,bjenkins@hotmail.com,+1-831-933-4609,2025-12-31,Haight-Ashbury,Debit Card,4.21
PAS004451,Nicole Dotson,nicole.dotson@icloud.com,+1-650-617-3416,2025-12-29,Chinatown,Debit Card,4.71
PAS004452,Amber Decker,adecker@yahoo.com,+1-415-946-4139,2026-04-23,Berkeley,Credit Card,4.3
PAS004453,Betty Pratt,bettypratt@gmail.com,+1-831-303-5905,2025-11-20,Marina,Credit Card,4.69
PAS004454,Amanda Juarez,amanda74@icloud.com,+1-925-663-1640,2026-01-09,Financial District,Credit Card,4.72
PAS004455,Willie Dudley,wdudley@icloud.com,+1-510-765-3106,2026-04-09,Marina,Credit Card,4.66
PAS004456,Ethan Ramos,ethan17@hotmail.com,+1-415-706-2575,2026-03-19,Oakland,Credit Card,4.89
PAS004457,Anthony Carpenter,acarpenter@hotmail.com,+1-831-753-1884,2026-04-22,Mountain View,Debit Card,4.58
PAS004458,Jerry Sellers,jsellers@icloud.com,+1-707-751-1420,2025-09-01,Marina,Credit Card,4.91
PAS004459,Denise Sullivan,dsullivan@outlook.com,+1-415-544-4130,2026-04-07,Oakland,Credit Card,3.72
PAS004460,Sean Walter,sean.walter@aol.com,+1-707-417-5123,2026-04-17,SOMA,PayPal,3.99
PAS004461,Theresa Robles,theresa.robles@yahoo.com,+1-209-949-9087,2026-04-05,Marina,Credit Card,4.53
PAS004462,Cynthia Leon,cynthia.leon@hotmail.com,+1-510-462-4173,2026-04-20,SOMA,Debit Card,4.71
PAS004463,Abigail Hoover,abigail.h@hotmail.com,+1-925-326-1130,2026-02-21,Palo Alto,Debit Card,4.95
PAS004464,Shirley Marshall,shirleymarshall@gmail.com,+1-415-913-7336,2026-03-29,Castro,Credit Card,4.69
PAS004465,Marie Anthony,marieanthony@yahoo.com,+1-925-775-8960,2026-01-23,Chinatown,PayPal,4.12
PAS004466,Sarah Gay,sarah39@yahoo.com,+1-510-265-5664,2026-02-13,North Beach,Credit Card,4.77
PAS004467,Diana Mcbride,dmcbride@hotmail.com,+1-209-424-3768,2025-12-29,Berkeley,Credit Card,4.27
PAS004468,Samantha Ruiz,samantha90@gmail.com,+1-707-629-2146,2025-09-28,North Beach,Debit Card,4.96
PAS004469,Edward Price,edward32@yahoo.com,+1-650-318-8506,2026-01-04,Financial District,Credit Card,4.52
PAS004470,Michelle Quinn,mquinn@gmail.com,+1-209-480-1794,2026-03-16,Marina,PayPal,4.62
PAS004471,Katherine Peck,katherine.peck@gmail.com,+1-707-592-9531,2026-03-11,Pacific Heights,Debit Card,4.71
PAS004472,Ashley Hess,ahess@yahoo.com,+1-925-257-7406,2026-03-26,Financial District,Credit Card,4.71
PAS004473,Hannah Cortez,hannah.cortez@yahoo.com,+1-650-593-4177,2025-12-20,Berkeley,Debit Card,4.85
PAS004474,Tiffany Garcia,tiffany.garcia@hotmail.com,+1-415-764-3159,2026-04-03,SOMA,Credit Card,3.63
PAS004475,Amber Hurst,amber.hurst@icloud.com,+1-650-348-2237,2026-04-10,San Jose,Debit Card,4.12
PAS004476,Laura Hudson,laura.hudson@hotmail.com,+1-707-916-1680,2026-04-23,Marina,Credit Card,4.37
PAS004477,Diana Leon,diana.leon@outlook.com,+1-650-834-5894,2026-01-17,Marina,Credit Card,3.99
PAS004478,William Christian,william.c@outlook.com,+1-408-990-5495,2026-02-03,Castro,Credit Card,4.7
PAS004479,Ashley Woods,ashley83@gmail.com,+1-209-890-3390,2025-11-06,Chinatown,Debit Card,3.5
PAS004480,Deborah Bryan,deborah.b@outlook.com,+1-209-839-4965,2026-04-04,Mission District,Credit Card,4.77
PAS004481,Maria Nelson,marianelson@outlook.com,+1-831-400-5848,2026-02-01,Chinatown,Credit Card,4.97
PAS004482,Nathan Glenn,nglenn@aol.com,+1-510-336-9681,2025-11-20,Palo Alto,Debit Card,4.17
PAS004483,Joseph Grimes,joseph87@hotmail.com,+1-650-327-2727,2024-07-31,Downtown SF,Debit Card,4.34
PAS004484,Ralph Buck,ralphbuck@gmail.com,+1-831-312-6475,2026-04-01,Haight-Ashbury,Credit Card,4.56
PAS004485,Tyler Carey,tyler80@icloud.com,+1-209-972-2713,2025-08-09,Marina,Debit Card,4.71
PAS004486,Jonathan Kim,jonathankim@icloud.com,+1-650-847-9788,2025-12-02,Oakland,Credit Card,4.81
PAS004487,Teresa Peterson,teresa11@yahoo.com,+1-408-764-6316,2025-11-29,Oakland,Debit Card,4.52
PAS004488,George Blake,george.b@outlook.com,+1-707-905-6860,2026-04-22,Pacific Heights,Credit Card,4.46
PAS004489,Alexander Campbell,alexander74@hotmail.com,+1-925-753-9481,2026-03-06,Mountain View,Credit Card,4.74
PAS004490,Christine Berg,christine.berg@outlook.com,+1-415-513-4937,2025-09-27,Financial District,Credit Card,4.88
PAS004491,Austin Henson,austin.h@icloud.com,+1-925-836-9924,2025-12-15,Palo Alto,Credit Card,4.02
PAS004492,Nicole Nunez,nnunez@gmail.com,+1-650-597-1572,2026-04-27,Financial District,Credit Card,4.86
PAS004493,Gabriel Hodge,gabriel86@gmail.com,+1-707-895-3174,2025-11-14,Mission District,Debit Card,4.49
PAS004494,Arthur Leblanc,arthur.l@gmail.com,+1-650-200-9143,2026-04-27,North Beach,Credit Card,3.74
PAS004495,Jacqueline Arnold,jacqueline.a@icloud.com,+1-510-537-4765,2025-01-20,Downtown SF,Cash,4.7
PAS004496,Dorothy Best,dorothybest@yahoo.com,+1-831-676-8353,2026-03-05,Downtown SF,Credit Card,4.44
PAS004497,Raymond Wells,rwells@icloud.com,+1-650-561-4835,2026-03-18,Chinatown,Debit Card,4.04
PAS004498,Brandon Bell,bbell@icloud.com,+1-510-429-3350,2026-03-03,Castro,Credit Card,4.49
PAS004499,Jeffrey Hammond,jeffrey27@icloud.com,+1-925-989-1284,2026-04-13,Pacific Heights,Credit Card,4.64
PAS004500,Johnny Chavez,johnnychavez@outlook.com,+1-925-381-3246,2025-11-01,Mission District,Credit Card,4.51
PAS004501,Steven Huynh,steven.huynh@aol.com,+1-707-508-5449,2026-04-10,Pacific Heights,Credit Card,4.9
PAS004502,Diana Leon,diana.leon@yahoo.com,+1-925-974-7678,2025-08-22,Berkeley,Debit Card,4.91
PAS004503,Christopher Martin,christopher.martin@outlook.com,+1-510-203-9106,2026-03-08,Mission District,Credit Card,4.8
PAS004504,Amy Decker,amy.d@aol.com,+1-209-437-1242,2026-01-07,Financial District,Cash,3.56
PAS004505,Gabriel Morin,gabriel.morin@aol.com,+1-925-849-7451,2026-01-30,Downtown SF,Debit Card,4.04
PAS004506,Zachary Dunn,zacharydunn@gmail.com,+1-925-240-4986,2025-05-11,Oakland,Credit Card,4.71
PAS004507,Amanda Mccormick,amanda11@hotmail.com,+1-415-305-3592,2026-01-03,Mission District,Credit Card,4.64
PAS004508,Joan Bean,jbean@aol.com,+1-408-871-6085,2026-04-06,Marina,PayPal,4.82
PAS004509,Aaron Kelly,aaron45@hotmail.com,+1-415-286-3562,2025-09-04,Financial District,Debit Card,4.81
PAS004510,Robert Moody,robert.moody@yahoo.com,+1-831-749-7960,2025-07-18,Haight-Ashbury,Debit Card,4.57
PAS004511,Judith Wiley,jwiley@hotmail.com,+1-831-824-9218,2026-03-23,San Jose,Debit Card,4.41
PAS004512,Lori Knight,loriknight@yahoo.com,+1-650-235-5624,2026-03-23,Chinatown,Credit Card,4.61
PAS004513,Philip Foster,philip.f@hotmail.com,+1-408-287-1027,2026-03-20,Berkeley,Credit Card,4.9
PAS004514,Gerald Carey,gerald.carey@hotmail.com,+1-831-315-9440,2025-11-15,North Beach,Debit Card,4.23
PAS004515,Joseph Cantu,jcantu@aol.com,+1-408-836-3120,2026-03-24,Pacific Heights,Credit Card,4.87
PAS004516,Heather Trevino,heathertrevino@gmail.com,+1-925-906-7358,2025-06-18,Pacific Heights,Apple Pay,4.71
PAS004517,Kenneth Wilkins,kenneth.w@icloud.com,+1-650-443-3316,2026-01-01,San Jose,Credit Card,4.43
PAS004518,Shirley Fuentes,shirley.f@outlook.com,+1-831-841-5999,2026-04-05,Berkeley,Debit Card,4.46
PAS004519,Lori Hutchinson,lhutchinson@yahoo.com,+1-650-455-9062,2026-03-07,SOMA,PayPal,4.86
PAS004520,Angela Buckley,angela.b@yahoo.com,+1-510-452-4776,2026-01-17,SOMA,PayPal,4.58
PAS004521,Brandon Garcia,brandon.garcia@icloud.com,+1-831-901-5728,2025-10-04,Haight-Ashbury,Credit Card,4.46
PAS004522,Jennifer Hood,jennifer.h@yahoo.com,+1-209-458-7077,2026-04-11,Downtown SF,Credit Card,4.68
PAS004523,Janet Dyer,janet89@aol.com,+1-650-591-2367,2026-02-21,Mountain View,Credit Card,3.48
PAS004524,Kelly Dudley,kellydudley@hotmail.com,+1-408-843-9557,2025-10-13,Oakland,Credit Card,4.19
PAS004525,Bobby Howard,bobby29@icloud.com,+1-415-389-6243,2026-04-17,Palo Alto,PayPal,4.59
PAS004526,Tyler Boyd,tyler.b@outlook.com,+1-925-686-8140,2026-03-19,Downtown SF,Credit Card,4.68
PAS004527,Scott Brady,scott17@yahoo.com,+1-925-311-5728,2026-04-18,SOMA,PayPal,4.37
PAS004528,Marie Larsen,mlarsen@yahoo.com,+1-831-272-7473,2025-09-30,Downtown SF,Apple Pay,4.89
PAS004529,Angela Melton,angelamelton@gmail.com,+1-415-649-3624,2026-04-08,Pacific Heights,Apple Pay,3.72
PAS004530,Noah Hancock,noah.hancock@hotmail.com,+1-408-273-4568,2026-02-22,Financial District,PayPal,4.21
PAS004531,Randy Orr,randyorr@outlook.com,+1-925-689-7164,2026-04-12,Haight-Ashbury,Credit Card,4.84
PAS004532,Vincent Mays,vmays@outlook.com,+1-209-389-5999,2025-08-19,San Jose,Debit Card,4.79
PAS004533,Philip Meyer,philipmeyer@outlook.com,+1-925-908-2181,2025-12-12,SOMA,Credit Card,4.63
PAS004534,Janice Huynh,jhuynh@gmail.com,+1-650-972-9268,2026-01-29,SOMA,Credit Card,4.64
PAS004535,Kelly Gonzales,kelly30@aol.com,+1-209-659-5695,2026-02-27,Oakland,Credit Card,4.11
PAS004536,Martha Cox,martha84@aol.com,+1-415-616-2995,2025-08-01,SOMA,Cash,4.48
PAS004537,Judith Summers,judith.summers@aol.com,+1-415-501-1603,2024-12-05,Chinatown,Credit Card,4.78
PAS004538,Adam Carey,adamcarey@hotmail.com,+1-831-715-5360,2026-03-23,Chinatown,Credit Card,4.63
PAS004539,Christopher Allen,christopherallen@hotmail.com,+1-209-276-7343,2026-02-27,Castro,Apple Pay,4.37
PAS004540,Tyler Gay,tyler.g@aol.com,+1-831-524-2139,2025-12-25,Mountain View,PayPal,4.04
PAS004541,George Lewis,george53@gmail.com,+1-707-331-9230,2025-11-07,Downtown SF,Cash,3.88
PAS004542,Russell Preston,rpreston@hotmail.com,+1-209-984-8921,2026-03-10,Downtown SF,Cash,4.25
PAS004543,Sandra Petersen,spetersen@yahoo.com,+1-415-962-3473,2026-04-04,Oakland,Cash,4.12
PAS004544,Kathleen Hawkins,kathleenhawkins@outlook.com,+1-415-609-7081,2026-01-18,San Jose,Credit Card,4.81
PAS004545,Gary Spears,garyspears@outlook.com,+1-707-596-3254,2025-12-24,Mountain View,Credit Card,4.97
PAS004546,Stephanie Casey,stephaniecasey@hotmail.com,+1-510-366-1313,2025-09-21,Pacific Heights,PayPal,3.96
PAS004547,Patrick Everett,peverett@yahoo.com,+1-707-817-6961,2025-10-16,SOMA,Apple Pay,4.31
PAS004548,Justin Phillips,justin.phillips@gmail.com,+1-925-523-2436,2026-01-22,Berkeley,PayPal,4.87
PAS004549,Jennifer Mathews,jmathews@outlook.com,+1-415-582-9413,2025-11-30,Downtown SF,Cash,4.8
PAS004550,Dylan Huff,dylanhuff@aol.com,+1-925-416-9255,2026-04-13,Mission District,Credit Card,4.47
PAS004551,Gregory Leblanc,gregory.l@yahoo.com,+1-650-358-7138,2026-04-16,Palo Alto,PayPal,4.59
PAS004552,Hannah Reyes,hannah.reyes@gmail.com,+1-831-755-7397,2026-01-30,Haight-Ashbury,Debit Card,4.76
PAS004553,Alan Campbell,alan.c@icloud.com,+1-650-737-2535,2026-02-16,Pacific Heights,Debit Card,4.78
PAS004554,Amber Weiss,aweiss@hotmail.com,+1-831-872-2548,2026-04-12,Palo Alto,Credit Card,4.71
PAS004555,Eugene Decker,eugene.decker@hotmail.com,+1-925-891-4080,2026-01-29,Haight-Ashbury,Credit Card,4.27
PAS004556,Daniel Reed,danielreed@icloud.com,+1-408-427-7190,2026-02-12,Haight-Ashbury,PayPal,4.65
PAS004557,Emma Rollins,emma49@icloud.com,+1-408-489-8640,2026-01-09,Berkeley,Credit Card,4.86
PAS004558,Larry Rios,larryrios@hotmail.com,+1-650-640-8629,2025-10-22,Chinatown,Credit Card,3.38
PAS004559,Angela Stokes,astokes@outlook.com,+1-510-311-6391,2025-11-04,Mountain View,Credit Card,5.0
PAS004560,Rachel Mathews,rachel.mathews@outlook.com,+1-415-810-7273,2025-11-19,Pacific Heights,Credit Card,4.92
PAS004561,Lori Stewart,lstewart@icloud.com,+1-209-638-7840,2026-03-15,Downtown SF,Debit Card,4.66
PAS004562,Emma Richardson,emma.r@yahoo.com,+1-831-298-5657,2025-10-05,Berkeley,Credit Card,3.42
PAS004563,Bruce Mcdowell,bruce.mcdowell@outlook.com,+1-925-754-1466,2026-03-20,SOMA,Debit Card,4.91
PAS004564,Kyle Moon,kylemoon@outlook.com,+1-408-212-2832,2025-06-25,Palo Alto,PayPal,4.45
PAS004565,Jesse Ochoa,jesse.o@icloud.com,+1-925-604-7110,2026-02-02,San Jose,Debit Card,4.82
PAS004566,Michelle Gonzales,michelle70@hotmail.com,+1-831-521-9947,2026-01-18,Chinatown,PayPal,4.4
PAS004567,Jonathan Vazquez,jvazquez@icloud.com,+1-925-510-4708,2026-03-31,Berkeley,Credit Card,3.78
PAS004568,Carl Sanchez,csanchez@icloud.com,+1-925-308-5975,2025-12-18,Castro,Credit Card,4.46
PAS004569,Megan Woodward,megan55@aol.com,+1-209-401-2075,2025-07-02,Castro,PayPal,4.7
PAS004570,Gabriel Garrison,gabriel.g@icloud.com,+1-209-858-3146,2026-01-19,Chinatown,Credit Card,4.69
PAS004571,Charles Bridges,charles.bridges@yahoo.com,+1-415-328-4713,2025-05-16,Palo Alto,Credit Card,4.93
PAS004572,Dorothy Orr,dorothyorr@icloud.com,+1-510-603-5654,2024-12-03,San Jose,Apple Pay,4.41
PAS004573,Bryan Walter,bryan.w@outlook.com,+1-831-735-8599,2026-03-24,Oakland,Credit Card,4.63
PAS004574,Marie Bradford,marie.b@outlook.com,+1-925-711-2791,2025-12-25,Chinatown,Cash,4.67
PAS004575,Charles Decker,charlesdecker@hotmail.com,+1-415-794-8082,2026-02-27,Mission District,Cash,4.83
PAS004576,Gabriel Pennington,gabriel.p@outlook.com,+1-707-316-2426,2025-11-22,San Jose,PayPal,4.65
PAS004577,Walter Huff,walterhuff@hotmail.com,+1-925-259-7757,2026-03-28,Downtown SF,Apple Pay,4.41
PAS004578,Michelle Wallace,michelle.w@gmail.com,+1-831-386-8099,2026-04-04,Financial District,Apple Pay,4.85
PAS004579,Henry Hebert,hhebert@yahoo.com,+1-209-716-4914,2026-04-14,Marina,Debit Card,4.85
PAS004580,Brian Schmidt,brianschmidt@outlook.com,+1-408-266-7767,2026-04-05,San Jose,PayPal,3.85
PAS004581,Terry Warren,terrywarren@outlook.com,+1-510-972-3069,2026-02-21,Mountain View,Credit Card,4.62
PAS004582,Barbara Mitchell,bmitchell@icloud.com,+1-209-361-7915,2026-03-26,North Beach,Apple Pay,4.4
PAS004583,Donald Monroe,donald.m@gmail.com,+1-925-941-8678,2025-10-27,San Jose,Debit Card,4.68
PAS004584,Patricia Kim,patricia.k@icloud.com,+1-408-891-5186,2025-10-27,Oakland,Debit Card,4.44
PAS004585,Carolyn Buchanan,cbuchanan@hotmail.com,+1-831-227-8986,2025-10-17,Oakland,Credit Card,4.78
PAS004586,Margaret Conley,margaret.conley@outlook.com,+1-831-555-3717,2026-03-27,Chinatown,Credit Card,4.66
PAS004587,Frank Bradley,frank.bradley@hotmail.com,+1-707-583-8691,2025-12-21,Berkeley,Credit Card,4.74
PAS004588,Abigail Sloan,abigail.s@hotmail.com,+1-650-353-3482,2026-03-04,Palo Alto,Cash,4.16
PAS004589,Steven Parker,sparker@hotmail.com,+1-209-862-8401,2025-05-18,Pacific Heights,Cash,4.94
PAS004590,Logan Reynolds,logan48@yahoo.com,+1-415-284-9316,2026-01-06,Oakland,Credit Card,4.73
PAS004591,James Andrews,jamesandrews@gmail.com,+1-831-951-8654,2025-04-16,Palo Alto,Credit Card,4.63
PAS004592,Brian Bailey,brian.bailey@hotmail.com,+1-831-627-9600,2026-04-18,North Beach,Credit Card,4.39
PAS004593,Logan Walker,logan.w@gmail.com,+1-209-825-7353,2025-09-02,SOMA,Credit Card,4.58
PAS004594,Ashley James,ajames@gmail.com,+1-650-440-1667,2026-04-26,Pacific Heights,Credit Card,4.64
PAS004595,Heather Allison,heatherallison@outlook.com,+1-707-818-9837,2026-01-23,Downtown SF,Credit Card,4.47
PAS004596,Angela Fuentes,afuentes@aol.com,+1-831-566-9942,2026-02-20,Palo Alto,Credit Card,4.5
PAS004597,Alexis Coleman,acoleman@outlook.com,+1-650-371-3508,2026-01-19,Palo Alto,Credit Card,3.88
PAS004598,Elizabeth Bauer,elizabeth.bauer@aol.com,+1-415-342-2646,2025-08-29,Marina,Debit Card,4.15
PAS004599,Jennifer Vazquez,jennifer.v@outlook.com,+1-408-816-5263,2026-04-19,North Beach,Debit Card,3.75
PAS004600,Austin Arnold,austin.a@icloud.com,+1-510-911-5359,2026-03-19,Haight-Ashbury,Credit Card,4.81
PAS004601,Mary Livingston,mary28@aol.com,+1-209-509-1253,2026-02-15,Berkeley,Apple Pay,4.91
PAS004602,Megan Harding,megan98@yahoo.com,+1-925-519-5671,2026-04-19,San Jose,Cash,4.68
PAS004603,Mark Barrera,mark69@outlook.com,+1-831-594-2463,2026-04-09,Palo Alto,Credit Card,4.12
PAS004604,Denise Wiggins,denise.wiggins@yahoo.com,+1-650-441-3958,2026-01-19,Financial District,Credit Card,4.58
PAS004605,Virginia Hernandez,virginia.h@outlook.com,+1-831-284-1653,2026-04-03,San Jose,PayPal,4.86
PAS004606,Deborah Owens,dowens@hotmail.com,+1-415-769-8529,2026-03-26,SOMA,Cash,4.5
PAS004607,Dennis Barrera,dennis.barrera@aol.com,+1-707-874-2240,2026-04-07,Berkeley,Debit Card,4.44
PAS004608,Sandra Shepard,sandra.s@icloud.com,+1-408-895-2012,2026-04-15,Financial District,Credit Card,4.16
PAS004609,Robert Saunders,robert.s@gmail.com,+1-831-881-8702,2026-03-31,Palo Alto,Apple Pay,4.18
PAS004610,Melissa Berg,melissa.b@yahoo.com,+1-415-477-3115,2025-12-19,San Jose,Apple Pay,3.59
PAS004611,William Alvarez,william81@icloud.com,+1-415-990-6731,2026-04-19,SOMA,Apple Pay,4.56
PAS004612,Jeremy George,jeremy.george@icloud.com,+1-209-603-6752,2026-01-01,Palo Alto,Debit Card,4.21
PAS004613,Joyce Marks,joycemarks@hotmail.com,+1-510-360-9366,2025-11-15,Haight-Ashbury,PayPal,4.02
PAS004614,Christine Clark,christineclark@icloud.com,+1-925-327-1894,2026-04-20,Mission District,Credit Card,4.77
PAS004615,Kathryn Harding,kathryn.h@icloud.com,+1-650-363-3970,2024-09-29,Pacific Heights,PayPal,4.73
PAS004616,Madison Schmidt,madison98@hotmail.com,+1-925-228-7553,2026-02-09,Haight-Ashbury,Credit Card,4.51
PAS004617,Nancy Wilkerson,nancywilkerson@aol.com,+1-650-337-1863,2026-02-26,Mountain View,Credit Card,4.06
PAS004618,Beverly Serrano,beverly59@icloud.com,+1-831-267-4082,2026-04-13,Berkeley,Credit Card,4.3
PAS004619,Grace Robertson,grace54@aol.com,+1-510-501-4594,2026-01-25,SOMA,Credit Card,4.42
PAS004620,Karen Graham,karengraham@hotmail.com,+1-707-586-1993,2025-12-11,San Jose,Credit Card,4.31
PAS004621,Raymond Watson,raymondwatson@gmail.com,+1-415-765-7781,2026-03-14,Mission District,Apple Pay,4.67
PAS004622,Evelyn Randolph,evelyn.r@outlook.com,+1-510-404-6572,2026-01-18,Marina,Credit Card,4.86
PAS004623,Terry Drake,terrydrake@yahoo.com,+1-925-358-1974,2026-03-15,Mountain View,Debit Card,4.45
PAS004624,Roy Hood,roy.hood@aol.com,+1-408-641-6960,2026-04-02,Financial District,Credit Card,4.59
PAS004625,Howard Randall,howardrandall@hotmail.com,+1-209-226-9069,2026-04-08,Berkeley,Credit Card,4.31
PAS004626,Melissa Miranda,melissa.m@yahoo.com,+1-415-916-5289,2026-01-30,Berkeley,Debit Card,4.08
PAS004627,Douglas Woodward,douglas.w@gmail.com,+1-510-945-8168,2026-01-26,SOMA,Credit Card,4.45
PAS004628,Nancy Buchanan,nbuchanan@gmail.com,+1-650-919-8063,2025-12-10,Berkeley,Credit Card,4.3
PAS004629,Christopher Bradford,christopher.bradford@outlook.com,+1-209-385-9151,2026-04-14,Downtown SF,Credit Card,4.23
PAS004630,Joshua Freeman,joshua.freeman@gmail.com,+1-650-627-3654,2026-03-01,Mission District,Debit Card,4.77
PAS004631,Robert Noble,robert.noble@icloud.com,+1-408-391-1306,2026-01-25,San Jose,Credit Card,4.25
PAS004632,Dylan Price,dylanprice@aol.com,+1-510-791-4895,2026-02-15,Chinatown,Credit Card,4.7
PAS004633,Angela Peterson,angelapeterson@gmail.com,+1-510-923-9456,2026-04-05,Financial District,Debit Card,4.27
PAS004634,Kevin Estrada,kestrada@yahoo.com,+1-510-435-8580,2026-01-26,SOMA,Credit Card,3.88
PAS004635,Judy Walls,jwalls@yahoo.com,+1-209-672-2193,2026-04-19,Marina,Apple Pay,4.44
PAS004636,Angela Baker,angelabaker@yahoo.com,+1-209-886-7539,2025-12-27,Chinatown,Credit Card,4.52
PAS004637,Jennifer Mejia,jennifer.mejia@aol.com,+1-209-890-8518,2024-04-30,Financial District,Cash,4.84
PAS004638,Kelly Schwartz,kschwartz@outlook.com,+1-415-820-8577,2025-12-08,Chinatown,Credit Card,4.44
PAS004639,Jack Burns,jackburns@icloud.com,+1-510-392-9576,2026-04-10,Castro,Credit Card,3.59
PAS004640,Brandon Bailey,brandon.bailey@aol.com,+1-209-842-5278,2026-01-12,Pacific Heights,PayPal,4.39
PAS004641,Janice Morrison,janice.morrison@icloud.com,+1-707-458-5607,2026-02-13,SOMA,Credit Card,4.48
PAS004642,Lori Carpenter,lori36@hotmail.com,+1-415-379-7111,2026-01-29,Berkeley,Credit Card,3.6
PAS004643,Carl Melendez,carl74@hotmail.com,+1-510-209-9610,2026-04-12,Chinatown,Debit Card,4.36
PAS004644,Marilyn Simpson,marilyn.simpson@outlook.com,+1-510-201-9573,2026-04-23,Oakland,Credit Card,3.97
PAS004645,Evelyn Gill,evelyn78@yahoo.com,+1-510-547-8100,2025-09-02,Pacific Heights,Apple Pay,4.65
PAS004646,Juan Short,juan.short@icloud.com,+1-209-896-3207,2026-02-13,Palo Alto,Debit Card,4.38
PAS004647,Gregory Cobb,gcobb@outlook.com,+1-707-441-9379,2026-01-05,San Jose,Cash,4.42
PAS004648,Austin Moreno,amoreno@icloud.com,+1-408-577-4110,2025-12-20,SOMA,Debit Card,4.93
PAS004649,Stephen Mcdowell,stephen.mcdowell@aol.com,+1-510-211-2939,2025-11-29,San Jose,Credit Card,4.48
PAS004650,Kelly Olson,kelly.o@icloud.com,+1-209-461-5668,2025-11-10,Haight-Ashbury,Apple Pay,4.38
PAS004651,Dylan Knight,dknight@icloud.com,+1-510-912-6651,2026-03-13,Oakland,Credit Card,4.61
PAS004652,Juan Cox,juan59@icloud.com,+1-510-930-1309,2026-01-16,North Beach,Credit Card,5.0
PAS004653,Richard Fuentes,richard44@hotmail.com,+1-510-813-7172,2026-01-11,Pacific Heights,Debit Card,4.38
PAS004654,Theresa Ferguson,theresa.ferguson@outlook.com,+1-831-266-1224,2026-04-23,Mission District,Credit Card,4.78
PAS004655,Jeremy Melendez,jeremy.m@hotmail.com,+1-650-527-3644,2026-03-03,Pacific Heights,Credit Card,4.83
PAS004656,Jose Pruitt,jose.p@yahoo.com,+1-415-591-5856,2026-04-29,Palo Alto,Apple Pay,4.47
PAS004657,Walter Santos,walter.s@gmail.com,+1-209-561-4155,2026-02-04,Castro,Cash,4.01
PAS004658,Harold Oconnor,harold.o@yahoo.com,+1-650-943-5476,2025-10-03,Marina,Debit Card,4.65
PAS004659,Frank Barrera,frank87@gmail.com,+1-408-395-4709,2026-03-26,Mission District,Credit Card,4.66
PAS004660,Kimberly Grimes,kimberly86@hotmail.com,+1-408-336-5009,2026-03-19,SOMA,Credit Card,4.44
PAS004661,Stephen Shepherd,stephenshepherd@hotmail.com,+1-707-326-7855,2026-02-14,Financial District,Credit Card,4.79
PAS004662,Jacqueline Dodson,jacquelinedodson@aol.com,+1-209-684-8895,2025-10-24,San Jose,Credit Card,4.83
PAS004663,Kenneth Cruz,kennethcruz@icloud.com,+1-209-323-9225,2026-01-23,Chinatown,Credit Card,4.18
PAS004664,Austin Colon,acolon@gmail.com,+1-831-941-7970,2026-04-30,Castro,Credit Card,4.34
PAS004665,Henry Schwartz,henry55@aol.com,+1-408-813-3659,2026-01-31,Chinatown,Credit Card,4.71
PAS004666,Eric Martin,eric36@outlook.com,+1-831-812-7577,2025-11-21,Pacific Heights,Credit Card,4.98
PAS004667,Amy Monroe,amy98@hotmail.com,+1-415-627-7439,2025-12-27,Chinatown,Credit Card,4.14
PAS004668,Jordan Buckley,jordanbuckley@hotmail.com,+1-408-365-9441,2026-01-24,Marina,Debit Card,4.71
PAS004669,Diane Mccullough,diane.mccullough@aol.com,+1-415-275-2606,2026-04-02,Oakland,Apple Pay,4.54
PAS004670,Lori Walls,loriwalls@gmail.com,+1-408-781-9905,2025-10-18,Berkeley,Credit Card,4.15
PAS004671,Edward Jackson,edward.jackson@aol.com,+1-415-562-8013,2026-02-03,Oakland,Credit Card,4.78
PAS004672,Diana Phelps,dianaphelps@aol.com,+1-408-749-8025,2025-11-20,Oakland,Credit Card,3.99
PAS004673,Ashley Cameron,ashley.cameron@icloud.com,+1-831-271-2770,2025-10-12,Mountain View,Cash,4.42
PAS004674,Gary Hartman,gary96@gmail.com,+1-831-806-6449,2025-12-24,Chinatown,Apple Pay,4.81
PAS004675,William Ayala,william.a@hotmail.com,+1-415-503-9093,2026-03-20,Mountain View,Debit Card,4.69
PAS004676,Walter Curtis,walter.curtis@yahoo.com,+1-510-724-9665,2026-03-12,Pacific Heights,Credit Card,4.28
PAS004677,Jesse Blankenship,jesse.blankenship@outlook.com,+1-408-386-3703,2026-02-21,Chinatown,Credit Card,4.92
PAS004678,Benjamin Cochran,benjamincochran@yahoo.com,+1-831-617-1080,2025-12-29,Palo Alto,PayPal,4.33
PAS004679,Melissa Carpenter,melissacarpenter@aol.com,+1-510-709-3192,2026-01-12,Mountain View,Credit Card,4.92
PAS004680,Margaret Wallace,margaretwallace@icloud.com,+1-510-453-1448,2025-10-04,Palo Alto,Debit Card,3.49
PAS004681,Olivia Roberson,olivia.roberson@yahoo.com,+1-209-287-1289,2026-01-26,Castro,Debit Card,4.85
PAS004682,Logan Ayers,logan21@outlook.com,+1-831-883-1840,2026-01-04,Berkeley,Credit Card,4.83
PAS004683,Christine Oconnor,christineoconnor@yahoo.com,+1-415-804-5187,2026-04-03,North Beach,Credit Card,4.49
PAS004684,Theresa Bullock,theresa.b@icloud.com,+1-707-943-5356,2026-04-25,Marina,Debit Card,4.93
PAS004685,Eric Acevedo,eric59@hotmail.com,+1-650-825-6311,2026-04-28,Pacific Heights,Debit Card,4.78
PAS004686,Julie Armstrong,juliearmstrong@yahoo.com,+1-408-210-1685,2026-01-14,Marina,Cash,4.73
PAS004687,Russell Davis,rdavis@gmail.com,+1-831-883-7635,2026-02-24,San Jose,Apple Pay,3.35
PAS004688,Joshua Valdez,joshuavaldez@hotmail.com,+1-408-962-1765,2025-12-16,Mission District,Debit Card,4.69
PAS004689,Steven Tillman,steven.tillman@icloud.com,+1-925-212-1063,2026-01-24,Mission District,Cash,4.5
PAS004690,Daniel Fernandez,daniel85@yahoo.com,+1-415-699-9235,2025-10-18,Mission District,PayPal,4.27
PAS004691,Janice Sweeney,janice94@gmail.com,+1-925-595-6700,2026-01-05,Haight-Ashbury,Credit Card,3.97
PAS004692,Henry Bond,hbond@gmail.com,+1-209-238-5271,2025-02-16,San Jose,Credit Card,4.79
PAS004693,Roy Valdez,rvaldez@yahoo.com,+1-209-920-7019,2026-04-12,Mission District,Debit Card,4.04
PAS004694,Angela Valdez,angelavaldez@hotmail.com,+1-707-959-5304,2026-03-02,Haight-Ashbury,Apple Pay,4.43
PAS004695,Amy Palmer,amypalmer@aol.com,+1-925-669-7628,2026-04-29,Haight-Ashbury,Debit Card,4.9
PAS004696,Elizabeth Reyes,ereyes@hotmail.com,+1-415-789-2494,2026-02-28,Oakland,Cash,4.77
PAS004697,Michelle Molina,michelle.m@yahoo.com,+1-707-768-2608,2026-03-04,Castro,Debit Card,4.96
PAS004698,Betty Brady,betty.b@hotmail.com,+1-925-258-1945,2026-04-29,Pacific Heights,Credit Card,4.1
PAS004699,Roger Church,roger61@outlook.com,+1-415-765-5096,2025-09-11,Haight-Ashbury,Credit Card,4.23
PAS004700,Arthur Espinoza,arthur44@icloud.com,+1-707-586-8648,2026-02-16,North Beach,Credit Card,3.85
PAS004701,Patrick Espinoza,patrick.espinoza@yahoo.com,+1-408-498-1283,2026-03-15,Downtown SF,Credit Card,4.96
PAS004702,Charles Casey,charlescasey@icloud.com,+1-415-500-1415,2025-12-02,Oakland,Credit Card,4.46
PAS004703,Daniel Davenport,ddavenport@outlook.com,+1-650-807-5428,2026-02-09,SOMA,Credit Card,4.7
PAS004704,Jennifer Perry,jennifer.perry@outlook.com,+1-650-995-4038,2026-03-23,Downtown SF,Cash,3.95
PAS004705,Beverly Brock,beverly38@yahoo.com,+1-650-225-9483,2026-01-20,Mountain View,Cash,4.69
PAS004706,Emily Brady,emily.b@icloud.com,+1-707-674-8463,2026-04-16,Berkeley,Debit Card,4.3
PAS004707,Gloria Henson,gloria37@gmail.com,+1-408-656-3442,2026-04-11,Marina,Credit Card,4.59
PAS004708,David Rich,david38@outlook.com,+1-510-852-4472,2025-09-16,Haight-Ashbury,Debit Card,4.17
PAS004709,Louis Reed,lreed@outlook.com,+1-925-791-9148,2026-04-20,Chinatown,Credit Card,4.37
PAS004710,Beverly Clay,beverly36@yahoo.com,+1-707-746-6222,2026-01-22,Palo Alto,Credit Card,4.69
PAS004711,Amy Lloyd,amy.l@icloud.com,+1-707-322-6159,2026-02-16,Pacific Heights,Credit Card,4.03
PAS004712,Anthony French,afrench@gmail.com,+1-925-445-9971,2026-03-30,North Beach,Debit Card,4.8
PAS004713,Steven Pratt,steven.pratt@icloud.com,+1-925-771-7625,2026-03-14,Berkeley,Credit Card,4.81
PAS004714,William Shields,william.shields@hotmail.com,+1-925-955-3526,2026-02-25,Castro,Apple Pay,4.16
PAS004715,Angela Turner,aturner@icloud.com,+1-408-454-9140,2025-12-31,Castro,Apple Pay,4.84
PAS004716,Olivia Knox,olivia.knox@gmail.com,+1-707-564-1274,2026-01-30,Chinatown,Credit Card,4.53
PAS004717,Marie Johnson,mariejohnson@icloud.com,+1-707-733-5723,2025-06-26,Castro,Credit Card,4.52
PAS004718,Anna Summers,anna10@aol.com,+1-650-817-7372,2025-12-21,Castro,Debit Card,4.35
PAS004719,Kathleen Hobbs,kathleen15@outlook.com,+1-831-942-9230,2026-01-08,Mountain View,Apple Pay,4.69
PAS004720,Jessica Meadows,jessica80@outlook.com,+1-408-520-1888,2026-04-16,Castro,Debit Card,4.59
PAS004721,Betty Hull,betty40@hotmail.com,+1-415-386-8500,2026-04-28,Castro,Credit Card,4.32
PAS004722,Patrick Estrada,pestrada@aol.com,+1-415-327-5520,2025-08-21,SOMA,Debit Card,4.87
PAS004723,Jesse Collier,jessecollier@aol.com,+1-408-638-5008,2026-02-07,Haight-Ashbury,Credit Card,4.53
PAS004724,Marie Sandoval,marie.sandoval@yahoo.com,+1-510-326-1472,2025-11-21,Pacific Heights,Debit Card,4.75
PAS004725,Raymond Mccormick,raymond.m@gmail.com,+1-925-598-1431,2026-04-06,Haight-Ashbury,Debit Card,3.66
PAS004726,Patrick Payne,patrick.p@yahoo.com,+1-415-835-7930,2026-02-19,Haight-Ashbury,Credit Card,3.69
PAS004727,Christina Peters,christina.p@gmail.com,+1-831-584-1882,2026-01-08,Castro,Debit Card,4.83
PAS004728,Philip Roberson,proberson@yahoo.com,+1-415-467-6878,2026-03-12,Castro,Debit Card,4.31
PAS004729,Brittany Roy,broy@yahoo.com,+1-408-397-2320,2025-09-09,Financial District,Credit Card,4.72
PAS004730,Bruce Alvarado,brucealvarado@aol.com,+1-510-935-1767,2026-04-16,Chinatown,Debit Card,4.46
PAS004731,Ashley Wallace,ashley.wallace@yahoo.com,+1-209-682-4132,2025-05-08,Mountain View,Apple Pay,4.41
PAS004732,Russell Velez,russell.velez@outlook.com,+1-209-772-9462,2025-09-29,Mission District,Apple Pay,4.69
PAS004733,Lawrence Small,lsmall@gmail.com,+1-831-594-8042,2025-12-18,Chinatown,Credit Card,4.71
PAS004734,Jane Trujillo,janetrujillo@yahoo.com,+1-510-643-6250,2026-04-17,Downtown SF,Credit Card,4.94
PAS004735,Jordan Mckee,jordanmckee@icloud.com,+1-510-879-3947,2025-12-20,North Beach,Credit Card,3.37
PAS004736,Emily Moran,emily.moran@gmail.com,+1-925-255-6897,2025-12-25,Pacific Heights,Apple Pay,4.59
PAS004737,Stephanie Mcknight,stephanie39@outlook.com,+1-925-689-5017,2025-12-14,Chinatown,Debit Card,4.33
PAS004738,Larry Hammond,larry85@yahoo.com,+1-209-382-7021,2026-04-02,Berkeley,Debit Card,4.65
PAS004739,Terry Wilson,terry21@yahoo.com,+1-707-733-5609,2026-04-18,Financial District,Apple Pay,4.84
PAS004740,Joyce Porter,joyce.porter@yahoo.com,+1-650-430-1578,2025-04-05,SOMA,Debit Card,4.56
PAS004741,John Patterson,johnpatterson@outlook.com,+1-831-261-2810,2026-04-21,North Beach,Credit Card,4.67
PAS004742,Ryan Trujillo,ryan55@aol.com,+1-707-572-6798,2026-04-01,Downtown SF,Credit Card,4.2
PAS004743,Raymond Jimenez,raymond.j@gmail.com,+1-209-892-7175,2025-09-06,Mountain View,PayPal,4.83
PAS004744,Lisa Poole,lpoole@outlook.com,+1-650-502-6008,2025-08-24,Marina,Credit Card,4.88
PAS004745,Joyce Sweeney,joyce.sweeney@hotmail.com,+1-510-288-1260,2026-02-22,Chinatown,Credit Card,4.5
PAS004746,David Cruz,davidcruz@aol.com,+1-831-482-2689,2025-11-28,Marina,Debit Card,4.82
PAS004747,Samuel Tanner,stanner@hotmail.com,+1-707-614-5356,2026-02-01,SOMA,Apple Pay,4.2
PAS004748,Virginia Crawford,virginia72@aol.com,+1-408-292-8260,2025-12-21,North Beach,Apple Pay,4.29
PAS004749,Ashley Blanchard,ashley.blanchard@hotmail.com,+1-408-652-3865,2025-12-27,Castro,Debit Card,3.87
PAS004750,Jose Bridges,josebridges@yahoo.com,+1-209-402-5216,2026-04-24,Marina,Debit Card,4.32
PAS004751,Brandon Bradshaw,brandon.b@gmail.com,+1-415-225-1507,2026-03-29,Mountain View,Apple Pay,4.17
PAS004752,Michael Robertson,michaelrobertson@gmail.com,+1-510-335-8360,2026-02-13,North Beach,Credit Card,3.84
PAS004753,Dennis Walker,dwalker@yahoo.com,+1-707-885-7069,2026-01-14,San Jose,Credit Card,4.34
PAS004754,Ethan Rivers,ethan70@hotmail.com,+1-510-299-3118,2026-04-26,Berkeley,PayPal,4.89
PAS004755,Keith Morton,keith74@yahoo.com,+1-510-695-3874,2025-11-26,San Jose,Debit Card,4.54
PAS004756,Walter Blake,walterblake@gmail.com,+1-925-256-5706,2025-08-23,Palo Alto,Cash,4.77
PAS004757,Cheryl Barron,cheryl.barron@yahoo.com,+1-831-691-2813,2025-12-14,Haight-Ashbury,PayPal,3.21
PAS004758,Sarah Morin,sarah.m@hotmail.com,+1-510-848-3502,2026-03-04,Haight-Ashbury,Credit Card,4.5
PAS004759,Jacob Chang,jacobchang@outlook.com,+1-925-288-6021,2026-04-12,Castro,Credit Card,4.89
PAS004760,Diana Bridges,diana.b@outlook.com,+1-408-983-4457,2024-11-08,Marina,Apple Pay,3.63
PAS004761,Barbara Mays,bmays@gmail.com,+1-408-726-3646,2025-12-14,Berkeley,Apple Pay,4.68
PAS004762,Stephen Rose,stephen.r@hotmail.com,+1-650-708-1974,2025-10-19,Pacific Heights,Credit Card,4.57
PAS004763,Amber Parrish,amberparrish@hotmail.com,+1-925-513-7387,2026-02-18,Mountain View,Debit Card,3.64
PAS004764,Rebecca Holloway,rholloway@hotmail.com,+1-209-463-8102,2025-12-28,Palo Alto,Credit Card,4.29
PAS004765,Gregory Ashley,gregoryashley@gmail.com,+1-510-214-2152,2026-01-10,San Jose,Credit Card,4.69
PAS004766,Virginia Medina,virginia.medina@aol.com,+1-510-559-6822,2026-03-31,Chinatown,Apple Pay,4.33
PAS004767,Harold Ramos,haroldramos@outlook.com,+1-831-593-1542,2025-12-06,Chinatown,PayPal,4.96
PAS004768,Willie Morse,williemorse@yahoo.com,+1-408-580-2656,2026-02-28,Mission District,Apple Pay,4.95
PAS004769,Amy Tanner,amy84@aol.com,+1-650-376-6286,2026-03-16,Berkeley,Debit Card,4.54
PAS004770,Shirley Woodward,shirley97@hotmail.com,+1-209-219-4424,2026-02-18,Mission District,Apple Pay,4.34
PAS004771,Ethan Wall,ethan.wall@gmail.com,+1-510-974-4515,2026-04-15,Palo Alto,Cash,4.56
PAS004772,Kenneth Simon,kenneth.simon@outlook.com,+1-408-258-9374,2025-07-02,Mission District,Credit Card,4.94
PAS004773,Justin Chavez,justinchavez@yahoo.com,+1-209-566-8179,2026-01-22,Pacific Heights,Credit Card,4.14
PAS004774,Tiffany Allison,tiffany97@hotmail.com,+1-510-652-4797,2026-01-01,San Jose,Credit Card,4.48
PAS004775,Logan Arnold,logan.arnold@outlook.com,+1-707-914-5296,2026-04-11,Palo Alto,Debit Card,4.53
PAS004776,Martha Vance,martha60@outlook.com,+1-510-580-2205,2025-03-11,Haight-Ashbury,Cash,4.49
PAS004777,Tyler Burnett,tyler.burnett@outlook.com,+1-650-771-7338,2026-01-19,Pacific Heights,Credit Card,4.19
PAS004778,Michelle Watson,mwatson@gmail.com,+1-510-691-2524,2026-04-05,Pacific Heights,Debit Card,4.81
PAS004779,Andrea Mason,andreamason@icloud.com,+1-925-538-4283,2026-03-07,Mission District,Credit Card,3.93
PAS004780,Arthur Bond,arthur.bond@outlook.com,+1-925-497-2613,2026-04-06,Chinatown,PayPal,3.93
PAS004781,Jane Taylor,jane52@gmail.com,+1-415-731-6327,2026-02-24,Berkeley,Credit Card,3.41
PAS004782,Laura Gentry,laura.g@hotmail.com,+1-650-219-8638,2026-04-27,San Jose,Credit Card,4.22
PAS004783,Amber Wiggins,amber.wiggins@aol.com,+1-415-844-8586,2026-04-25,Financial District,Credit Card,4.55
PAS004784,Sean Buckley,sean64@aol.com,+1-510-431-2649,2025-07-07,Mission District,Debit Card,4.48
PAS004785,Carl Walter,carl.w@outlook.com,+1-510-541-8334,2025-08-17,Mountain View,Credit Card,3.41
PAS004786,Eric Blanchard,eric.blanchard@outlook.com,+1-209-268-7940,2026-02-26,Mountain View,Debit Card,4.25
PAS004787,Samuel Mueller,samuel.mueller@aol.com,+1-831-640-9065,2026-03-28,San Jose,Debit Card,4.8
PAS004788,Marie Noble,marie.noble@aol.com,+1-831-763-3914,2025-11-01,Downtown SF,Credit Card,4.84
PAS004789,Stephanie Barron,stephaniebarron@aol.com,+1-707-679-5897,2026-02-16,San Jose,PayPal,4.68
PAS004790,Jessica Cooper,jessica53@aol.com,+1-510-882-7024,2025-11-08,Downtown SF,Cash,4.44
PAS004791,Aaron Leon,aaron.l@hotmail.com,+1-510-308-9900,2025-01-16,Chinatown,Cash,4.87
PAS004792,Logan Myers,lmyers@aol.com,+1-209-747-9026,2026-04-27,Marina,Credit Card,4.9
PAS004793,Anna Winters,anna.w@hotmail.com,+1-510-914-5135,2025-11-16,Financial District,Credit Card,3.73
PAS004794,Julie Wyatt,julie67@outlook.com,+1-510-912-7236,2026-04-10,Financial District,Apple Pay,4.38
PAS004795,Samantha Zimmerman,samanthazimmerman@yahoo.com,+1-510-405-5705,2026-03-11,SOMA,Cash,4.43
PAS004796,Alexis Gilmore,alexisgilmore@icloud.com,+1-831-801-6637,2026-01-18,North Beach,Cash,4.67
PAS004797,Matthew Richards,matthew.r@hotmail.com,+1-209-222-1744,2025-12-10,Mission District,Apple Pay,4.69
PAS004798,Adam Pugh,adam47@gmail.com,+1-650-372-5438,2026-01-30,Mountain View,Credit Card,3.84
PAS004799,Rose Rogers,roserogers@icloud.com,+1-209-748-4098,2025-04-25,Downtown SF,Credit Card,4.22
PAS004800,Stephanie Mercado,stephanie24@aol.com,+1-209-601-1841,2026-03-17,Pacific Heights,Credit Card,4.8
PAS004801,James William,jameswilliam@aol.com,+1-831-347-3629,2026-04-03,SOMA,Credit Card,4.65
PAS004802,Rachel Ashley,rachelashley@outlook.com,+1-831-372-2946,2026-01-22,Palo Alto,Credit Card,4.28
PAS004803,Mary Mcconnell,mary80@yahoo.com,+1-650-932-8288,2026-03-29,SOMA,Credit Card,4.5
PAS004804,Nathan Fernandez,nfernandez@outlook.com,+1-209-577-5492,2025-11-07,Mountain View,Credit Card,4.91
PAS004805,Dylan Yates,dylan11@icloud.com,+1-209-419-1271,2025-02-02,Marina,PayPal,4.34
PAS004806,Kyle Barton,kylebarton@outlook.com,+1-925-583-1995,2026-04-14,Chinatown,PayPal,4.79
PAS004807,Howard Villarreal,howard.villarreal@aol.com,+1-831-774-3273,2025-09-12,Financial District,Credit Card,3.97
PAS004808,Eric Villarreal,evillarreal@gmail.com,+1-925-792-7877,2025-10-27,North Beach,Credit Card,4.47
PAS004809,Joshua Nolan,joshuanolan@outlook.com,+1-510-798-2151,2026-04-23,Haight-Ashbury,Credit Card,4.26
PAS004810,Jason Robles,jason.r@icloud.com,+1-415-236-5413,2025-10-11,San Jose,PayPal,4.93
PAS004811,Zachary Webb,zacharywebb@aol.com,+1-650-418-8253,2025-12-30,Financial District,Credit Card,4.32
PAS004812,Walter Williams,wwilliams@outlook.com,+1-415-270-6177,2025-11-05,Oakland,Debit Card,4.59
PAS004813,Carol Brock,carolbrock@hotmail.com,+1-925-454-2429,2026-01-04,Downtown SF,Cash,4.28
PAS004814,Steven Hebert,stevenhebert@yahoo.com,+1-510-222-4519,2024-06-26,Haight-Ashbury,Credit Card,4.14
PAS004815,Ethan Melendez,ethan.melendez@gmail.com,+1-650-947-6581,2026-03-31,Palo Alto,Credit Card,4.57
PAS004816,Ethan Barrera,ethanbarrera@outlook.com,+1-415-803-9436,2026-02-25,Marina,Credit Card,4.46
PAS004817,Margaret Leon,margaret.l@gmail.com,+1-408-995-5563,2026-04-17,Marina,Debit Card,4.81
PAS004818,Linda Rich,linda23@icloud.com,+1-408-242-6415,2026-03-23,Berkeley,Debit Card,4.49
PAS004819,Brandon Wilkerson,brandon.w@yahoo.com,+1-209-852-6867,2025-10-27,Oakland,Debit Card,4.15
PAS004820,Denise Rivers,denise.r@hotmail.com,+1-510-809-9081,2025-08-08,Pacific Heights,Credit Card,4.61
PAS004821,Martha Dodson,martha97@outlook.com,+1-209-464-9958,2026-04-15,Mountain View,Credit Card,4.48
PAS004822,Michelle Rose,michellerose@icloud.com,+1-831-460-3704,2024-08-27,Palo Alto,Credit Card,3.99
PAS004823,Christine Rodriguez,crodriguez@hotmail.com,+1-209-295-8952,2026-04-26,Pacific Heights,Credit Card,4.89
PAS004824,Emily Oneal,emily.o@icloud.com,+1-925-254-7672,2025-08-22,Haight-Ashbury,Cash,4.49
PAS004825,Nancy Crawford,nancy44@gmail.com,+1-510-271-8093,2025-12-22,Oakland,Credit Card,4.69
PAS004826,Elizabeth Sullivan,elizabeth30@aol.com,+1-510-767-2721,2026-02-16,Mission District,Credit Card,4.86
PAS004827,Roy Contreras,rcontreras@outlook.com,+1-650-957-2658,2026-03-16,Downtown SF,Debit Card,4.7
PAS004828,Madison Mcclain,madisonmcclain@outlook.com,+1-650-294-7171,2026-01-09,Chinatown,Credit Card,3.77
PAS004829,Anna Hardin,anna.hardin@yahoo.com,+1-415-588-4193,2026-04-05,Mission District,Apple Pay,3.9
PAS004830,Helen Bailey,helen.b@yahoo.com,+1-925-463-4512,2026-02-25,SOMA,PayPal,3.68
PAS004831,Madison Davenport,madison.davenport@aol.com,+1-707-646-9701,2026-03-18,Berkeley,Credit Card,4.49
PAS004832,Heather Klein,heather.k@outlook.com,+1-510-924-9053,2026-04-05,SOMA,Debit Card,4.32
PAS004833,Howard Padilla,howardpadilla@outlook.com,+1-408-269-9598,2026-01-26,Palo Alto,Credit Card,4.07
PAS004834,Carl Herman,carl.herman@outlook.com,+1-415-516-5378,2025-07-28,Haight-Ashbury,Credit Card,4.38
PAS004835,Andrew Jackson,ajackson@hotmail.com,+1-925-949-6797,2025-04-20,North Beach,Credit Card,4.69
PAS004836,Christopher Finley,christopher.finley@aol.com,+1-831-896-8813,2025-11-02,Marina,Credit Card,4.11
PAS004837,Larry Guzman,larry.guzman@hotmail.com,+1-650-293-2626,2025-10-27,Pacific Heights,PayPal,4.22
PAS004838,Michael Campos,michael.c@gmail.com,+1-408-647-7232,2025-12-29,Palo Alto,Credit Card,4.48
PAS004839,Helen Buck,helen.b@gmail.com,+1-209-258-4140,2025-09-13,Chinatown,Cash,4.86
PAS004840,Jeffrey Kerr,jeffreykerr@outlook.com,+1-510-964-4607,2026-01-31,Berkeley,Debit Card,3.56
PAS004841,Shirley Henry,shenry@gmail.com,+1-831-883-5871,2025-12-26,Oakland,Debit Card,4.65
PAS004842,Lori Solis,lorisolis@yahoo.com,+1-707-911-8292,2026-01-09,San Jose,Apple Pay,4.7
PAS004843,Johnny Jenkins,johnny63@gmail.com,+1-415-486-9208,2026-04-12,Mountain View,PayPal,3.46
PAS004844,Randy Giles,randygiles@hotmail.com,+1-510-472-4638,2025-07-23,Oakland,Credit Card,4.31
PAS004845,Brenda Vazquez,brenda64@outlook.com,+1-831-423-8882,2026-01-09,Mission District,Debit Card,4.45
PAS004846,Keith Rivera,keithrivera@aol.com,+1-415-594-4397,2025-11-13,Marina,PayPal,4.35
PAS004847,Alexander English,alexander.e@icloud.com,+1-209-834-5475,2026-02-14,Financial District,Debit Card,4.44
PAS004848,Megan Huff,mhuff@hotmail.com,+1-831-487-7204,2026-01-26,Oakland,Credit Card,3.79
PAS004849,Adam Strong,astrong@outlook.com,+1-925-788-2520,2025-12-14,Marina,Cash,4.55
PAS004850,Nicole Juarez,njuarez@icloud.com,+1-925-212-4481,2025-11-05,SOMA,Debit Card,3.79
PAS004851,Nicole Vargas,nicole.vargas@outlook.com,+1-925-960-6785,2026-03-17,Marina,PayPal,4.48
PAS004852,Olivia Fernandez,olivia96@aol.com,+1-925-907-3182,2026-03-18,Mission District,PayPal,3.93
PAS004853,Brandon Mathews,brandon.mathews@gmail.com,+1-925-785-9416,2026-03-26,Marina,Credit Card,4.46
PAS004854,Benjamin Hebert,benjamin.hebert@hotmail.com,+1-510-982-4144,2026-02-19,Haight-Ashbury,Credit Card,4.51
PAS004855,Janet Richardson,jrichardson@icloud.com,+1-415-530-2402,2025-11-03,Chinatown,Apple Pay,4.25
PAS004856,Ryan Orr,ryan62@yahoo.com,+1-209-790-1543,2026-04-18,Downtown SF,Debit Card,4.92
PAS004857,Samuel York,samuelyork@hotmail.com,+1-510-217-9895,2026-02-14,Downtown SF,Cash,4.15
PAS004858,Jacqueline Hood,jacqueline.h@hotmail.com,+1-415-873-4467,2026-01-21,Castro,PayPal,4.75
PAS004859,Anna Morrow,annamorrow@outlook.com,+1-925-238-3060,2026-02-18,Berkeley,Credit Card,3.87
PAS004860,Ralph Meadows,ralphmeadows@aol.com,+1-650-904-1714,2025-06-20,Oakland,Debit Card,4.93
PAS004861,Kathryn Branch,kathryn.b@hotmail.com,+1-415-395-2632,2026-03-11,SOMA,PayPal,4.52
PAS004862,Ashley Jenkins,ashley56@icloud.com,+1-707-788-7035,2025-10-12,Financial District,Credit Card,3.72
PAS004863,Ethan Fox,ethan.fox@icloud.com,+1-209-313-8100,2025-11-25,Haight-Ashbury,Apple Pay,4.61
PAS004864,Gregory Roberson,groberson@gmail.com,+1-510-758-2413,2025-09-30,Mission District,Credit Card,4.37
PAS004865,Diana Guerra,dianaguerra@yahoo.com,+1-415-886-5077,2025-12-20,SOMA,Credit Card,4.62
PAS004866,Marie Cochran,marie.c@yahoo.com,+1-831-272-5701,2026-01-19,Pacific Heights,Credit Card,4.71
PAS004867,Ralph Cardenas,rcardenas@icloud.com,+1-650-272-7855,2025-12-11,Castro,Debit Card,4.41
PAS004868,Christopher Abbott,christopher.abbott@gmail.com,+1-510-501-7691,2024-04-30,Chinatown,Credit Card,4.88
PAS004869,Jacqueline Schmidt,jacqueline.schmidt@gmail.com,+1-209-440-8835,2026-03-31,Downtown SF,PayPal,4.35
PAS004870,Brian Bryant,brianbryant@icloud.com,+1-925-558-1681,2025-09-24,Palo Alto,Credit Card,4.97
PAS004871,Timothy Roman,timothy.r@icloud.com,+1-831-672-4664,2026-04-24,Mission District,Cash,4.53
PAS004872,Ronald Pittman,ronaldpittman@gmail.com,+1-408-997-2220,2026-04-17,Berkeley,Credit Card,4.71
PAS004873,Melissa Park,melissa35@aol.com,+1-831-588-7360,2026-02-20,SOMA,Debit Card,4.59
PAS004874,Bryan Jordan,bjordan@yahoo.com,+1-510-542-4719,2025-12-31,Financial District,Credit Card,4.76
PAS004875,Stephen Paul,spaul@gmail.com,+1-510-498-7866,2026-03-07,Berkeley,Cash,4.42
PAS004876,Mark Ford,mark11@aol.com,+1-925-810-5610,2026-04-28,Pacific Heights,Apple Pay,4.43
PAS004877,Evelyn Morrow,evelyn.m@yahoo.com,+1-831-263-1456,2026-02-25,North Beach,Debit Card,4.91
PAS004878,Emma Villarreal,emmavillarreal@aol.com,+1-408-578-4859,2026-04-20,Marina,Credit Card,4.85
PAS004879,Marie Reid,marie.r@hotmail.com,+1-510-653-6736,2025-07-22,Mission District,Debit Card,4.58
PAS004880,Keith Allen,keith.allen@outlook.com,+1-707-595-7021,2025-12-02,Chinatown,PayPal,4.86
PAS004881,Andrew Underwood,andrew51@icloud.com,+1-408-718-7976,2026-04-14,Chinatown,Apple Pay,3.76
PAS004882,Philip Anthony,philipanthony@yahoo.com,+1-707-985-9539,2025-05-26,North Beach,Credit Card,4.02
PAS004883,Billy Williams,billy.williams@outlook.com,+1-408-242-2013,2026-01-18,North Beach,Apple Pay,4.05
PAS004884,Steven Hatfield,steven.h@hotmail.com,+1-831-454-7336,2026-03-22,Haight-Ashbury,Credit Card,4.8
PAS004885,Julie Navarro,julie.navarro@yahoo.com,+1-831-966-3924,2025-10-26,Berkeley,Debit Card,4.68
PAS004886,Terry Short,terryshort@icloud.com,+1-209-542-6042,2025-09-30,North Beach,Debit Card,3.86
PAS004887,Jennifer Wallace,jennifer.wallace@yahoo.com,+1-510-494-4225,2026-04-24,Palo Alto,Debit Card,4.69
PAS004888,Tiffany Gates,tiffanygates@icloud.com,+1-408-783-5252,2026-03-02,SOMA,Credit Card,4.08
PAS004889,Joan Rose,joanrose@icloud.com,+1-510-986-6754,2026-04-04,Mountain View,Debit Card,4.08
PAS004890,Henry Flynn,hflynn@gmail.com,+1-925-255-3877,2026-01-04,Chinatown,Cash,4.48
PAS004891,Willie Pruitt,willie46@outlook.com,+1-209-219-7301,2026-04-01,Pacific Heights,Credit Card,4.59
PAS004892,Sean Chavez,seanchavez@hotmail.com,+1-209-735-3596,2026-01-23,Financial District,Cash,4.7
PAS004893,Jesse Gordon,jesse44@yahoo.com,+1-408-532-1727,2026-01-10,Haight-Ashbury,Debit Card,4.61
PAS004894,Marie Mccall,mariemccall@icloud.com,+1-408-804-4652,2026-02-24,Oakland,Credit Card,4.14
PAS004895,Danielle Lang,dlang@aol.com,+1-650-632-4216,2026-04-24,Chinatown,Debit Card,4.52
PAS004896,Randy Guzman,randy.g@gmail.com,+1-650-799-5844,2026-02-21,North Beach,PayPal,3.7
PAS004897,Ralph Farrell,rfarrell@hotmail.com,+1-707-462-6896,2026-02-15,Haight-Ashbury,Credit Card,4.35
PAS004898,Kimberly Taylor,kimberly.taylor@aol.com,+1-831-716-7316,2025-12-25,Castro,Apple Pay,4.75
PAS004899,Madison Stephens,madison.s@icloud.com,+1-925-728-2867,2026-01-28,Palo Alto,Credit Card,4.53
PAS004900,Rose Meyer,rmeyer@hotmail.com,+1-707-491-9514,2026-04-24,Palo Alto,Apple Pay,3.66
PAS004901,Kimberly Blankenship,kimberly.blankenship@icloud.com,+1-707-818-2321,2026-03-31,Oakland,Debit Card,4.82
PAS004902,Ashley Mcintyre,ashley85@gmail.com,+1-408-608-5874,2025-10-23,Pacific Heights,PayPal,3.64
PAS004903,Kathryn Parrish,kathrynparrish@icloud.com,+1-510-322-9886,2026-03-26,Chinatown,Credit Card,3.33
PAS004904,Larry Park,larry.park@hotmail.com,+1-209-998-1031,2026-04-16,Chinatown,Credit Card,4.0
PAS004905,Amanda Santos,amanda.s@outlook.com,+1-510-683-3345,2026-02-06,Castro,Cash,3.48
PAS004906,Gloria Bradshaw,gloria.b@hotmail.com,+1-925-950-3795,2026-02-26,North Beach,Apple Pay,4.46
PAS004907,Donald Rollins,donald.rollins@hotmail.com,+1-707-533-2499,2025-10-17,SOMA,Apple Pay,4.47
PAS004908,Sean Meadows,sean82@gmail.com,+1-650-311-8821,2026-04-05,Mountain View,PayPal,4.96
PAS004909,Brandon Salas,bsalas@hotmail.com,+1-831-968-4754,2025-02-11,Haight-Ashbury,PayPal,4.7
PAS004910,Debra Gibson,debragibson@outlook.com,+1-415-510-8515,2026-03-10,Downtown SF,Credit Card,4.26
PAS004911,Tiffany Hicks,thicks@gmail.com,+1-650-571-1370,2026-02-02,Haight-Ashbury,Credit Card,3.3
PAS004912,Roger Weaver,rogerweaver@gmail.com,+1-408-576-9427,2025-11-24,Mission District,PayPal,4.21
PAS004913,Marie Mccoy,mmccoy@icloud.com,+1-707-284-8086,2026-01-29,Oakland,Debit Card,4.45
PAS004914,George Gibbs,georgegibbs@hotmail.com,+1-415-574-6933,2025-08-13,Chinatown,Credit Card,4.58
PAS004915,Arthur Callahan,arthurcallahan@hotmail.com,+1-510-781-9402,2026-01-04,San Jose,Debit Card,4.03
PAS004916,Terry Patrick,terrypatrick@yahoo.com,+1-650-826-8190,2025-12-30,North Beach,Cash,4.38
PAS004917,William Nichols,william.n@icloud.com,+1-925-563-6237,2026-04-15,Mountain View,Cash,4.0
PAS004918,Benjamin Christensen,benjaminchristensen@gmail.com,+1-707-501-9224,2026-03-17,Berkeley,Debit Card,4.12
PAS004919,Evelyn Schmidt,evelyn.schmidt@yahoo.com,+1-831-658-4904,2026-04-06,Marina,Credit Card,4.78
PAS004920,Albert Hodge,alberthodge@outlook.com,+1-415-847-8019,2025-08-04,Berkeley,Debit Card,3.19
PAS004921,Sharon Webb,sharon.webb@gmail.com,+1-510-651-2401,2025-11-20,Financial District,Apple Pay,4.74
PAS004922,Louis Richard,lrichard@outlook.com,+1-408-335-7130,2026-03-13,Oakland,Apple Pay,4.39
PAS004923,Donald Hancock,donaldhancock@gmail.com,+1-707-907-7932,2026-02-10,Oakland,Credit Card,4.34
PAS004924,Cheryl Sherman,csherman@yahoo.com,+1-209-489-9050,2025-12-29,Downtown SF,Apple Pay,4.91
PAS004925,Jacob Acevedo,jacobacevedo@outlook.com,+1-831-449-9462,2025-11-28,Haight-Ashbury,PayPal,4.97
PAS004926,Alan Edwards,aedwards@aol.com,+1-209-319-8477,2026-04-02,Castro,Apple Pay,4.75
PAS004927,Keith Paul,keith12@yahoo.com,+1-510-744-7661,2026-04-03,Castro,Credit Card,4.92
PAS004928,Marie Lamb,marielamb@icloud.com,+1-209-599-3017,2026-02-22,North Beach,Debit Card,3.92
PAS004929,Kenneth Salinas,ksalinas@gmail.com,+1-415-451-5818,2025-10-12,Mission District,Credit Card,4.47
PAS004930,James Kirk,james.k@yahoo.com,+1-209-228-4860,2025-12-19,Castro,Credit Card,3.88
PAS004931,Daniel Booker,daniel.b@icloud.com,+1-925-887-8289,2026-01-28,Pacific Heights,PayPal,4.6
PAS004932,Gregory Taylor,gregory.t@outlook.com,+1-415-637-5380,2025-10-16,Oakland,PayPal,4.52
PAS004933,Eric Turner,eturner@aol.com,+1-510-855-3844,2026-03-14,Oakland,Apple Pay,4.46
PAS004934,Samuel Rios,srios@gmail.com,+1-510-532-6383,2025-11-29,Oakland,Cash,3.77
PAS004935,Christine Nichols,christine.nichols@yahoo.com,+1-209-773-4022,2026-03-30,Downtown SF,PayPal,4.81
PAS004936,Sandra Sawyer,sandra.sawyer@gmail.com,+1-408-230-9420,2026-04-23,Oakland,PayPal,3.73
PAS004937,Ryan Maddox,ryanmaddox@gmail.com,+1-510-986-8104,2026-03-05,Oakland,Debit Card,4.83
PAS004938,Joe Barton,joe.barton@hotmail.com,+1-650-350-4360,2026-03-10,Pacific Heights,Apple Pay,4.3
PAS004939,Katherine Collins,katherine.c@outlook.com,+1-415-903-8868,2026-04-28,San Jose,Credit Card,4.88
PAS004940,Karen Johnston,kjohnston@outlook.com,+1-209-212-2008,2026-04-03,Haight-Ashbury,Credit Card,4.84
PAS004941,Emma Hernandez,emma.hernandez@hotmail.com,+1-415-928-7877,2026-04-20,Pacific Heights,Credit Card,4.72
PAS004942,Linda Cochran,linda.cochran@icloud.com,+1-408-382-5513,2026-02-04,Downtown SF,Debit Card,4.45
PAS004943,Ralph Jenkins,ralph94@aol.com,+1-925-241-8443,2026-03-01,Financial District,Credit Card,4.77
PAS004944,Jennifer Colon,jennifer.c@icloud.com,+1-408-528-4688,2026-03-05,Mission District,PayPal,4.43
PAS004945,Kyle Dunn,kyle28@outlook.com,+1-510-559-6870,2026-01-31,SOMA,Apple Pay,4.26
PAS004946,Michelle Zimmerman,michelle.zimmerman@gmail.com,+1-408-466-2293,2025-07-30,Pacific Heights,Debit Card,4.89
PAS004947,Julia Henderson,jhenderson@aol.com,+1-650-593-7060,2026-04-24,Chinatown,Debit Card,4.46
PAS004948,Ralph Pena,ralphpena@outlook.com,+1-408-749-4353,2026-01-24,Palo Alto,Credit Card,4.99
PAS004949,Emily Buchanan,ebuchanan@icloud.com,+1-707-617-1440,2026-04-24,Berkeley,Credit Card,3.63
PAS004950,Jose Knapp,jose44@outlook.com,+1-925-649-1846,2025-10-11,Financial District,Cash,4.55
PAS004951,Sharon James,sharon89@outlook.com,+1-831-538-2699,2026-02-14,SOMA,PayPal,4.88
PAS004952,Rose Newton,rose86@hotmail.com,+1-925-831-4566,2026-04-13,Downtown SF,PayPal,4.1
PAS004953,Noah Morton,noah.m@hotmail.com,+1-707-665-9228,2026-03-21,Pacific Heights,Cash,4.18
PAS004954,Nicholas Mcknight,nicholas.mcknight@aol.com,+1-650-968-4831,2026-03-26,Downtown SF,Credit Card,3.67
PAS004955,Jeremy Gallegos,jeremy24@aol.com,+1-831-537-1518,2025-12-28,Oakland,Credit Card,3.84
PAS004956,Juan Crawford,jcrawford@gmail.com,+1-510-278-9317,2025-12-29,Marina,Cash,3.57
PAS004957,Joan Grimes,joan.grimes@gmail.com,+1-510-759-9842,2026-01-25,Mission District,Debit Card,4.31
PAS004958,Marie Yates,myates@icloud.com,+1-415-315-2815,2025-11-29,Downtown SF,Credit Card,3.47
PAS004959,Larry Johns,larry.j@aol.com,+1-925-483-5145,2026-04-29,Pacific Heights,Credit Card,4.84
PAS004960,Benjamin Estrada,benjaminestrada@hotmail.com,+1-831-681-3193,2026-04-19,Mission District,PayPal,4.73
PAS004961,Marie Ortiz,marie82@gmail.com,+1-510-207-5465,2026-02-27,Castro,Cash,4.46
PAS004962,Emily Castro,emily61@icloud.com,+1-650-272-7661,2026-04-12,Castro,Credit Card,4.79
PAS004963,Carolyn Castillo,ccastillo@yahoo.com,+1-415-200-1112,2025-12-20,Chinatown,Debit Card,4.22
PAS004964,Gloria Mckee,gmckee@aol.com,+1-831-505-2749,2026-03-29,Pacific Heights,Credit Card,4.2
PAS004965,Kathleen Blackwell,kathleenblackwell@yahoo.com,+1-650-719-7040,2026-03-16,Castro,Cash,4.18
PAS004966,Kelly Best,kellybest@gmail.com,+1-925-777-4795,2024-12-31,Castro,Apple Pay,3.27
PAS004967,Pamela Bartlett,pamela.bartlett@aol.com,+1-415-938-9065,2026-04-01,Marina,Apple Pay,4.9
PAS004968,Andrew Campos,andrew.campos@icloud.com,+1-415-442-8332,2026-01-06,North Beach,Credit Card,4.56
PAS004969,Evelyn Casey,evelyn.casey@gmail.com,+1-650-526-4165,2025-11-03,San Jose,Credit Card,3.87
PAS004970,Kyle Valdez,kyle.v@yahoo.com,+1-408-538-9909,2025-09-09,Castro,Cash,4.64
PAS004971,Sandra Summers,sandra.summers@aol.com,+1-925-788-5490,2025-12-25,Downtown SF,Credit Card,4.64
PAS004972,Alan Thompson,alan73@outlook.com,+1-209-337-4724,2026-02-10,Financial District,Debit Card,4.44
PAS004973,Judith Cardenas,judith.c@gmail.com,+1-510-737-9271,2026-03-21,SOMA,Cash,4.47
PAS004974,Matthew Gomez,mgomez@aol.com,+1-415-531-6955,2026-01-11,Mountain View,Credit Card,4.85
PAS004975,Samantha Foley,sfoley@gmail.com,+1-925-347-7038,2026-04-27,Marina,Apple Pay,4.02
PAS004976,Marie Calhoun,mcalhoun@icloud.com,+1-831-689-5089,2026-04-29,SOMA,Cash,4.06
PAS004977,Virginia Saunders,vsaunders@outlook.com,+1-415-697-1124,2024-04-30,SOMA,Apple Pay,4.34
PAS004978,Austin Sanford,austinsanford@outlook.com,+1-650-414-1466,2025-07-13,Castro,Credit Card,4.37
PAS004979,Kyle Griffin,kyle.griffin@outlook.com,+1-831-384-7298,2025-09-20,Oakland,Credit Card,4.93
PAS004980,Jerry Lara,jerrylara@outlook.com,+1-408-471-3770,2026-04-18,Chinatown,Debit Card,4.82
PAS004981,Arthur Morales,arthur93@yahoo.com,+1-831-755-6318,2025-02-22,Berkeley,Credit Card,4.6
PAS004982,Alexis French,afrench@gmail.com,+1-831-718-9635,2026-02-22,Financial District,Credit Card,4.06
PAS004983,Frank Weiss,frank.w@yahoo.com,+1-650-272-2263,2026-01-19,Oakland,Apple Pay,4.86
PAS004984,Amy Rios,amy.rios@hotmail.com,+1-925-329-2555,2025-11-13,North Beach,PayPal,4.51
PAS004985,Bryan Lamb,bryan36@aol.com,+1-707-626-5124,2026-03-10,Palo Alto,Apple Pay,4.51
PAS004986,Rachel Thomas,rachel46@outlook.com,+1-650-464-1406,2025-10-04,Palo Alto,Credit Card,4.2
PAS004987,Ethan Jefferson,ethan97@gmail.com,+1-831-420-2502,2025-12-04,Haight-Ashbury,Credit Card,4.17
PAS004988,Emily Valdez,emily59@gmail.com,+1-209-256-1870,2026-03-24,Downtown SF,PayPal,4.15
PAS004989,Jeffrey Pena,jeffrey.p@gmail.com,+1-925-651-5354,2026-04-24,San Jose,Apple Pay,4.83
PAS004990,Steven Griffin,steven.griffin@outlook.com,+1-831-221-7142,2026-03-11,Palo Alto,PayPal,4.57
PAS004991,Juan Roth,juan.r@hotmail.com,+1-831-807-1105,2026-01-01,San Jose,Credit Card,3.97
PAS004992,Kimberly Middleton,kimberly.m@gmail.com,+1-209-253-9205,2026-03-08,Mountain View,Debit Card,3.69
PAS004993,Martha Farrell,mfarrell@yahoo.com,+1-925-353-2016,2025-12-30,North Beach,Credit Card,4.1
PAS004994,Frank Wheeler,frank.w@aol.com,+1-209-673-3390,2026-03-04,SOMA,Credit Card,4.87
PAS004995,Maria Moon,mmoon@outlook.com,+1-408-485-6162,2026-03-13,Mountain View,Apple Pay,4.57
PAS004996,Teresa Booth,teresa.booth@aol.com,+1-707-931-1586,2026-01-08,Downtown SF,Credit Card,4.66
PAS004997,Sara Wolf,sara81@hotmail.com,+1-510-928-5771,2025-12-27,Berkeley,Credit Card,4.8
PAS004998,Heather Pitts,hpitts@outlook.com,+1-650-313-3342,2026-01-02,North Beach,Debit Card,4.35
PAS004999,Thomas Mays,thomasmays@outlook.com,+1-510-694-3008,2026-03-20,Chinatown,Credit Card,4.92
PAS005000,Victoria Guerra,victoria.g@outlook.com,+1-408-915-8775,2026-01-15,SOMA,Debit Card,4.59
